source_id,author,title,source_type,passages,words,non_word_rate,header_passages,top_offenders
jw-letter-1751-13-to-the-rector-and-fellows-of-lincoln-college,john-wesley,13 To The Rector And Fellows Of Lincoln College,letter,1,101,0.3663,0,ac:2; Collegii:1; Lincolniensis:1; Academia:1; Oxoniensi:1; Sodus:1; quicquid:1; mihi:1; juris:1; est:1; praedicta:1; Societate:1; ejusdem:1; Rectori:1; Sociis:1; sponte:1; libere:1; resigno:1; Ills:1; universis:1
jw-letter-1777-33-to-mr-bredin-at-mr-john-fitzhenrys,john-wesley,33 To Mr Bredin At Mr John Fitzhenrys,letter,1,12,0.25,0,Fitzhenry's:1; Bollimore:1; Goree:1
jw-letter-1789a-06-to-mrs-tighe-at-woodstock,john-wesley,A 06 To Mrs Tighe At Woodstock,letter,1,8,0.25,0,Woodstock:1; Innistoyne:1
jw-letter-1736-02-to-count-zinzendorf,john-wesley,02 To Count Zinzendorf,letter,1,344,0.2326,0,meis:2; tuis:2; Blut:2; Graviora:1; negotia:1; literis:1; interpellare:1; auderem:1; nisi:1; crederem:1; illius:1; esse:1; discipulum:1; ardens:1; extingui:1; vult:1; neque:1; calamum:1; quassatum:1; confringi:1
jw-letter-1779-26-to-mr-carlill-at-mr-morriss,john-wesley,26 To Mr Carlill At Mr Morriss,letter,1,9,0.2222,0,Morris's:1; Withey:1
jw-letter-1786a-06-to-mr-sam-mitchell-of-maguiresbridge,john-wesley,A 06 To Mr Sam Mitchell Of Maguiresbridge,letter,1,9,0.2222,0,Maguiresbridge:1; Lisnaskea:1
jw-letter-1781a-26-to-mr-bredin-at-mr-danl-keelings,john-wesley,A 26 To Mr Bredin At Mr Danl Keelings,letter,1,10,0.2,0,Danl:1; Keeling's:1
jw-letter-1784a-06-to-the-rev-walter-sellon-at-ledsham,john-wesley,A 06 To The Rev Walter Sellon At Ledsham,letter,1,10,0.2,0,Ledsham:1; Ferrybridge:1
jw-letter-1786b-06-to-mr-torry,john-wesley,B 06 To Mr Torry,letter,1,233,0.1502,0,Torry:1; staying:1; Shorley:1; Wo'thering:1; Remswell:1; Paterington:1; Gilberdike:1; Laxton:1; Esterington:1; Newbold:1; Theton:1; Skitby:1; Cottingham:1; Newland:1; Hasel:1; Grimston:1; Acklam:1; Bugthorp:1; Fankioss:1; Assalby:1
jw-letter-1787-07-to-mr-arthur-keene,john-wesley,07 To Mr Arthur Keene,letter,1,7,0.1429,0,Ranelagh:1
jw-letter-1778-54-to-mr-john-tooelm-at-mr-treffs,john-wesley,54 To Mr John Tooelm At Mr Treffs,letter,1,15,0.1333,0,Tooelm:1; Treffs:1
jw-letter-1781b-33-to-mr-fisher-at-187-opposite,john-wesley,B 33 To Mr Fisher At 187 Opposite,letter,1,8,0.125,0,Campbell's:1
jw-letter-1784b-28-to-miss-chapman-at-wailington,john-wesley,B 28 To Miss Chapman At Wailington,letter,1,8,0.125,0,Wailington:1
jw-letter-1785b-31-to-mrs-fletcher-at-madeley,john-wesley,B 31 To Mrs Fletcher At Madeley,letter,1,8,0.125,0,Skifinal:1
jw-letter-1787-17-to-miss-padbury-at-witflebury,john-wesley,17 To Miss Padbury At Witflebury,letter,1,8,0.125,0,Witflebury:1
jw-primitive-physick,john-wesley,"Primitive Physick (14th ed., 1770)",treatise,102,26063,0.114,0,cures:63; cured:62; ofthe:48; powder'd:46; dipt:30; fhould:29; fpoonful:27; bruifed:25; fails:23; fome:22; alfo:21; feldom:19; changing:19; fafting:18; fmall:16; ofWater:16; poffible:14; ftrong:14; fuch:13; boil'd:13
cw-002-zeal,charles-wesley,002 Zeal,hymn,1,396,0.1111,0,fires:2; sheds:2; Untouch'd:1; exults:1; aspires:1; embraces:1; breasts:1; learns:1; darted:1; chearing:1; diffus'd:1; returns:1; enthusiast's:1; skreen:1; draws:1; fanatick's:1; schemes:1; holds:1; retires:1; assists:1
jw-letter-1778-36-to-mr-sam-tooth-carpr-worship,john-wesley,36 To Mr Sam Tooth Carpr Worship,letter,1,9,0.1111,0,Carpr:1
jw-letter-1780a-04-to-mr-carlill-at-mrs-cumberlands,john-wesley,A 04 To Mr Carlill At Mrs Cumberlands,letter,1,9,0.1111,0,Cumberland's:1
jw-letter-1780a-15-to-mrs-crosby-at,john-wesley,A 15 To Mrs Crosby At,letter,1,9,0.1111,0,Haigh's:1
jw-letter-1781a-41-to-mr-brettell-at-mr-walters,john-wesley,A 41 To Mr Brettell At Mr Walters,letter,1,9,0.1111,0,Walter's:1
jw-letter-1782a-49-to-miss-patty-chapman-at-warledon,john-wesley,A 49 To Miss Patty Chapman At Warledon,letter,1,9,0.1111,0,Warledon:1
jw-letter-1783b-28-to-capt-richa-williams-in-poldice,john-wesley,B 28 To Capt Richa Williams In Poldice,letter,1,9,0.1111,0,Richa:1
jw-letter-1783b-39-to-capt-riehl-williams-at-poldice,john-wesley,B 39 To Capt Riehl Williams At Poldice,letter,1,9,0.1111,0,Riehl:1
jw-letter-1774-81-to-the-authors-of-the-monthly-review,john-wesley,81 To The Authors Of The Monthly Review,letter,1,213,0.1033,0,pounds:3; holders:2; named:2; outlawed:2; severed:2; Authors:1; affirms:1; instruments:1; observed:1; advertisements:1; papers:1; Williamsburg:1; shillings:1; newspapers:1; Yeb:1; Mosely:1
cw-052-grace-after-meat-part-ii,charles-wesley,052 Grace After Meat Part Ii,hymn,1,129,0.1008,0,edn:4; children's:1; wants:1; bounty's:1; chearing:1; imparts:1; veils:1; glads:1; heav'nly:1; Bounty's:1
jw-letter-1756b-12-to-mr-rob-marsden-at-mr-friths,john-wesley,B 12 To Mr Rob Marsden At Mr Friths,letter,1,10,0.1,0,Frith's:1
jw-letter-1773-24-to-mrs-jane-barton-in-hembrough-square,john-wesley,24 To Mrs Jane Barton In Hembrough Square,letter,1,10,0.1,0,Hembrough:1
jw-letter-1777-03-to-mr-wolfe-at-mr-walters,john-wesley,03 To Mr Wolfe At Mr Walters,letter,1,10,0.1,0,Walter's:1
jw-letter-1780a-10-to-mr-abr-brames-at-the-preaching,john-wesley,A 10 To Mr Abr Brames At The Preaching,letter,1,10,0.1,0,Abr:1
jw-letter-1780a-12-to-mr-l-harrison-at-dr-kershaws,john-wesley,A 12 To Mr L Harrison At Dr Kershaws,letter,1,10,0.1,0,Kershaw's:1
jw-letter-1780a-22-to-mr-valton-at-mr-lewtys,john-wesley,A 22 To Mr Valton At Mr Lewtys,letter,1,10,0.1,0,Lewty's:1
jw-letter-1782b-52-to-miss-gretton-at-mr-derrys,john-wesley,B 52 To Miss Gretton At Mr Derrys,letter,1,10,0.1,0,Lincs:1
jw-letter-1785a-36-to-mr-wrigley-at-mr-flamanks,john-wesley,A 36 To Mr Wrigley At Mr Flamanks,letter,1,10,0.1,0,Flamank's:1
jw-letter-1785a-41-to-mr-garrettson-at-mr-philip-marchington,john-wesley,A 41 To Mr Garrettson At Mr Philip Marchington,letter,1,10,0.1,0,Marchington:1
jw-letter-1751-09-to-the-revd-mr-john-wesley-this-line-was-not-in-we,john-wesley,09 To The Revd Mr John Wesley This Line Was Not In We,letter,1,32,0.0938,0,Threadneedle:1; Franked:1; Rushout:1
cw-094-solomons-song-chapter-515-etc-george-sandys,charles-wesley,094 Solomons Song Chapter 515 Etc George Sandys,hymn,1,186,0.0914,0,etc:1; She'd:1; angel's:1; Who's:1; paths:1; roses:1; strews:1; replenish'd:1; ensigns:1; brows:1; exceeds:1; beauty's:1; belov'd:1; yields:1; frosts:1; Legat:1; edn:1
jw-treatise-some-account-of-an-eminent-man,john-wesley,Treatise Some Account Of An Eminent Man,treatise,1,208,0.0913,0,Louvain:2; Verheyen:2; VERHEYEN:1; Medicinae:1; partem:1; materialem:1; caemeterio:1; condi:1; voluit:1; templum:1; dehonestaret:1; aut:1; nocivis:1; halitibus:1; inficeret:1; Requiescat:1; vapours:1
jw-letter-1753-13-to-mr-gillespie-at-mr-seamans,john-wesley,13 To Mr Gillespie At Mr Seamans,letter,1,11,0.0909,0,Seaman's:1
jw-letter-1774-20-to-the-revd-mr-stedman-at-cheverel,john-wesley,20 To The Revd Mr Stedman At Cheverel,letter,1,11,0.0909,0,Cheverel:1
jw-letter-1776-58-to-mr-samuel-bardsley-at,john-wesley,58 To Mr Samuel Bardsley At,letter,1,11,0.0909,0,Whitaker's:1
jw-letter-1779-08-to-mr-samuel-wells-at-mr-gidleys,john-wesley,08 To Mr Samuel Wells At Mr Gidleys,letter,1,11,0.0909,0,Gidley's:1
jw-letter-1783b-16-to-mr-robert-hall-jun-at-mr,john-wesley,B 16 To Mr Robert Hall Jun At Mr,letter,1,11,0.0909,0,Bagshaw's:1
jw-letter-1791-16-to-mr-john-booth-at-the-preaching-house,john-wesley,16 To Mr John Booth At The Preaching House,letter,1,11,0.0909,0,Yorkskire:1
cw-1816-memoir,charles-wesley,Memoir of Charles Wesley (1816),treatise,16,5377,0.0898,0,became:6; habits:4; ofthe:4; began:4; labours:4; duties:3; honours:3; ob:3; tained:3; attained:3; remained:3; talents:3; endeavoured:3; visited:3; placed:3; brothers:3; settlers:3; neglected:3; descended:2; tors:2
jw-treatise-question-concerning-dew-on-coach-glasses,john-wesley,Treatise Question Concerning Dew On Coach Glasses,treatise,1,194,0.0876,0,vapours:2; condenses:2; vapour:2; observed:1; wiped:1; continues:1; readers:1; remaining:1; condensing:1; degrees:1; partaking:1; letting:1; cools:1; gathers:1
jw-letter-1787-38-to-the-rev-mr-asbury-at-mr-wellss-merchant,john-wesley,38 To The Rev Mr Asbury At Mr Wellss Merchant,letter,1,23,0.087,0,Wells's:1; arrives:1
cw-003-on-reading-monsr-de-rentys-life,charles-wesley,003 On Reading Monsr De Rentys Life,hymn,1,174,0.0862,0,Monsr:1; releas'd:1; bolder:1; raptures:1; precludes:1; walk'd:1; surprize:1; Inur'd:1; seem'd:1; design'd:1; virtues:1; remained:1; mourn'd:1; deny'd:1; ceas'd:1
cw-003-business-alterd-from-george-herbert,charles-wesley,003 Business Alterd From George Herbert,hymn,1,164,0.0854,0,wilds:1; wanderers:1; beasts:1; dens:1; shun'd:1; haunts:1; promis'd:1; provides:1; abides:1; sinn'd:1; loseth:1; meets:1; shadows:1; edn:1
cw-lo-he-comes,charles-wesley,Lo! He Comes with Clouds Descending,hymn,5,260,0.0846,0,wailing:6; attending:2; Robed:2; nailed:2; dazzling:2; ransomed:2; worshipers:2; scars:2; pow'r:2
jw-letter-1786a-07-to-robert-cart-brackenbury,john-wesley,A 07 To Robert Cart Brackenbury,letter,1,142,0.0845,0,labors:2; expected:1; Wills:1; continues:1; hopes:1; bf:1; reigning:1; Helyar's:1; Forwd:1; Hble:1; Servt:1
jw-letter-1737-11-to-mr-james-hutton-at-mr-innys,john-wesley,11 To Mr James Hutton At Mr Innys,letter,1,12,0.0833,0,Innys':1
jw-letter-1751-02-to-eliz-brooks-expecting-daily-to-have,john-wesley,02 To Eliz Brooks Expecting Daily To Have,letter,1,12,0.0833,0,seized:1
jw-letter-1774-94-to-mrs-jane-barton-to-be-left-at,john-wesley,94 To Mrs Jane Barton To Be Left At,letter,1,12,0.0833,0,Snowden's:1
jw-letter-1784a-31-to-mr-simon-day-at-mr-wickens,john-wesley,A 31 To Mr Simon Day At Mr Wickens,letter,1,12,0.0833,0,Wicken's:1
jw-letter-1788a-73-to-miss-wesley-at-the-rev-mr-dickinsons,john-wesley,A 73 To Miss Wesley At The Rev Mr Dickinsons,letter,1,12,0.0833,0,Dickinson's:1
cw-031-isaiah-431-3,charles-wesley,031 Isaiah 431 3,hymn,1,291,0.0825,0,pow'r:3; waves:2; flames:2; edn:2; forbids:1; protects:1; attone:1; watry:1; promis'd:1; forgets:1; temptation's:1; whirlpools:1; intercepts:1; sorrow's:1; storms:1; affliction's:1; snares:1; deaths:1; unconsum'd:1
cw-018-on-the-conversion-of-a-common-harlot,charles-wesley,018 On The Conversion Of A Common Harlot,hymn,1,207,0.0821,0,edn:2; repenteth:1; glorified:1; Guilt's:1; records:1; now's:1; diffus'd:1; Rescued:1; fowler's:1; redeeming:1; groans:1; smiles:1; boasts:1; spoils:1; grieves:1; heav'ns:1
jw-general-rules,john-wesley,The General Rules of the Methodist Societies,treatise,6,1870,0.0818,0,buying:4; expected:3; Pris'ners:2; eee:2; choicest:2; fwood:1; Mewcastle:1; SixTa:1; Erice:1; ee:1; vv:1; Wv:1; im:1; desir'd:1; thencefors:1; increased:1; Advices:1; judg'd:1; concluded:1; suited:1
jw-letter-1737-18-to-the-magistrates-of-the-town-of-savannah,john-wesley,18 To The Magistrates Of The Town Of Savannah,letter,1,49,0.0816,0,apprised:1; Dison:1; intends:1; says:1
jw-letter-1736-04-to-his-brother-charles,john-wesley,04 To His Brother Charles,letter,2,578,0.0813,0,est:2; awakened:1; can't:1; storms:1; Tackner:1; Hird's:1; Burk:1; mercies:1; Daubry:1; Conciones:1; omnes:1; meas:1; jamnunc:1; habes:1; praeter:1; istas:1; quas:1; misi:1; Aliquae:1; pyxide:1
jw-letter-1780b-03-to-mr-robinson-at-langham-row-near-alford-lincolns,john-wesley,B 03 To Mr Robinson At Langham Row Near Alford Lincolns,letter,1,37,0.0811,0,autospace:2; MsoNormal:1
jw-letter-1774-02-to-james-hutton,john-wesley,02 To James Hutton,letter,1,174,0.0805,0,tapped:2; admits:1; skilful:1; dominucete's:1; fumes:1; resigning:1; Benham's:1; Atwood's:1; dined:1; Atwood:1; musicians:1; o'clock:1; booksellers:1
jw-letter-1726-01-to-his-brother-samuel,john-wesley,01 To His Brother Samuel,letter,3,888,0.08,0,hopes:2; fires:2; detained:1; Overton:1; elected:1; shows:1; welcomed:1; promised:1; letting:1; copies:1; des'tres:1; neglected:1; melts:1; Glycera:1; opprest:1; surveys:1; conquests:1; tides:1; lab'ring:1; fears:1
cw-010-written-in-the-beginning-of-a-recovery-from-sickness,charles-wesley,010 Written In The Beginning Of A Recovery From Sickness,hymn,1,241,0.0788,0,edn:5; flutt'ring:1; Respiring:1; fault'ring:1; uncancel'd:1; started:1; subdu'd:1; unhallow'd:1; mercies:1; returns:1; quick'ning:1; pow'r:1; promis'd:1; clasp'd:1; soul's:1
cw-duke-protestant-association-1781,charles-wesley,Protestant Association (1781),hymn-collection,20,6055,0.0783,0,troops:7; flames:6; instruments:5; patriots:4; city's:4; citizens:4; nation's:4; tools:4; fears:4; restrictions:3; began:3; threaten'd:3; Masaniello:3; rioters:3; reigns:3; sweeps:3; allowed:2; strains:2; recruits:2; became:2
jw-letter-1782a-51-to-charles-attoore,john-wesley,A 51 To Charles Attoore,letter,1,103,0.0777,0,pills:2; Attoore:1; Agues:1; Sander's:1; scruples:1; arsenicum:1; fads:1
cw-sermon-ii,charles-wesley,CW Sermon II: Psalm 91:11,sermon,12,3669,0.0771,0,beings:4; seasons:3; iri:3; dangers:2; methods:2; ap:2; ministering:2; causes:2; arb:2; im:2; jhall:1; condi:1; tion:1; Pangs:1; fiercest:1; dailyrange:1; boasted:1; delivers:1; suffers:1; wilfully:1
jw-letter-1775-75-to-mr-bardsley-at-mr-garforths,john-wesley,75 To Mr Bardsley At Mr Garforths,letter,1,13,0.0769,0,Garforth's:1
jw-letter-1783b-10-to-mr-garforth-at-skipton-,john-wesley,B 10 To Mr Garforth At Skipton ,letter,1,13,0.0769,0,SkiptonSource:1
jw-letter-1769-58-to-joseph-benson,john-wesley,58 To Joseph Benson,letter,1,235,0.0766,0,quadrata:2; rotundis:2; Dirue:1; edifica:1; Diruit:1; aedificat:1; mutat:1; pulls:1; builds:1; changes:1; mixes:1; students:1; errorum:1; says:1; heresies:1; thinks:1
cw-011-an-evening-hymn,charles-wesley,011 An Evening Hymn,hymn,1,118,0.0763,0,strictest:1; deepest:1; shades:1; wings:1; beds:1; heav'nly:1; refresh'd:1; lids:1; morn's:1
jw-letter-1777-25-to-thomas-carlill,john-wesley,25 To Thomas Carlill,letter,1,92,0.0761,0,invalids:2; letting:1; meets:1; lovefeasts:1; robs:1; buying:1
cw-025-therefore-with-angels,charles-wesley,025 Therefore With Angels,hymn,1,67,0.0746,0,heav'nly:1; pow'rs:1; archangels:1; voices:1; ador'd:1
jw-treatise-an-extraordinary-cure,john-wesley,Treatise An Extraordinary Cure,treatise,1,175,0.0743,0,hundreds:2; neighbours:2; says:1; marvellous:1; Madern's:1; sinews:1; mainte:1; mance:1; Trebble:1; shifts:1; absurdities:1
jw-letter-1780b-06-to-mr-valton-at-the-new-room-in-bristol,john-wesley,B 06 To Mr Valton At The New Room In Bristol,letter,1,81,0.0741,0,autospace:2; rises:1; ia:1; ialways:1; MsoNormal:1
jw-letter-1768-01-to-samuel-levick,john-wesley,01 To Samuel Levick,letter,1,176,0.0739,0,Trezize:1; Lovelace:1; Burrell:1; Eb:1; Gundry:1; Vinicombe:1; Permewan:1; Bennets:1; writes:1; cleared:1; insisted:1; debts:1; Pasco:1
jw-letter-1748-22-to-john-cennick,john-wesley,22 To John Cennick,letter,1,68,0.0735,0,rents:1; covenants:1; insisted:1; encumbering:1; conditions:1
jw-genuine-christianity,john-wesley,A Plain Account Of Genuine Christianity,treatise,16,5378,0.0727,0,Ile:3; neighbour:3; circumstances:3; promised:3; attained:3; reconciled:3; oy:3; terms:2; ee:2; creates:2; ec:2; strongest:2; modes:2; indeared:2; univerfal:2; constrains:2; poslible:2; minds:2; affects:2; ful:2
jw-letter-1767-39-to-john-fenwick,john-wesley,39 To John Fenwick,letter,1,83,0.0723,0,writes:1; Iles:1; shoulders:1; Heaton's:1; lawyer's:1; Callendar:1
cw-duke-hymns-for-christmas-day-1744,charles-wesley,Hymns for Christmas Day (1744),hymn,2,222,0.0721,0,copies:6; ledgers:2; brothers:2; details:2; survived:2; became:2
cw-046-hymn-for-the-epiphany,charles-wesley,046 Hymn For The Epiphany,hymn,1,167,0.0719,0,edn:2; expected:1; gilds:1; Guides:1; bewilder'd:1; Scatt'ring:1; error's:1; heav'nly:1; stars:1; descends:1; Deigns:1
jw-treatise-specimen-of-jacob-behmen,john-wesley,Treatise Specimen Of Jacob Behmen,treatise,4,1298,0.0716,0,comprehends:3; im:3; writings:2; himmel:2; ter:2; mothers:2; affords:2; lips:2; comprehended:2; presses:2; generated:2; syllables:2; instructers:1; sc:1; relating:1; efforts:1; speci:1; Unser:1; Va:1; severs:1
cw-040-acts-241,charles-wesley,040 Acts 241,hymn,1,224,0.0714,0,edn:4; pronounc'd:1; stir'd:1; yielded:1; counsels:1; pray'rs:1; combin'd:1; declin'd:1; redeems:1; esteems:1; Distinctions:1; pray'r:1; prais'd:1
cw-044-congratulation-to-a-friend-upon-believing-in-christ,charles-wesley,044 Congratulation To A Friend Upon Believing In Christ,hymn,1,547,0.0713,0,edn:4; pow'rs:2; fears:2; wings:2; sweeter:1; lustre:1; shin'd:1; diversify'd:1; began:1; pard'ning:1; suff'ring:1; dragon's:1; attoning:1; mourning's:1; favour'd:1; glory's:1; forgiv'n:1; tastes:1; anticipated:1; stablish:1
cw-duke-taking-of-jericho-1742,charles-wesley,Taking of Jericho  (1742),hymn,2,396,0.0707,0,copies:6; records:2; recorded:2; represents:2; conveys:2; ministering:2; pursuing:2; disciplined:2; ledgers:2; arranged:2; survived:2; printings:2
cw-life-of-faith,charles-wesley,The Life of Faith,hymn,103,4344,0.0704,0,promis'd:14; believes:4; nobler:4; glorified:4; shew'd:4; triumph'd:4; look'd:4; waves:4; subsisting:2; receives:2; reason's:2; glimm'ring:2; origine:2; lends:2; shadows:2; records:2; worlds:2; obey'd:2; fabrick:2; vouchsaf'd:2
cw-012-in-a-storm,charles-wesley,012 In A Storm,hymn,1,299,0.0702,0,seas:3; floods:2; spann'd:1; meted:1; measur'd:1; placed:1; recover'd:1; pow'rs:1; lands:1; hearest:1; louder:1; children's:1; whirlwinds:1; watry:1; waves:1; defie:1; tries:1; permits:1
cw-078-universal-redemption-another-1,charles-wesley,078 Universal Redemption Another 1,hymn,1,271,0.0701,0,bestows:1; o'erflows:1; confin'd:1; embraces:1; reach'd:1; quick'ning:1; doom'st:1; decreed:1; horrors:1; edn:1; tries:1; defies:1; admits:1; disowns:1; tort'ring:1; shrieks:1; groans:1; gorg'd:1; hopes:1
cw-duke-life-of-faith-1740,charles-wesley,Life of Faith (1740),hymn-collection,6,2312,0.0701,0,promis'd:7; believes:2; nobler:2; glorified:2; shew'd:2; triumph'd:2; look'd:2; waves:2; updated:1; versifying:1; issued:1; suggests:1; issues:1; brothers:1; discerned:1; subsisting:1; receives:1; reason's:1; glimm'ring:1; origine:1
jw-letter-1782b-39-to-zachariah-yewdall,john-wesley,B 39 To Zachariah Yewdall,letter,1,43,0.0698,0,lines:1; Boardman's:1; papers:1
jw-letter-1789b-44-to-mr-----,john-wesley,B 44 To Mr     ,letter,1,101,0.0693,0,surprised:1; affirming:1; refused:1; h'ls:1; voted:1; completed:1; showed:1
cw-002-the-life-of-faith-exemplified-in-the-eleventh-chapter-of-hebrews,charles-wesley,002 The Life Of Faith Exemplified In The Eleventh Chapter Of Hebrews,hymn,3,4326,0.0689,0,promis'd:12; believes:4; nobler:4; glorified:4; shew'd:4; triumph'd:4; look'd:4; waves:4; plants:2; odour:2; trophies:2; subsisting:2; receives:2; reason's:2; glimm'ring:2; origine:2; lends:2; shadows:2; records:2; worlds:2
cw-009-to-the-revd-mr-whitefield,charles-wesley,009 To The Revd Mr Whitefield,hymn,1,305,0.0689,0,o'erturn:2; deem'd:1; rags:1; esteem'd:1; belov'd:1; pray'r:1; edn:1; own'd:1; us'd:1; bestow'd:1; transfus'd:1; nobler:1; conquests:1; darkest:1; low'rs:1; Thrones:1; principalities:1; o'ercome:1; weapons:1; holds:1
cw-o-for-a-thousand-tongues,charles-wesley,O for a Thousand Tongues to Sing,hymn,6,234,0.0684,0,tongues:2; glories:2; honors:2; charms:2; fears:2; cancelled:2; foulest:2; availed:2
jw-letter-1755-09-to-his-brother-charles,john-wesley,09 To His Brother Charles,letter,1,205,0.0683,0,tongues:1; pounds:1; thinks:1; can't:1; commemorated:1; proximus:1; ardet:1; Ucalegon:1; flames:1; Ucalegon's:1; neighbor's:1; excommunicated:1; actum:1; est:1
cw-sermon-iv,charles-wesley,CW Sermon IV: Matthew 5:20,sermon,7,2298,0.0683,0,performed:4; required:3; regu:3; consists:3; exceeded:2; patterns:2; consisted:2; signifies:2; disciples:2; strictest:2; rigour:2; institutions:2; proposed:2; requires:2; dif:2; tentions:2; ceremonies:2; weightier:2; modes:2; views:2
jw-treatise-origin-of-image-worship,john-wesley,Treatise Origin Of Image Worship,treatise,2,690,0.0681,0,pictures:5; became:4; instru:2; ments:2; winked:2; errors:2; languages:1; adorned:1; tian:1; ornaments:1; instructors:1; libri:1; laicorum:1; representing:1; passages:1; hieroglyphics:1; propagating:1; invented:1; devil's:1; tians:1
cw-013-the-53rd-chapter-of-isaiah,charles-wesley,013 The 53Rd Chapter Of Isaiah,hymn,1,774,0.0672,0,edn:2; offence:2; cherish'd:1; bespeaks:1; assumes:1; servant's:1; stoops:1; reason's:1; despis'd:1; inur'd:1; faces:1; despight:1; scorn'd:1; woes:1; pangs:1; esteem'd:1; deem'd:1; punish'd:1; transgressions:1; debt's:1
cw-013-zechariah-1210-they-shall-look-unto-him-from-the-german-paul-gerhardt,charles-wesley,013 Zechariah 1210 They Shall Look Unto Him From The German Paul Gerhardt,hymn,1,194,0.067,0,expires:2; Besmear'd:1; lips:1; caus'd:1; burthen:1; lion's:1; forsook:1; spring'st:1; von:1; der:1; ysenhaus:1; edn:1
jw-letter-1757-11-to-min-crosby-at-mr-kents-bricklayer,john-wesley,11 To Min Crosby At Mr Kents Bricklayer,letter,1,15,0.0667,0,Kent's:1
jw-letter-1788a-67-to-peard-dickinson,john-wesley,A 67 To Peard Dickinson,letter,1,166,0.0663,0,unrivalled:1; McClintock:1; Strong's:1; Cyclopodia:1; temporum:1; principio:1; periodos:1; conomio:1; divino:1; finest:1; relates:1
cw-009-a-hymn-for-midnight,charles-wesley,009 A Hymn For Midnight,hymn,1,304,0.0658,0,edn:3; shades:1; o'erspread:1; reclines:1; respires:1; aims:1; nobler:1; corrects:1; hov'ring:1; heav'nly:1; raptur'd:1; regions:1; Allures:1; confirms:1; groans:1; lab'ring:1; moans:1; creature's:1
cw-024-free-grace,charles-wesley,024 Free Grace,hymn,1,244,0.0656,0,int'rest:1; caus'd:1; pursu'd:1; myst'ry:1; tries:1; minds:1; imprison'd:1; diffus'd:1; quick'ning:1; flam'd:1; chains:1; whispers:1; forgiv'n:1; atoning:1; attoning:1; edn:1
cw-030-justified-but-not-sanctified,charles-wesley,030 Justified But Not Sanctified,hymn,1,521,0.0653,0,pow'r:3; edn:3; lov'st:2; forgiv'n:2; pray'r:1; bruised:1; smoaking:1; barriers:1; resurrection's:1; mercies:1; wants:1; retitled:1; accompanies:1; cancel'd:1; flames:1; op'ning:1; lusts:1; absolv'd:1; strives:1; allur'd:1
cw-sermon-xi,charles-wesley,CW Sermon XI: Philippians 3:13-14,sermon,17,3950,0.0651,0,attained:8; labours:6; steps:3; represented:3; apprehended:3; promised:3; observed:2; tion:2; borrowed:2; races:2; competitors:2; attacks:2; faileth:2; hopes:2; enjoined:2; assaults:2; tb:2; disciples:2; urged:2; conditions:2
cw-duke-elegy-on-whitefield-1771,charles-wesley,Elegy on Whitefield (1771),hymn-collection,12,4257,0.0651,0,design'd:4; bestow'd:4; servant's:3; labours:3; fear'd:3; wants:3; dared:3; forgiven:3; steps:3; flies:3; toils:3; inlarg'd:3; shew'd:3; companion's:2; vouchsaf'd:2; Infus'd:2; pursued:2; croud:2; creature's:2; listning:2
cw-012-a-prayer-under-convictions,charles-wesley,012 A Prayer Under Convictions,hymn,1,325,0.0646,0,know'st:4; pray'r:2; lips:1; wants:1; unsubdu'd:1; check'd:1; charm'd:1; lurks:1; edn:1; uses:1; warmest:1; wishes:1; ardors:1; hopes:1; fears:1; extasy:1; pow'r:1
cw-sermon-iii,charles-wesley,CW Sermon III: Luke 16:10,sermon,21,5208,0.0645,0,referred:5; neglecting:4; transgressions:4; required:4; degrees:4; deemed:3; esteemed:3; promised:3; restraints:3; exposes:3; pleasures:3; Gdd:2; alfo:2; scoffs:2; insults:2; bonds:2; duties:2; scru:2; tends:2; strictest:2
cw-032-hymn-on-the-titles-of-christ,charles-wesley,032 Hymn On The Titles Of Christ,hymn,1,481,0.0644,0,deign'd:1; creature's:1; servant's:1; pow'rs:1; choirs:1; virgin's:1; promis'd:1; blessing's:1; conq'ring:1; deepest:1; recedes:1; shadows:1; op'ning:1; dazling:1; stoops:1; ador'd:1; confest:1; display'd:1; heav'ns:1; vouchsaf'd:1
jw-treatise-dialogue-predestinarian-and-friend,john-wesley,Treatise Dialogue Predestinarian And Friend,treatise,7,2567,0.0643,0,decreed:7; reprobates:5; predestinated:5; wills:4; Responsio:3; foreknew:3; authors:2; Assembly's:2; governed:2; Twissi:2; Vindicia:2; foresaw:2; Piscatoris:2; Disput:2; Praedest:2; foresees:2; Piscat:2; termed:2; elected:2; reprobated:2
cw-duke-ode-on-dr-boyce-1779,charles-wesley,Ode on Dr Boyce (1779),hymn,7,778,0.0643,0,copies:4; updated:2; became:2; honoring:2; performed:2; descriptions:2; np:2; handscript:2; comments:2; capo:2; gen'rous:2; sigh'd:2; tun'd:2; strikes:2; strings:2; wings:2; employ'd:2; accompanied:2; acclamations:2; shouts:2
jw-letter-1773-65-to-samuel-sparrow,john-wesley,65 To Samuel Sparrow,letter,1,344,0.064,0,agrees:1; contradicting:1; beings:1; disciples:1; forbids:1; passages:1; asserted:1; terms:1; Vitiis:1; nascitur:1; vices':1; Omnes:1; natura:1; proclives:1; libidinem:1; Dociles:1; imitandis:1; turpibus:1; pravis:1; omnes:1
jw-treatise-a-thought-on-necessity,john-wesley,Treatise A Thought On Necessity,treatise,6,2254,0.0639,0,traces:8; vibrations:7; apprehensions:5; says:4; ideas:4; tempers:4; compounded:3; follows:3; wheels:3; appearances:3; infers:2; reasonings:2; objects:2; Kames:2; moves:2; Hartley's:2; constitu:2; tion:2; Kames's:2; consequences:2
cw-093-the-aspiration-from-the-same-john-norris,charles-wesley,093 The Aspiration From The Same John Norris,hymn,1,206,0.0631,0,prison'd:1; Immur'd:1; avenues:1; gleams:1; Perceives:1; magnet's:1; pow'r:1; attracted:1; beauties:1; strikes:1; wings:1; imprison'd:1; edn:1
jw-letter-1725-04-to-his-mother,john-wesley,04 To His Mother,letter,3,1126,0.0631,0,perceived:10; exists:5; senses:4; says:3; conceived:3; qualities:3; Berkeley's:2; Hylas:2; Fiddes:2; denying:2; minds:2; Foulkes:2; Cloyne:1; adhering:1; vols:1; introduces:1; replies:1; undertakes:1; inferences:1; implies:1
cw-001-solitude-from-the-latin,charles-wesley,001 Solitude From The Latin,hymn,1,207,0.0628,0,inspires:1; Softest:1; quires:1; combin'd:1; retir'd:1; envy'd:1; Preparing:1; stains:1; ripens:1; Hoarded:1; Tow'rs:1; palaces:1; learn'd:1
jw-letter-1755-02-to-samuel-furly,john-wesley,02 To Samuel Furly,letter,1,192,0.0625,0,sfta:1; languages:1; enabling:1; degrees:1; ends:1; Hallifax:1; deals:1; says:1; entitled:1; dreamed:1; Peterhouse:1; awakened:1
jw-letter-1783a-28-to-rev-mr-c-wesley-no-1-in-chester-,john-wesley,A 28 To Rev Mr C Wesley No 1 In Chester ,letter,1,16,0.0625,0,ChesterSource:1
jw-letter-1784b-24-to-sarah-baker,john-wesley,B 24 To Sarah Baker,letter,1,80,0.0625,0,hindered:1; beasts:1; Gwinnett's:1; rioters:1; pounds:1
jw-letter-1790b-14-to-sarah-baker,john-wesley,B 14 To Sarah Baker,letter,1,64,0.0625,0,o'clock:1; dined:1; Flaxman's:1; Paynton:1
jw-treatise-murder-prevented-by-threefold-dream,john-wesley,Treatise Murder Prevented By Threefold Dream,treatise,1,289,0.0623,0,dreamed:2; Prevented:1; stripes:1; resented:1; keave:1; seemed:1; behaved:1; surprised:1; observed:1; asked:1; embroidered:1; examined:1; denying:1; extorted:1; remembered:1; revenged:1; dismissed:1
jw-letter-1739-30-to-james-hutton,john-wesley,30 To James Hutton,letter,1,242,0.062,0,seized:2; breakfasted:1; people's:1; began:1; aunts:1; expressions:1; strongest:1; agonies:1; doubted:1; mocked:1; rr:1; pangs:1; Weavers':1; healed:1
cw-008-a-hymn-for-charity-children-another-1,charles-wesley,008 A Hymn For Charity Children Another 1,hymn,3,260,0.0615,0,orbs:2; roul:2; link'd:2; Poiz'd:2; work's:2; edn:2; creeps:2; silenc'd:2
jw-letter-1781b-06-to-his-niece-sarah-wesley,john-wesley,B 06 To His Niece Sarah Wesley,letter,2,488,0.0615,0,attaining:2; requires:2; hurts:2; weakens:2; granted:1; attained:1; constitutions:1; soddens:1; parboils:1; sows:1; seeds:1; headaches:1; terminating:1; blunts:1; dulls:1; nobler:1; affections:1; impairs:1; vigour:1; infuses:1
cw-026-glory-be-to-god-on-high,charles-wesley,026 Glory Be To God On High,hymn,1,212,0.0613,0,world's:2; attonement:2; edn:2; forgiv'n:1; belov'd:1; heav'nly:1; ador'd:1; pow'r:1; offending:1; Pow'rful:1
jw-letter-1777-09-to-joseph-benson,john-wesley,09 To Joseph Benson,letter,1,163,0.0613,0,subscribers:2; Survery:1; Creatin:1; Goldsmith's:1; volumes:1; Michl:1; procured:1; extirpating:1; meets:1
jw-letter-1736-01-to-dr-burton,john-wesley,01 To Dr Burton,letter,2,590,0.061,0,THR:1; HONOURED:1; prospered:1; wanted:1; conveniences:1; expected:1; fainted:1; prevented:1; pursuing:1; storms:1; ships:1; opportunities:1; instructing:1; passengers:1; embarking:1; assisted:1; endeavors:1; catechizing:1; applying:1; awakened:1
jw-letter-1745-05-to-john-stephenson,john-wesley,05 To John Stephenson,letter,1,82,0.061,0,fulfilled:2; surprised:1; specified:1; can't:1
cw-duke-thanksgiving-hymns-1746,charles-wesley,Thanksgiving Hymns (1746),hymn-collection,6,2254,0.0608,0,troops:4; quell'd:2; Rush'd:2; wings:2; shelter'd:2; danger's:2; scorn'd:2; vulturs:2; aliens:2; nation's:2; updated:1; greeted:1; yearold:1; defeated:1; Culloden:1; containing:1; defenders:1; esp:1; copies:1; colonists:1
jw-letter-1763-12-to-the-editor-of-the-london-chronicle,john-wesley,12 To The Editor Of The London Chronicle,letter,1,330,0.0606,0,bawling:1; asserted:1; maintained:1; surprised:1; remembered:1; mentioning:1; prints:1; faces:1; proves:1; plainest:1; says:1; transcribed:1; volumes:1; Abridgements:1; writers:1; tacked:1; occurred:1; stretching:1; shrugged:1; shoulders:1
jw-letter-1769-39-to-mrs-woodhouse,john-wesley,39 To Mrs Woodhouse,letter,1,66,0.0606,0,circumstances:1; attending:1; believed:1; counsels:1
cw-001-gods-love-and-power,charles-wesley,001 Gods Love And Power,hymn,1,182,0.0604,0,channels:1; Deprived:1; banish'd:1; beams:1; temp'rate:1; rays:1; lustre:1; judgment's:1; fears:1; threats:1; can't:1
jw-letter-1790a-31-to-peard-dickinson,john-wesley,A 31 To Peard Dickinson,letter,1,199,0.0603,0,gelideque:2; conveniences:1; slowness:1; omnes:1; tardi:1; ministrat:1; oranes:1; tirnide:1; rninistrat:1; increases:1; decreases:1
jw-letter-1731-09-to-mrs-pendarves,john-wesley,09 To Mrs Pendarves,letter,1,350,0.06,0,walked:2; shows:1; objects:1; 'occurred:1; journeys:1; effaced:1; recalled:1; obligations:1; enjoyed:1; Danced:1; occurs:1; entries:1; returns:1; showed:1; meadows:1; Horrel:1; expectations:1; reconciled:1; indulged:1; begs:1
jw-letter-1774-19-to-thomas-stedman,john-wesley,19 To Thomas Stedman,letter,1,150,0.06,0,volumes:2; pleases:1; shillings:1; concludes:1; placed:1; passages:1; reader's:1; ensuing:1
jw-letter-1781b-32-to-henry-fisher,john-wesley,B 32 To Henry Fisher,letter,1,50,0.06,0,avenged:1; Cranmer:1; heretics:1
jw-letter-1788a-18-to-david-gordon,john-wesley,A 18 To David Gordon,letter,1,101,0.0594,0,represented:1; neglected:1; neglects:1; persists:1; can't:1; tickets:1
cw-duke-hymns-in-word-for-a-protestant-1745,charles-wesley,Hymns in Word for a Protestant (1745),hymn,45,2902,0.0593,0,edn:28; copies:10; troops:4; records:4; needed:4; np:4; abhor'd:4; merits:4; threatened:2; Stuart's:2; distributing:2; argued:2; urges:2; contained:2; survived:2; earliest:2; contains:2; dated:2; indicating:2; cases:2
cw-arise-my-soul,charles-wesley,"Arise, My Soul, Arise",hymn,6,304,0.0592,0,fears:2; redeeming:2; atoned:2; sprinkles:2; ransomed:2; hears:2; reconciled:2; pard'ning:2; owns:2
cw-duke-hymns-for-the-nation-1781,charles-wesley,Hymns for the Nation (1781),hymn-collection,13,4662,0.0592,0,nation's:6; plagues:4; woes:4; began:3; fulfill'd:3; murtherers:3; people's:3; seas:3; steps:3; disheartened:2; followed:2; numbering:2; np:2; reveal'd:2; rebellion's:2; crimes:2; spurn'd:2; forsook:2; perjur'd:2; ends:2
cw-duke-tumult-hymns-1780,charles-wesley,Tumult Hymns (1780),hymn-collection,9,3260,0.0589,0,allowed:3; restrictions:3; wings:3; country's:3; croud:3; shared:2; waves:2; people's:2; Republished:2; threatnings:2; Havock:2; outstretch'd:2; evils:2; counsels:2; knowst:2; brands:2; nation's:2; traitors:2; reigns:2; Assassins:2
jw-letter-1777-47-to-samuel-wells,john-wesley,47 To Samuel Wells,letter,1,238,0.0588,0,contributions:3; observed:1; abilities:1; Braford:1; Seand:1; Catbench:1; chooses:1; pounds:1; complaints:1; prevented:1; tickets:1; subscriptions:1
jw-letter-1789a-36-to-thomas-wride,john-wesley,A 36 To Thomas Wride,letter,1,102,0.0588,0,surprised:1; fears:1; wisest:1; Lowthers:1; publishing:1; hornets:1
cw-039-hymn-after-the-sacrament,charles-wesley,039 Hymn After The Sacrament,hymn,1,205,0.0585,0,edn:2; forgiv'n:1; altars:1; heav'nly:1; pow'rs:1; th'accepted:1; hopes:1; pow'r:1; reigns:1; controuls:1; atoning:1
cw-011-after-a-recovery-from-sickness,charles-wesley,011 After A Recovery From Sickness,hymn,1,445,0.0584,0,pow'r:4; Wondring:1; look'd:1; lids:1; horrors:1; eclips'd:1; check'd:1; hopes:1; redoubled:1; agonies:1; pray'r:1; deliv'rance:1; pangs:1; conq'ror:1; ungrasp'd:1; expir'd:1; gnaw'd:1; lengthen'd:1; unloos'd:1; employ'd:1
jw-letter-1768-52-to-thomas-rankin,john-wesley,52 To Thomas Rankin,letter,2,565,0.0584,0,pounds:3; burthens:2; exerting:1; foresaw:1; debts:1; discharged:1; amounting:1; occurs:1; guineas:1; delayed:1; subscribing:1; contributing:1; 'wanted:1; shoulders:1; gospel's:1; contributed:1; hopes:1; required:1; expectations:1; flattered:1
jw-letter-1739-31-to-his-brother-charles,john-wesley,31 To His Brother Charles,letter,3,909,0.0583,0,asked:3; informations:2; summoned:2; practices:2; increased:2; deposed:2; expounded:2; ISLINOTON:1; associates:1; reproved:1; faults:1; resented:1; required:1; deprived:1; livings:1; infecta:1; neighbouring:1; Erskines:1; adherents:1; debated:1
jw-letter-1789b-13-to-dr-bradshaw,john-wesley,B 13 To Dr Bradshaw,letter,1,103,0.0583,0,pounds:2; quamdiu:2; gesserint:2
jw-letter-1789b-28-to-the-printer-of-the-bristol-gazette,john-wesley,B 28 To The Printer Of The Bristol Gazette,letter,1,206,0.0583,0,hops:4; observes:1; fermented:1; ingredients:1; agrees:1; kingdoms:1; hops':1; arising:1; deserves:1
jw-letter-1739-10-to-james-hutton,john-wesley,10 To James Hutton,letter,1,292,0.0582,0,says:2; youngest:1; straitened:1; Fish's:1; Can't:1; pleaded:1; discussed:1; proposed:1; expelling:1; consented:1; nem:1; disowned:1; Herinhut:1; Experiences:1; Hopsoh's:1; complains:1
jw-letter-1790a-15-to-joseph-benson,john-wesley,A 15 To Joseph Benson,letter,1,155,0.0581,0,se'nnight:1; remaining:1; dated:1; Miles's:1; Gardner:1; papers:1; sated:1; writers:1; gainsayers:1
cw-011-a-hymn-to-be-sung-at-sea,charles-wesley,011 A Hymn To Be Sung At Sea,hymn,1,138,0.058,0,seas:1; controuls:1; worlds:1; paths:1; waves:1; footsteps:1; aw'd:1; heights:1
jw-letter-1771-13-to-joseph-benson,john-wesley,13 To Joseph Benson,letter,1,138,0.058,0,lines:1; Invenio:1; corde:1; simplicem:1; turbatis:1; ideis:1; ideas:1; Hallward:1
jw-treatise-account-of-brothers-steps,john-wesley,Treatise Account Of Brothers Steps,treatise,3,828,0.058,0,Brothers':3; showed:3; steps:3; Steps:2; brothers:2; prints:2; inches:2; remembered:2; testified:2; wanted:2; candour:2; duelling:1; relled:1; BROTHERs':1; sTEPs:1; retains:1; agonizing:1; flourishes:1; Lincoln's:1; whem:1
jw-journal-vol4-7,john-wesley,Journal Vol4 7,journal,544,206285,0.0579,0,seemed:283; began:186; reached:146; ofthe:129; larger:114; ofGod:94; hearers:84; behaved:84; visited:78; largest:75; tion:72; walked:65; increased:62; surprised:59; observed:56; ofthem:50; expected:48; contained:48; pounds:48; gregation:48
jw-letter-1731-01-to-his-father,john-wesley,01 To His Father,letter,4,1420,0.0577,0,chooses:8; evils:7; elections:5; beings:4; faculties:3; appetites:3; properties:2; conveniences:2; flows:2; choices:2; endued:2; agents:2; hindered:2; builds:1; contrived:1; divides:1; chapters:1; conceptions:1; proposes:1; solved:1
cw-068-for-the-anniversary-day-of-ones-conversion,charles-wesley,068 For The Anniversary Day Of Ones Conversion,hymn,1,401,0.0574,0,One's:2; tongues:2; expir'd:1; ceas'd:1; began:1; atoning:1; own'd:1; Ascertain'd:1; pass'd:1; glories:1; honours:1; charms:1; fears:1; cancell'd:1; foulest:1; avail'd:1; loosen'd:1; thieves:1; believes:1; crimes:1
cw-duke-catholic-love-1755,charles-wesley,Catholic Love (1755),hymn,12,940,0.0574,0,tensions:6; updated:2; beliefs:2; practices:2; responding:2; remaining:2; branches:2; issued:2; attaching:2; reprints:2; heightened:2; variants:2; NR:2; modes:2; inflames:2; sects:2; edn:2; Inlarg'd:2; purest:2; anointing:2
jw-letter-1789a-39-to-lancelot-harrison,john-wesley,A 39 To Lancelot Harrison,letter,1,157,0.0573,0,informs:1; outran:1; pounds:1; promised:1; thirds:1; subscribed:1; prospers:1; Blighton:1; etc:1
cw-duke-additional-hymns-for-1756,charles-wesley,Additional Hymns for 1756,hymn,23,1820,0.0571,0,ills:4; skirmishes:2; occurred:2; colonists:2; tribes:2; hostilities:2; voices:2; compatriots:2; reveals:2; clears:2; establishes:2; hints:2; events:2; pervades:2; sts:2; occasioned:2; edn:2; updated:2; Victims:2; murtherer's:2
jw-letter-1772-48-to-joseph-thompson,john-wesley,48 To Joseph Thompson,letter,1,123,0.0569,0,entertained:1; overcharged:1; observed:1; blames:1; undertakes:1; ipso:1; facto:1
jw-treatise-roman-catechism-with-reply,john-wesley,Treatise Roman Catechism With Reply,treatise,45,16480,0.0569,0,sacraments:19; indulgences:9; ceremonies:9; contained:8; instituted:8; pretence:7; believed:7; granted:7; purged:7; tion:7; relics:7; pictures:7; required:6; worshipped:6; benefits:6; adds:6; elements:6; anointing:6; authors:5; requires:5
cw-016-matthew-53,charles-wesley,016 Matthew 53,hymn,1,319,0.0564,0,edn:6; prevails:1; petitions:1; heart's:1; displicence:1; pursuing:1; neglects:1; glory's:1; skirts:1; steals:1; wishes:1; fans:1; imparted:1
cw-027-upon-parting-with-his-friends-part-i-part-v,charles-wesley,027 Upon Parting With His Friends Part I Part V,hymn,1,267,0.0562,0,wants:1; woes:1; wander'd:1; circles:1; rov'd:1; pursuits:1; flutt'ring:1; 'Stablish:1; 'stablish'd:1; wand'rings:1; larger:1; numbered:1; Presidents:1; 'Stablish'd:1; edn:1
cw-017-christ-the-friend-of-sinners,charles-wesley,017 Christ The Friend Of Sinners,hymn,3,748,0.0561,0,forgiven:4; edn:4; wond'ring:2; show'd:2; records:2; changes:2; favours:2; hiding:2; thieves:2; receives:2; Magdalens:2; ruffians:2; murders:2; crimes:2; borrowed:2; invites:2; flow'd:2; pardons:2; guilt's:2
cw-025-upon-parting-with-his-friends-part-i-part-iii,charles-wesley,025 Upon Parting With His Friends Part I Part Iii,hymn,1,196,0.0561,0,pursues:1; holds:1; refuses:1; vindicates:1; afflicts:1; weighs:1; complaining:1; ends:1; seiz'd:1; forbad:1; ling'ring:1
cw-duke-hymns-for-the-year-1756,charles-wesley,Hymns for the Year 1756,hymn-collection,12,4224,0.0561,0,people's:4; edn:4; began:3; plagues:3; woes:3; deepest:3; pard'ning:3; aliens:3; flames:3; forsook:3; invading:3; trumpet's:3; troops:2; hints:2; republished:2; spar'd:2; threatned:2; chastisements:2; storms:2; slaughtering:2
cw-duke-epistle-to-whitefield-1771,charles-wesley,Epistle to Whitefield (1771),hymn,19,2390,0.0561,0,publishing:4; other's:4; counsels:4; updated:2; experiencing:2; rebuilding:2; relationships:2; concerns:2; hopes:2; von:2; recipients:2; website:2; prodded:2; brothers:2; challenging:2; brands:2; angel's:2; list'ned:2; couz'ning:2; sounded:2
cw-hark-the-herald,charles-wesley,Hark! The Herald Angels Sing,hymn,4,286,0.0559,0,newborn:4; reconciled:2; th'angelic:2; adored:2; Virgin's:2; th'incarnate:2; wings:2
cw-035-hymn-to-christ-the-king,charles-wesley,035 Hymn To Christ The King,hymn,1,340,0.0559,0,pow'r:3; choicest:1; strains:1; reigns:1; harps:1; voices:1; monarchs:1; thrones:1; pow'rs:1; remotest:1; dragon's:1; defy'd:1; hurl'd:1; deepest:1; destroy'dst:1; redeem'dst:1; fears:1
cw-duke-earthquake-hymns-1750-pt-i,charles-wesley,Earthquake Hymns (1750) Pt I,hymn-collection,6,2100,0.0557,0,edn:12; occasioned:3; storms:2; events:2; portents:2; o'erthrow:2; troubles:2; updated:1; records:1; followed:1; heavier:1; shows:1; brothers:1; shared:1; accidents:1; expressions:1; cases:1; failures:1; duties:1; directing:1
jw-letter-1769-37-to-mr---,john-wesley,37 To Mr   ,letter,1,36,0.0556,0,se'nnight:1; o'clock:1
jw-letter-1788a-15-to-charles-wesley,john-wesley,A 15 To Charles Wesley,letter,1,54,0.0556,0,cured:2; endorses:1
cw-sermon-xii,charles-wesley,CW Sermon XII: 1 Kings 18:21,sermon,17,3501,0.0554,0,affections:9; promised:5; cares:4; pleasures:3; wilfully:3; tion:2; professes:2; opi:2; nions:2; ordinances:2; faculties:2; severest:2; terms:2; fection:2; stops:2; denounced:2; services:2; suffers:2; redeemed:2; Cutter's:1
jw-treatise-serious-address-to-people-of-england,john-wesley,Treatise Serious Address To People Of England,treatise,11,3960,0.0553,0,fewer:14; fisheries:9; ships:7; respects:6; manufactures:6; taxes:6; increased:5; coasts:5; decreased:4; towns:4; pounds:4; owes:3; senses:2; consequences:2; evils:2; inquirers:2; jumped:2; speeches:2; killed:2; affirmed:2
jw-treatise-scheme-of-self-examination,john-wesley,Treatise Scheme Of Self Examination,treatise,3,1032,0.0552,0,exhorted:4; fervour:2; adverted:2; respects:2; begged:2; commended:2; neighbour:2; asked:2; acted:1; views:1; Recol:1; lected:1; unin:1; terrupted:1; observed:1; owned:1; paused:1; concluded:1; ejaculations:1; meditated:1
jw-letter-1784a-02-to-robert-carr-brackenbury,john-wesley,A 02 To Robert Carr Brackenbury,letter,1,109,0.055,0,Lelivre's:1; Histoire:1; du:1; Mthodisme:1; dans:1; conveniences:1
cw-soldiers-of-christ-arise,charles-wesley,"Soldiers of Christ, Arise",hymn,4,256,0.0547,0,supplies:2; pow'r:2; trusts:2; endued:2; pow'rs:2; conflicts:2; o'ercome:2
cw-005-hymn-to-contempt,charles-wesley,005 Hymn To Contempt,hymn,1,274,0.0547,0,bow'd:2; nobler:1; treads:1; wings:1; distracting:1; conflict's:1; favourites:1; heav'n's:1; fav'rite:1; deign'd:1; sanctify'd:1; undismay'd:1; sharpest:1; embrac'd:1
cw-duke-hymns-and-sacred-poems-1739-cw-verse,charles-wesley,Hymns and Sacred Poems (1739) CW Verse,hymn-collection,41,15376,0.0546,0,edn:85; pow'r:27; heav'nly:13; pray'r:9; changes:9; pow'rs:8; records:7; wings:7; promis'd:7; forgiv'n:7; quick'ning:6; wants:5; items:4; etc:4; mercies:4; know'st:4; wishes:4; fears:4; forgiven:4; heav'ns:4
cw-duke-elegy-on-robert-jones-1742,charles-wesley,Elegy on Robert Jones (1742),hymn-collection,14,4760,0.0546,0,edn:5; pass'd:3; pleasures:3; truths:3; became:2; pursu'd:2; Tir'd:2; look'd:2; follies:2; forgiven:2; mercies:2; reach'd:2; atoning:2; search'd:2; bestow'd:2; redeeming:2; sojourning:2; abhor'd:2; chearfully:2; labour'd:2
cw-duke-arminian-magazine-1778-87,charles-wesley,Arminian Magazine (1778-87),hymn-collection,33,9531,0.0546,0,heav'nly:12; pow'r:10; wings:5; reveal'd:4; vanquish'd:4; fears:4; pray'r:4; tri'd:4; abhorr'd:4; subdu'd:4; cases:3; ascends:3; favourite:3; right'ousness:3; pow'rs:3; pray'rs:3; bestow'd:3; know'st:3; crucifi'd:3; steps:3
cw-046-redemption-found-from-the-german-johann-andreas-rothe,charles-wesley,046 Redemption Found From The German Johann Andreas Rothe,hymn,1,257,0.0545,0,soul's:1; world's:1; surpasses:1; melts:1; von:1; der:1; ysenhaus:1; assails:1; that's:1; waves:1; storms:1; wither'd:1; relies:1; foundations:1
jw-treatise-calm-address-to-american-colonies,john-wesley,Treatise Calm Address To American Colonies,treatise,12,4303,0.0544,0,privileges:13; ancestors:8; charters:7; entitled:6; says:6; rights:6; terms:5; governed:5; votes:4; granted:4; taxes:4; represented:3; electors:3; enjoyed:3; descendants:3; allowed:3; quotations:2; assisted:2; proves:2; grants:2
cw-004-looking-unto-jesus-from-the-german-maria-böhmer,charles-wesley,004 Looking Unto Jesus From The German Maria Böhmer,hymn,1,184,0.0543,0,hmer:2; fears:1; avails:1; forsook:1; sinn'd:1; aspires:1; von:1; der:1; ysenhaus:1
cw-066-to-be-sung-in-a-tumult,charles-wesley,066 To Be Sung In A Tumult,hymn,1,408,0.0539,0,reigns:2; threatnings:1; bosoms:1; quick'ning:1; strains:1; Sorer:1; floods:1; children's:1; overpowers:1; Shouts:1; Lifts:1; voices:1; stars:1; archangels:1; inlightned:1; flames:1; nigher:1; victor's:1; seats:1; conqu'rors:1
jw-letter-1771-82-to-john-valton,john-wesley,82 To John Valton,letter,1,204,0.0539,0,neighbours:1; prescribed:1; labours:1; began:1; prescriptions:1; Promoting:1; Tissot:1; constitutions:1; attending:1; prevailing:1; producing:1
cw-008-grace-after-meat-part-i,charles-wesley,008 Grace After Meat Part I,hymn,1,130,0.0538,0,edn:2; beings:1; pow'r:1; Heav'nward:1; aspires:1; requires:1
jw-letter-1770-33-to-richard-locke,john-wesley,33 To Richard Locke,letter,1,260,0.0538,0,writers:2; supposes:1; minds:1; mazes:1; causes:1; illustrators:1; gained:1; Leibnitz:1; Fleetwood:1; Mosheim:1; finest:1; authors:1; mixing:1
jw-letter-1771-46-to-miss-march,john-wesley,46 To Miss March,letter,1,373,0.0536,0,COCKHILL:1; purchased:1; another's:1; burthens:1; suffered:1; steps:1; softens:1; unnerves:1; kinds:1; degrees:1; employments:1; perseveres:1; seasons:1; approved:1; Says:1; stops:1; writeth:1; ceasing:1; enjoys:1; grows:1
jw-treatise-thoughts-on-scarcity-of-provisions,john-wesley,Treatise Thoughts On Scarcity Of Provisions,treatise,7,2559,0.0535,0,causes:7; taxes:7; provisions:5; pounds:4; oats:4; farmers:4; observed:3; distillers:3; countrymen:3; exported:3; hundreds:3; eggs:3; farms:3; assigns:2; hints:2; starving:2; conveniencies:2; distil:2; meats':2; tongues:2
cw-duke-thanksgiving-hymns-1759,charles-wesley,Thanksgiving Hymns (1759),hymn-collection,12,4418,0.0534,0,invader's:4; ships:3; nation's:3; victories:2; suffered:2; shew'd:2; shouts:2; prophane:2; promis'd:2; mercies:2; favour'd:2; requires:2; threatning:2; people's:2; aliens:2; gulph:2; plots:2; causes:2; trophies:2; oppos'd:2
jw-letter-1771-23-to-miss-march,john-wesley,23 To Miss March,letter,1,357,0.0532,0,relates:2; changes:2; Bulmer's:1; dealings:1; observes:1; kingdoms:1; noticed:1; treasured:1; reasonings:1; prevented:1; admits:1; degrees:1; variations:1; advantages:1; circumstances:1; conversing:1; employing:1
cw-042-to-be-sung-at-work---another,charles-wesley,042 To Be Sung At Work   Another,hymn,1,113,0.0531,0,edn:3; views:2; favourite:1
cw-105-isaiah-64,charles-wesley,105 Isaiah 64,hymn,1,621,0.0531,0,fulfill'd:1; kill'd:1; replies:1; o'erturn:1; Trapp's:1; camest:1; ask'd:1; began:1; shew'd:1; conceiv'd:1; meetest:1; wants:1; obeys:1; casts:1; employ'd:1; remembers:1; ORDINANCES:1; channels:1; forsook:1; wand'ring:1
jw-letter-1791-22-to-thomas-roberts,john-wesley,22 To Thomas Roberts,letter,1,113,0.0531,0,begins:1; wishes:1; Traison:1; Langwair:1; Trecwn:1; Llwynygwair:1
jw-letters-1729,john-wesley,Letters 1729,letter,2,659,0.0531,0,infinities:3; circumstances:3; founded:2; measures:2; Ditton's:1; Ditton:1; brutes:1; mundi:1; occurred:1; esteemed:1; malum:1; improved:1; confuted:1; tenets:1; requires:1; proposing:1; terms:1; says:1; agreements:1; disagreements:1
jw-letter-1729-01-to-his-father,john-wesley,01 To His Father,letter,2,660,0.053,0,infinities:3; circumstances:3; founded:2; measures:2; Ditton's:1; Ditton:1; brutes:1; mundi:1; occurred:1; esteemed:1; malum:1; improved:1; confuted:1; tenets:1; requires:1; proposing:1; terms:1; says:1; agreements:1; disagreements:1
jw-treatise-short-address-to-inhabitants-of-ireland,john-wesley,Treatise Short Address To Inhabitants Of Ireland,treatise,7,2302,0.053,0,duties:3; facts:3; inquired:2; negatives:2; neighbour:2; producing:2; enforcing:2; branches:2; dispositions:2; trate:2; affidavits:2; countrymen:2; tinners:2; keelmen:2; Swaddlers:1; reports:1; favourably:1; rality:1; maturally:1; observed:1
jw-treatise-thoughts-on-consecration-of-churches,john-wesley,Treatise Thoughts On Consecration Of Churches,treatise,2,661,0.053,0,churchyards:3; practised:3; bells:2; vestments:2; enjoined:2; purest:2; countries:1; fonts:1; chalices:1; sacer:1; prevailed:1; remained:1; scrupled:1; performing:1; consecrating:1; yards:1; Strafford:1; resembling:1; Creed's:1; autho:1
cw-duke-thanksgiving-for-colliers-1742,charles-wesley,Thanksgiving for Colliers  (1742),hymn,2,264,0.053,0,visited:2; followed:2; shows:2; survived:2; versions:2; placed:2; copies:2
jw-letter-1789a-35-to-harriet-lewis,john-wesley,A 35 To Harriet Lewis,letter,1,208,0.0529,0,conversed:2; shoed:1; surprised:1; seemed:1; Moon's:1; preacherin:1; gongs:1; enabled:1; stablish:1; prays:1
cw-049-hymn-for-whitsunday,charles-wesley,049 Hymn For Whitsunday,hymn,1,246,0.0528,0,edn:2; Granted:1; vouchsafes:1; records:1; helps:1; moans:1; Deepens:1; groans:1; Intercedes:1; agonizing:1; quick'ning:1; wings:1
cw-023-hymn-to-the-holy-ghost-part-ii-first,charles-wesley,023 Hymn To The Holy Ghost Part Ii First,hymn,1,455,0.0527,0,changes:6; stamm'ring:2; Call'dst:2; assays:2; edn:2; waves:1; Bad'st:1; Shed'st:1; records:1; pray'r:1; promis'd:1; apply'd:1; Int'rest:1; hope's:1; bestow'd:1
cw-005-for-their-benefactors,charles-wesley,005 For Their Benefactors,hymn,1,95,0.0526,0,Benefactors:1; mercies:1; prepares:1; orphans:1; founded:1
jw-letter-1773-53-to-francis-wolfe,john-wesley,53 To Francis Wolfe,letter,1,19,0.0526,0,wits:1
jw-letter-1782a-38-to-mr-francis-wrigley-at-the-preach-,john-wesley,A 38 To Mr Francis Wrigley At The Preach ,letter,1,38,0.0526,0,PreachSource:1; earlier:1
jw-letter-1789a-19-to-walter-churchey,john-wesley,A 19 To Walter Churchey,letter,1,76,0.0526,0,copies:1; computed:1; finds:1; pounds:1
jw-letter-1745-04-to-lord-grange-james-erskine,john-wesley,04 To Lord Grange James Erskine,letter,1,286,0.0524,0,became:2; Princeton:2; Robe's:1; shows:1; awakenings:1; measures:1; immoralities:1; dismissed:1; elected:1; emigrated:1; Los:1; equals:1; agrees:1
cw-duke-fourteenth-chapter-of-isaiah-1742,charles-wesley,Fourteenth Chapter of Isaiah  (1742),hymn,2,344,0.0523,0,versifying:2; Strahan's:2; records:2; brothers:2; verified:2; opens:2; paraphrases:2; says:2; copies:2
jw-letter-1772-78-to-the-editor-of-lloyds-evening-post25,john-wesley,78 To The Editor Of Lloyds Evening Post25,letter,5,1864,0.052,0,taxes:6; provisions:4; causes:4; pounds:4; oats:4; farmers:4; countrymen:3; eggs:3; farms:3; hints:2; starving:2; distillers:2; observed:2; exported:2; named:2; assigns:1; insists:1; affects:1; proposing:1; picking:1
jw-letter-1767-20-to-the-printer-of-the-freemans-journal,john-wesley,20 To The Printer Of The Freemans Journal,letter,1,386,0.0518,0,lovefeast:2; asserted:1; scoundrels:1; villains:1; strews:1; lowest:1; confutes:1; pede:1; Herculem:1; lovefeasts:1; o'clock:1; confounds:1; retailing:1; murders:1; conversing:1; behaved:1; objections:1; proposed:1; offence:1
jw-letter-1783a-21-to-his-brother-charles,john-wesley,A 21 To His Brother Charles,letter,1,58,0.0517,0,invested:1; containing:1; counsels:1
jw-letter-1789b-20-to-the-printer-of-the-bristol-gazette,john-wesley,B 20 To The Printer Of The Bristol Gazette,letter,4,1203,0.0515,0,hops:15; brewed:2; counties:2; patients:2; senses:2; pounds:2; taxes:2; prohibiting:1; repealed:1; introduced:1; suppositions:1; increased:1; Whitechurch:1; neighbors:1; adulterated:1; herbs:1; Baucis:1; entertained:1; says:1; Bibendure:1
jw-treatise-letter-to-printer-of-public-advertiser,john-wesley,Treatise Letter To Printer Of Public Advertiser,treatise,15,5732,0.0515,0,heretics:20; disclaimed:5; asserts:5; says:4; Sigismund:4; dispensing:3; acknowledges:3; Associations:3; neighbours:3; roasted:3; urged:3; tics:3; pardons:2; holds:2; converts:2; throats:2; observed:2; vows:2; contains:2; proves:2
cw-duke-hymn-for-john-wesley-1779,charles-wesley,Hymn for John Wesley (1779),hymn,11,1554,0.0515,0,versions:10; brothers:4; challenged:4; complained:2; appointments:2; sacraments:2; occurred:2; asked:2; toes:2; charged:2; served:2; closest:2; informing:2; heated:2; remained:2; reported:2; M'Nab's:2; reached:2; proclaimed:2; edn:2
jw-letter-1738-20-to-dr-koker,john-wesley,20 To Dr Koker,letter,1,175,0.0514,0,delayed:1; hopes:1; transcribing:1; papers:1; Papers:1; sendeth:1; laborers:1; showed:1; name's:1
jw-letter-1777-28-to-walter-churchey,john-wesley,28 To Walter Churchey,letter,1,214,0.0514,0,pounds:2; BRTHER:1; scores:1; obliges:1; principalities:1; closest:1; enjoining:1; blossoms:1; behaved:1; offence:1
jw-letter-1770-09-to-dr-wrangel,john-wesley,09 To Dr Wrangel,letter,2,430,0.0512,0,Wrangel:1; remembered:1; intentions:1; revisiting:1; events:1; circumstances:1; addressing:1; enclosed:1; dangers:1; contracts:1; depresses:1; vigour:1; caprices:1; scenes:1; circles:1; reminded:1; exempts:1; truths:1; mysteries:1; influences:1
jw-letter-1772-39-to-mary-stokes,john-wesley,39 To Mary Stokes,letter,1,254,0.0512,0,dissolved:1; fails:1; severest:1; acids:1; cases:1; complaints:1; uses:1; circumstances:1; pleases:1; earliest:1; records:1; suffered:1; All's:1
jw-letter-1788b-67-to-mrs-charles-wesley,john-wesley,B 67 To Mrs Charles Wesley,letter,1,235,0.0511,0,pounds:2; talked:1; labors:1; busybodies:1; men's:1; tongues:1; consciences:1; moneys:1; shows:1; brother's:1; nieces:1
jw-treatise-thoughts-upon-necessity,john-wesley,Treatise Thoughts Upon Necessity,treatise,22,8054,0.051,0,vibrations:12; sensations:9; tempers:8; neces:8; follows:7; objects:7; fibres:6; events:6; colours:6; rays:6; motives:6; causes:5; impressions:5; qualities:5; cases:5; schemes:5; placed:4; says:4; consequences:4; sarily:4
jw-letter-1785b-24-to-simon-day,john-wesley,B 24 To Simon Day,letter,1,59,0.0508,0,Tosmer:1; hopes:1; h'ls:1
cw-duke-nativity-hymns-1745,charles-wesley,Nativity Hymns (1745),hymn-collection,13,4490,0.0506,0,edn:57; edns:15; lacking:7; ador'd:4; adopting:3; infant's:3; fears:3; deepest:2; issued:2; pamphlets:2; followed:2; corrections:2; Swaths:2; swathes:2; swaths:2; dazling:2; glories:2; says:2; namby:2; pambical:2
jw-letter-1778-27-to-pendope-newman,john-wesley,27 To Pendope Newman,letter,1,99,0.0505,0,Pendope:1; lines:1; shoed:1; Gotherington:1; Valton's:1
cw-sermon-i,charles-wesley,CW Sermon I: Proverbs 11:30,sermon,17,3984,0.0505,0,winneth:7; affections:5; proposes:4; objects:3; wards:3; paths:2; enjoys:2; rescued:2; holi:2; occa:2; incli:2; lusts:2; persuading:2; tion:2; commissioned:2; scattereth:2; entrusted:2; practise:1; endeavouring:1; ties:1
jw-letter-1790a-35-to-the-printer,john-wesley,A 35 To The Printer,letter,1,378,0.0503,0,juries:2; excused:1; eluded:1; continues:1; asked:1; felo:1; murderers:1; ancestors:1; intends:1; respects:1; infelo:1; prevented:1; discouraged:1; Sparta:1; murdered:1; killed:1; ceased:1; chains:1
cw-duke-hymns-for-the-national-fast-1782,charles-wesley,Hymns for the National Fast (1782),hymn-collection,12,4372,0.0503,0,nation's:3; crimes:3; instruments:3; plagues:3; imparts:3; omitting:2; Habbakuk:2; prays:2; supplies:2; evils:2; Traitors:2; parricides:2; abhorr'd:2; receives:2; destroyer's:2; chastisements:2; mercies:2; storms:2; rebellion's:2; people's:2
jw-letters-1736,john-wesley,Letters 1736,letter,18,6090,0.0502,0,countrymen:4; attained:4; can't:3; traders:3; helps:3; storms:2; awakened:2; swallowed:2; meis:2; tuis:2; Blut:2; circumstances:2; parishioners:2; Appee:2; est:2; ratified:2; finds:2; placing:2; qualities:2; THR:1
jw-sermon-131,john-wesley,Sermon 131,sermon,13,4302,0.05,0,began:6; wheels:5; necessaries:4; neighbours:4; terms:3; conveniences:3; observed:3; ships:3; nourished:3; enjoyed:3; dispensations:2; towns:2; degrees:2; witnessed:2; regarded:2; believed:2; superfluities:2; allowed:2; richer:2; gained:2
jw-letter-1767-29-to-george-merryweather,john-wesley,29 To George Merryweather,letter,1,100,0.05,0,visited:1; meets:1; changing:1; suits:1; reimbursed:1
jw-letter-1769-53-to-professor-john-liden-of-lund,john-wesley,53 To Professor John Liden Of Lund,letter,1,160,0.05,0,Liden:1; Lund:1; Ley's:1; expected:1; virum:1; volitare:1; Georgics:1; lips:1
jw-letter-1790b-19-to-jasper-winscom,john-wesley,B 19 To Jasper Winscom,letter,1,160,0.05,0,pounds:2; spared:1; procured:1; Winstom:1; wellnigh:1; adjusting:1; Whirchurch:1
cw-076-groaning-for-the-spirit-of-adoption,charles-wesley,076 Groaning For The Spirit Of Adoption,hymn,1,221,0.0498,0,looseleaf:2; numbered:2; defies:1; vig'rous:1; promis'd:1; pieced:1; Presidents:1; remained:1; Spelled:1
jw-sermon-056,john-wesley,God's Approbation of His Works,sermon,12,3538,0.0497,0,vegetables:5; animals:5; evils:4; kinds:3; birds:3; beasts:3; reptiles:3; objections:3; suited:2; observes:2; termed:2; elements:2; shrubs:2; purposes:2; imagined:2; encompassed:2; exhalations:2; wings:2; needed:2; uses:2
jw-letter-1764-03-to-his-brother-charles-london-march-1-1764,john-wesley,03 To His Brother Charles London March 1 1764,letter,1,181,0.0497,0,disputed:1; Belles:1; Lettres:1; liked:1; venturing:1; assisting:1; compelled:1; services:1; delayed:1
jw-treatise-letter-to-gentleman-at-bristol,john-wesley,Treatise Letter To Gentleman At Bristol,treatise,7,2396,0.0497,0,terms:14; conditions:14; merits:6; qualifications:6; feelings:5; evidences:3; promised:3; performed:3; asserted:2; expressions:2; implied:2; applies:2; truths:2; obtained:2; privileges:2; repenting:2; excludes:2; assurances:2; experiences:2; addressed:1
jw-treatise-free-thoughts-on-public-affairs,john-wesley,Treatise Free Thoughts On Public Affairs,treatise,23,8746,0.0497,0,measures:16; commotions:12; petitions:8; facts:6; causes:5; grievances:5; expelled:4; Luttrel:4; writes:4; fears:3; affirmed:3; vices:3; imagined:3; bestowed:3; remonstrances:3; putting:3; votes:3; deprived:3; addresses:3; prevailed:3
cw-059-another-samuel-wesley-sr-another-2,charles-wesley,059 Another Samuel Wesley Sr Another 2,hymn,1,121,0.0496,0,attests:1; seals:1; ador'd:1; deignedst:1; openest:1; changes:1
jw-letter-1742-02-to-his-brother-charles,john-wesley,02 To His Brother Charles,letter,2,405,0.0494,0,o'clock:2; fingers:1; lids:1; dropped:1; reproved:1; Absurdum:1; iniquum:1; injustum:1; supra:1; omnem:1; modum:1; mihi:1; videtur:1; isto:1; modo:1; lacessat:1; terms:1; visited:1; suggested:1
jw-letter-1769-55-to-john-valton,john-wesley,55 To John Valton,letter,1,81,0.0494,0,inabilities:1; says:1; grapes:1; Eshcol:1
jw-letter-1773-40-to-ann-bolton,john-wesley,40 To Ann Bolton,letter,2,446,0.0493,0,inclined:1; lessened:1; encumbered:1; suffers:1; events:1; produces:1; arises:1; rises:1; morrows:1; attracts:1; painters:1; artists:1; gazed:1; features:1; flashes:1; haranguing:1; preaches:1; Fires:1; vices:1; questioned:1
cw-sermon-vi,charles-wesley,CW Sermon VI: John 13:7,sermon,10,3003,0.0493,0,talents:3; ac:2; objects:2; doeth:2; operates:2; proposed:2; Omni:2; suffered:2; tures:2; earliest:1; quires:1; affords:1; encourages:1; renders:1; pleasures:1; yields:1; ful:1; attaining:1; obtained:1; employs:1
cw-048-christ-our-wisdom-1-corinthians-130,charles-wesley,048 Christ Our Wisdom 1 Corinthians 130,hymn,1,122,0.0492,0,slaughter'd:1; soul's:1; quick'ning:1; dissolves:1; shew'd:1; searches:1
jw-letter-1745-01-to-thomas-church,john-wesley,01 To Thomas Church,letter,48,16348,0.0492,0,consequences:17; errors:16; ordinances:11; cases:8; doubts:7; began:6; lessened:6; conditions:6; occasioned:6; sentiments:5; follows:5; deluded:5; charged:5; crimes:5; required:5; merits:5; forgiven:5; people's:5; affirmed:4; observed:4
jw-letter-1767-04-to-george-merryweather,john-wesley,04 To George Merryweather,letter,1,122,0.0492,0,Delays:1; Ashburton:1; Grantley:1; Markenfield:1; Attacked:1; retained:1
jw-letter-1753-06-to-george-whitefield,john-wesley,06 To George Whitefield,letter,2,428,0.0491,0,work's:1; particulars:1; mentioning:1; conceived:1; tended:1; rums:1; apprehended:1; relating:1; stories:1; Popplestone:1; facts:1; propagating:1; expected:1; trifles:1; scrupled:1; endeavored:1; weakened:1; lines:1; labors:1; Whitd:1
jw-treatise-letter-to-dr-conyers-middleton,john-wesley,Treatise Letter To Dr Conyers Middleton,treatise,95,34733,0.0491,0,says:33; writings:23; tongues:22; writers:19; believed:18; centuries:15; testimonies:15; allowed:14; facts:14; senses:14; endued:14; prejudices:13; performed:12; subsisted:12; workers:12; affirmed:12; affirms:12; exorcists:12; expounding:11; earlier:10
jw-treatise-serious-thoughts-earthquake-at-lisbon,john-wesley,Treatise Serious Thoughts Earthquake At Lisbon,treatise,16,5725,0.0491,0,causes:8; yards:7; observed:4; pleasures:4; fool's:4; rains:3; Whitson:3; imprisoned:3; carth:3; lightnings:3; elements:3; etermity:3; glories:3; swallowed:2; Catanea:2; cinders:2; flames:2; stores:2; satisficd:2; diamonds:2
cw-duke-hymn-for-mary-langson-1770,charles-wesley,Hymn for Mary Langson (1770),hymn,13,1100,0.0491,0,metre:4; np:4; updated:2; became:2; brothers:2; focused:2; witnessed:2; neared:2; Exhortations:2; identified:2; Oliver's:2; attributed:2; phrases:2; contributed:2; brothers':2; Taxall:2; Reaches:2; Manifests:2; pard'ning:2; choirs:2
cw-duke-hymns-and-sacred-poems-1747,charles-wesley,Hymns and Sacred Poems (1747),hymn-collection,29,10509,0.0491,0,pow'r:20; pray'r:10; pow'rs:7; heav'nly:5; emerging:4; von:4; wand'ring:4; know'st:4; heav'n's:4; flames:4; forgiv'n:4; ador'd:4; quick'ning:4; wings:4; heav'ns:4; issued:3; glories:3; hopes:3; toys:3; heart's:3
cw-007-a-hymn-for-charity-children,charles-wesley,007 A Hymn For Charity Children,hymn,3,286,0.049,0,wings:2; edn:2; wand'ring:2; dams:2; assembling:2; vows:2; altars:2
jw-letters-1726,john-wesley,Letters 1726,letter,14,4367,0.049,0,pounds:6; promised:5; hopes:3; fires:3; cases:3; offence:3; detained:2; elected:2; shows:2; letting:2; copies:2; lips:2; transcribed:2; debts:2; realms:2; Hunte:2; objections:2; says:2; indulged:2; garrets:2
cw-019-romans-45,charles-wesley,019 Romans 45,hymn,1,164,0.0488,0,edn:2; justifieth:1; sleeps:1; hastens:1; heav'nly:1; lusts:1; unconsum'd:1
cw-073-on-a-journey,charles-wesley,073 On A Journey,hymn,1,123,0.0488,0,wings:1; glories:1; eagle's:1; utter'd:1; conversing:1; eccho:1
jw-letter-1735-04-to-his-brother-samuel,john-wesley,04 To His Brother Samuel,letter,2,389,0.0488,0,allowed:1; 'Verbis:1; quibus:1; jurejurando:1; adigitur:1; genuinum:1; obligationem:1; sacramenti:1; modum:1; mensuram:1; praestari:1; mente:1; praestantis:1; exigentis:1; supplied:1; referred:1; trs:1; proposing:1; runs:1
jw-letter-1786a-10-to-adam-clarke,john-wesley,A 10 To Adam Clarke,letter,1,123,0.0488,0,borders:2; Bridaine's:1; Stonhouse:1; laborers:1; redeeming:1
jw-letter-1748-26-to-william-grimshaw,john-wesley,26 To William Grimshaw,letter,1,144,0.0486,0,costs:2; fees:2; pounds:1; rioters:1; affidavits:1
jw-letter-1774-25-to-his-brother-charles,john-wesley,25 To His Brother Charles,letter,1,309,0.0485,0,Southcote:1; repaid:1; embezzled:1; increases:1; degrees:1; advises:1; mares:1; 'publishing:1; Glanvill's:1; narratives:1; Veniam:1; petimusque:1; damusque:1; vicissim:1; disturbances:1
cw-sermon-ix,charles-wesley,CW Sermon IX: Mark 12:30,sermon,26,5736,0.0485,0,enjoyments:5; tends:5; tion:4; pleasures:4; affections:3; required:3; flows:3; increases:3; tures:3; evils:3; enjoined:2; became:2; steps:2; joying:2; says:2; largest:2; supposes:2; viz:2; ther:2; bestowed:2
cw-duke-intercession-hymns-1759,charles-wesley,Intercession Hymns (1759),hymn-collection,5,1464,0.0485,0,suffered:2; darkest:2; redeeming:2; crimes:2; updated:1; engulfed:1; enjoyed:1; victories:1; defeats:1; earlier:1; concerns:1; pleaded:1; larger:1; np:1; Ryland:1; contains:1; endu'd:1; danger's:1; strains:1; reigns:1
cw-055-isaiah-519,charles-wesley,055 Isaiah 519,hymn,1,289,0.0484,0,victims:1; rag'd:1; o'erwhelming:1; favourites:1; unwatry:1; heap'd:1; chrystal:1; edns:1; short'ned:1; wants:1; disparted:1; persued:1; heav'nly:1; distracting:1
cw-006-before-their-going-to-work,charles-wesley,006 Before Their Going To Work,hymn,1,124,0.0484,0,vouchsafes:1; ordains:1; toils:1; learn'd:1; work'd:1; footsteps:1
jw-letter-1740-03-to-philip-henry-molther,john-wesley,03 To Philip Henry Molther,letter,1,62,0.0484,0,BISTOL:1; Sutor's:1; remembered:1
jw-letter-1744-07-to-the-countess-of-huntingdon,john-wesley,07 To The Countess Of Huntingdon,letter,2,496,0.0484,0,noblest:1; purposes:1; prostituted:1; distinctions:1; deprived:1; placed:1; mentioning:1; expressing:1; attempting:1; readers:1; complained:1; supplied:1; affirmed:1; chastest:1; tenderest:1; purest:1; sentiments:1; represented:1; ornaments:1; clearest:1
jw-letter-1790a-57-to-dr-pretyman-tomline-bishop-of-lincoln,john-wesley,A 57 To Dr Pretyman Tomline Bishop Of Lincoln,letter,2,413,0.0484,0,persecutes:2; Pretyman:1; Tomline:1; sacraments:1; bono:1; neighbors:1; hairbrained:1; drives:1; refuses:1; punishes:1; intents:1; purposes:1; haeretico:1; cornburendo:1; heretics:1; banished:1; countenanced:1; pity's:1; prays:1
jw-treatise-duty-of-minister-to-preach-politics,john-wesley,Treatise Duty Of Minister To Preach Politics,treatise,3,806,0.0484,0,glances:2; Zondervan:1; notwith:1; PREACII:1; pressed:1; stories:1; propagated:1; believed:1; refuting:1; slanders:1; aspersions:1; befals:1; surprised:1; deserves:1; betrayed:1; enemy's:1; defending:1; measures:1; behoves:1; censured:1
cw-081-luke-1521-father-i-have-sinned-against-heaven,charles-wesley,081 Luke 1521 Father I Have Sinned Against Heaven,hymn,1,331,0.0483,0,sinned:2; smil'd:1; Clasp'd:1; Dandled:1; knees:1; rebell'd:1; Swell'd:1; swell'd:1; weaker:1; forsook:1; pursued:1; recall'd:1; backslidings:1; fears:1; edn:1
jw-letter-1737-04-to-dr-brays-associates,john-wesley,04 To Dr Brays Associates,letter,1,207,0.0483,0,Associates:1; catechizes:1; lowest:1; endeavors:1; understandings:1; memories:1; larger:1; examined:1; parishioners:1; evenings:1
cw-duke-prayer-for-those-convinced-of-sin-1743,charles-wesley,Prayer for Those Convinced of Sin (1743),hymn,22,1326,0.0483,0,pris'ners:4; suff'ring:4; updated:2; required:2; practices:2; embodied:2; earliest:2; edns:2; variants:2; bleeds:2; mercies:2; compassions:2; interceeds:2; tempests:2; toss'd:2; moment's:2; toils:2; agonizing:2; wailings:2; hap'ly:2
jw-treatise-advantage-of-church-of-england,john-wesley,Treatise Advantage Of Church Of England,treatise,8,2927,0.0482,0,instituted:4; practices:3; pronounces:3; sacraments:3; merits:3; proves:3; agrees:2; differs:2; began:2; traditions:2; requires:2; ceremonies:2; denies:2; consciences:2; founded:2; baptized:2; receives:2; worshipped:2; adored:2; pilgrimages:2
jw-treatise-a-providential-event,john-wesley,Treatise A Providential Event,treatise,1,332,0.0482,0,cloisters:2; Lads:1; lads:1; started:1; senses:1; Wheing:1; asked:1; robbed:1; footpads:1; maked:1; heels:1; expired:1; Jhe:1; shillings:1; smeans:1
cw-duke-invasion-hymns-1759,charles-wesley,Invasion Hymns (1759),hymn-collection,7,2365,0.0482,0,Expected:3; seas:3; suffered:2; darkest:2; redeeming:2; fleets:2; murtherers:2; fiercest:2; updated:1; alterations:1; engulfed:1; enjoyed:1; victories:1; defeats:1; larger:1; earlier:1; contrasting:1; attempting:1; terminating:1; planned:1
jw-letter-1759-12-to-sir-james-lowther-afterwards-earl-of-lonsdale-e,john-wesley,12 To Sir James Lowther Afterwards Earl Of Lonsdale E,letter,3,769,0.0481,0,pursues:5; ends:5; maxims:5; Lonsdale:1; pursuing:1; noblest:1; degrees:1; discerned:1; doeth:1; uses:1; choicest:1; instruments:1; caetera:1; vincit:1; rapido:1; contrarius:1; evehor:1; orbi:1; Ovid's:1; trs:1
jw-treatise-letter-to-dr-horne,john-wesley,Treatise Letter To Dr Horne,treatise,8,2982,0.048,0,justi:6; proves:6; says:5; implies:4; affirms:4; ceasing:3; asserts:3; fied:3; heresies:2; writings:2; allowed:2; ance:2; fication:2; terms:2; eousness:2; believes:2; comprehends:2; examples:2; recited:2; exeryxos:2
jw-treatise-letter-to-mr-baily,john-wesley,Treatise Letter To Mr Baily,treatise,31,11054,0.048,0,deposes:22; deponent's:10; facts:8; abused:8; bruised:7; walked:7; windows:7; motives:7; riots:6; began:6; replied:6; assaulted:6; believes:5; asked:5; weapons:4; terms:4; doors:4; abusing:4; tion:4; faults:4
cw-047-from-the-same-anna-dober,charles-wesley,047 From The Same Anna Dober,hymn,1,146,0.0479,0,believes:1; receives:1; beholds:1; pard'ning:1; von:1; der:1; ysenhaus:1
cw-030-romans-724-who-shall-deliver-me-from-the-body-of-this-death,charles-wesley,030 Romans 724 Who Shall Deliver Me From The Body Of This Death,hymn,1,335,0.0478,0,wants:2; lab'ring:1; heart's:1; folds:1; began:1; edn:1; besets:1; meets:1; persuades:1; helplesness:1; lips:1; fears:1; Immur'd:1; shatter'd:1; escapes:1
jw-letter-1757-17-to-samuel-furly,john-wesley,17 To Samuel Furly,letter,1,251,0.0478,0,sentiments:1; merits':1; suffered:1; Braenose:1; Northants:1; ornatus:1; est:1; suis:1; instratibus:1; adorned:1; caparisons:1; Emkin:1
jw-treatise-second-letter-to-bishop-of-exeter,john-wesley,Treatise Second Letter To Bishop Of Exeter,treatise,4,1403,0.0478,0,stairs:4; asked:3; correspondents:3; facts:2; adds:2; attestations:2; falsehoods:2; says:2; mentions:2; imposed:2; transmitting:2; disowned:2; expected:1; endeavoured:1; endeavours:1; alleged:1; mined:1; required:1; transcribed:1; follows:1
jw-letter-1726-02-to-his-brother-samuel,john-wesley,02 To His Brother Samuel,letter,2,440,0.0477,0,promised:2; pounds:2; hopes:1; transcribed:1; copies:1; Rector's:1; debts:1; defrayed:1; remaining:1; commences:1; observed:1; natured:1; fountain's:1; flow'ry:1; Celinda:1; increased:1; summer's:1; lips:1; sucked:1
cw-067-1-john-318-little-children-love-one-another,charles-wesley,067 1 John 318 Little Children Love One Another,hymn,1,231,0.0476,0,wills:2; controul:2; seas:1; cords:1; closest:1; footsteps:1; affections:1; quick'ning:1; wond'ring:1
jw-letter-1786a-03-to-mrs-fletcher,john-wesley,A 03 To Mrs Fletcher,letter,1,147,0.0476,0,moment's:1; relating:1; superiors:1; wretches:1; prevented:1; misusing:1; materials:1
cw-duke-hymn-for-christmas-day-1743,charles-wesley,Hymn for Christmas Day (1743),hymn,2,210,0.0476,0,copies:4; ledgers:2; shows:2; survived:2
cw-029-in-desertion-or-temptation,charles-wesley,029 In Desertion Or Temptation,hymn,1,379,0.0475,0,moves:2; edn:2; cares:1; deepest:1; Chearless:1; knees:1; abhors:1; pray'r:1; tastless:1; ascends:1; drag'd:1; lips:1; fights:1; gusts:1; strives:1; wishes:1
cw-095-written-after-walking-over-smithfield,charles-wesley,095 Written After Walking Over Smithfield,hymn,1,421,0.0475,0,belov'd:2; floods:1; liv'st:1; infusing:1; giv'st:1; finger's:1; spices:1; clap'd:1; flames:1; defy'd:1; brav'd:1; animates:1; deaths:1; infant's:1; babes:1; assisting:1; steeds:1; fires:1; seas:1
jw-treatise-thoughts-upon-liberty,john-wesley,Treatise Thoughts Upon Liberty,treatise,15,5459,0.0473,0,senses:5; neighbours:4; deprived:4; ancestors:3; enacted:3; ipso:3; facto:3; robbed:3; practised:3; patriots:3; forefathers:2; complaining:2; kinds:2; steps:2; throats:2; chains:2; neighbours':2; considers:2; characters:2; endowments:2
jw-treatise-letter-to-mr-downes,john-wesley,Treatise Letter To Mr Downes,treatise,17,5934,0.0472,0,concerns:4; ac:4; contributions:4; est:4; examined:3; falsehoods:3; dreamed:3; asserted:3; charges:3; families:3; follies:3; precluding:3; discerned:3; conveyed:3; agonies:3; faculties:3; practices:2; wolves:2; errors:2; tion:2
cw-092-seraphick-love-altered-from-john-norris,charles-wesley,092 Seraphick Love Altered From John Norris,hymn,1,191,0.0471,0,Seraphick:2; nobler:1; lovelier:1; fairest:1; beauty's:1; aspires:1; breathings:1; edn:1
jw-letter-1762-27-to-jonah-freeman,john-wesley,27 To Jonah Freeman,letter,1,85,0.0471,0,attained:1; lacking:1; Farr's:1; Aldersgate:1
jw-letter-1764-40-to-his-brother-charles,john-wesley,40 To His Brother Charles,letter,1,382,0.0471,0,Witherspoon's:1; theatre:1; Ecquid:1; novisti:1; rectius:1; agonies:1; Simonides:1; habet:1; preparing:1; procured:1; kuanehsin:1; ofrusi:1; neuse:1; Kroviwnhr:1; lines:1; nodded:1; Vivamus:1; Armelle:1
jw-letter-1768-57-to-his-brother-charles,john-wesley,57 To His Brother Charles,letter,1,297,0.0471,0,listened:1; Garrat:1; strongest:1; seemed:1; dishonesty:1; earned:1; pounds:1; expended:1; debts:1; can't:1; cured:1; endured:1; month's:1; sheets:1
jw-letter-1770-27-to-rebecca-yeoman,john-wesley,27 To Rebecca Yeoman,letter,1,170,0.0471,0,wisest:1; Strologer:1; conquered:1; visits:1; fears:1; wishes:1; wants:1; nothin:1
cw-duke-means-of-grace-1740,charles-wesley,Means of Grace (1740),hymn,2,552,0.0471,0,copies:8; tensions:2; emerging:2; brothers:2; evoking:2; Molter's:2; publishing:2; ledgers:2; efforts:2; records:2
jw-letter-1734-03-to-william-law,john-wesley,03 To William Law,letter,3,1001,0.047,0,asked:5; shows:2; authors:2; pressed:2; can't:2; entrusted:1; pupils:1; sheets:1; treatises:1; awakened:1; degrees:1; viz:1; wants:1; required:1; abstaining:1; persisted:1; altering:1; expired:1; abated:1; begged:1
jw-letter-1780b-01-to-the-editors-of-the-freemans-journal,john-wesley,B 01 To The Editors Of The Freemans Journal,letter,5,1637,0.047,0,heretics:3; asserts:3; disclaimed:2; vows:2; contains:2; arraigned:2; urged:2; regicides:2; forma:2; professionis:2; fidei:2; Editors:1; genitus:1; prefacing:1; gained:1; moves:1; hindered:1; throats:1; neighbours:1; receives:1
cw-sermon-vii,charles-wesley,CW Sermon VII: Psalm 126:6,sermon,10,2576,0.047,0,sheaves:3; enjoys:3; begins:3; joice:3; virtues:2; requires:2; tempers:2; piness:2; ofjoy:2; needeth:2; casts:2; effected:1; maintained:1; tonishing:1; natures:1; educed:1; nounced:1; overbalancing:1; evils:1; began:1
cw-087-matthew-54-blessed-are-they-that-mourn,charles-wesley,087 Matthew 54 Blessed Are They That Mourn,hymn,1,512,0.0469,0,groans:2; edn:2; purified:1; hungrings:1; breathings:1; moans:1; Agonies:1; supprest:1; pronounc'd:1; returns:1; wills:1; Hides:1; Bruised:1; reeds:1; reap'd:1; Hears:1; Groans:1; belov'd:1; harms:1; may'st:1
jw-letter-1761-01-to-the-editor-of-the-london-chronicle,john-wesley,01 To The Editor Of The London Chronicle,letter,2,554,0.0469,0,excused:2; seats:1; shocked:1; surprised:1; stairs:1; felons:1; thinks:1; referred:1; hears:1; decides:1; quarrelling:1; cheats:1; wrongs:1; suffered:1; observed:1; callings:1; tools:1; materials:1; trades:1; regulations:1
jw-letter-1730-02-to-mrs-wesley-at-epworth-to-be-left,john-wesley,02 To Mrs Wesley At Epworth To Be Left,letter,1,171,0.0468,0,maintained:1; acknowledgements:1; manuscripts:1; recollecting:1; repeating:1; renewed:1; pupils:1; joins:1
jw-letter-1738-28-to-james-hutton,john-wesley,28 To James Hutton,letter,1,235,0.0468,0,trifles:1; wanted:1; viz:1; papers:1; cups:1; Newcomb's:1; talked:1; offence:1; prospers:1; flocks:1; herds:1
jw-letter-1762-28-to-samuel-furly-london-december-20-1762,john-wesley,28 To Samuel Furly London December 20 1762,letter,2,385,0.0468,0,endeavours:1; expressions:1; became:1; Animadversions:1; replied:1; accusing:1; aimed:1; seemed:1; overmatched:1; says:1; soonest:1; amended:1; natured:1; endeavoured:1; replies:1; writes:1; labours:1; signifies:1
cw-sermon-129,charles-wesley,Sermon 129,sermon,17,5600,0.0466,0,swallowed:9; ruins:6; foundations:5; towns:5; Catania:4; spared:4; leagues:4; ships:4; visited:3; intervals:3; shocks:2; stretched:2; bringeth:2; removeth:2; trembleth:2; windows:2; overwhelmed:2; happened:2; began:2; astonished:2
jw-letter-1772-64-to-miss-bolton-in-witney-oxfordshire,john-wesley,64 To Miss Bolton In Witney Oxfordshire,letter,1,43,0.0465,0,says:1; required:1
jw-letter-1779-54-to-the-methodist-societies,john-wesley,54 To The Methodist Societies,letter,1,86,0.0465,0,particulars:2; Webb's:1; assisting:1
jw-letter-1781a-07-to-zachariah-yewdull,john-wesley,A 07 To Zachariah Yewdull,letter,1,86,0.0465,0,Johns:1; gets:1; inclined:1; depended:1
jw-letter-1791-01-to-richard-rodda,john-wesley,01 To Richard Rodda,letter,1,172,0.0465,0,Rodda's:1; stationed:1; 'desisted:1; consequences:1; dissentions:1; Bayley's:1; journeys:1; prolonged:1
jw-treatise-doctrine-of-original-sin,john-wesley,Treatise Doctrine Of Original Sin,treatise,329,122483,0.0465,0,sinned:72; says:58; offence:58; tion:43; texts:36; punished:34; inclined:32; consequences:30; miseries:29; inflicted:28; punishments:28; circumstances:27; proves:26; tempers:25; appetites:25; habits:24; allowed:22; shows:21; threatened:21; signifies:21
cw-033-psalm-130,charles-wesley,033 Psalm 130,hymn,1,280,0.0464,0,burthen:2; mourns:1; droops:1; aking:1; pines:1; thirsts:1; edn:1; rig'rously:1; expects:1; flies:1; beams:1; stains:1
jw-letter-1790a-10-to-thomas-morrell,john-wesley,A 10 To Thomas Morrell,letter,1,194,0.0464,0,Morrell:1; revolutions:1; forerunners:1; sitteth:1; waterfloods:1; remaineth:1; Garrettson's:1; refers:1; Bangs's:1
cw-duke-funeral-hymns-1759,charles-wesley,Funeral Hymns (1759),hymn-collection,40,14433,0.0464,0,pard'ning:9; fears:9; wings:8; flies:8; edn:6; shew'd:6; variants:6; forgiven:5; survives:5; burthen:5; steps:5; toils:5; glories:4; belov'd:4; labour'd:4; bow'd:4; bestow'd:4; worlds:3; servant's:3; promis'd:3
jw-treatise-second-letter-on-enthusiasm-of-methodists-and-papists,john-wesley,Treatise Second Letter On Enthusiasm Of Methodists And Papists,treatise,53,19698,0.0463,0,writings:13; passages:12; says:11; proofs:10; observed:9; tion:9; doubts:9; ance:8; charges:8; disciples:8; quotations:7; scepticism:7; quarrels:7; assur:6; conflicts:6; errors:6; sentences:5; causes:5; holds:5; senses:5
cw-023-upon-parting-with-his-friends-part-i,charles-wesley,023 Upon Parting With His Friends Part I,hymn,1,173,0.0462,0,complaints:1; wants:1; supplies:1; ennobled:1; fears:1; wails:1; Ling'ring:1; cares:1
cw-098-the-love-feast-part-i---part-v-1-peter-13-etc,charles-wesley,098 The Love Feast Part I   Part V 1 Peter 13 Etc,hymn,1,260,0.0462,0,etc:1; ador'd:1; begot:1; cloys:1; reserv'd:1; Exercis'd:1; interpos'd:1; Gladden'd:1; believes:1; receives:1; differing:1; Lengthen'd:1
jw-letter-1724-02-to-his-mother,john-wesley,02 To His Mother,letter,5,1322,0.0461,0,chains:3; says:3; matriculated:2; refers:2; preceded:1; rogues:1; pursued:1; Sheppard's:1; Sheppard:1; locks:1; exploits:1; reproduced:1; finds:1; serials:1; Ainsworth:1; stories:1; fettered:1; manacled:1; strongest:1; fetters:1
jw-letter-1756a-11-to-ebenezer-blackwell,john-wesley,A 11 To Ebenezer Blackwell,letter,1,152,0.0461,0,enclosed:2; professions:2; forwarded:1; annotated:1; highness's:1
jw-letter-1772-44-to-samuel-sparrow,john-wesley,44 To Samuel Sparrow,letter,2,542,0.0461,0,delayed:1; writers:1; ridiculed:1; believed:1; disbelieved:1; talked:1; systems:1; compiling:1; declamations:1; descants:1; errors:1; translators:1; faults:1; afforded:1; demonstrations:1; lending:1; commenting:1; sentiments:1; infused:1; honoured:1
cw-005-looking-unto-jesus-from-the-german-maria-böhmer-the-same,charles-wesley,005 Looking Unto Jesus From The German Maria Böhmer The Same,hymn,1,261,0.046,0,hmer:1; seekest:1; pursuing:1; quickning:1; foundations:1; edn:1; requires:1; aspires:1; fires:1; deaths:1; snares:1; cares:1
jw-treatise-thoughts-upon-jacob-behmen,john-wesley,Treatise Thoughts Upon Jacob Behmen,treatise,6,1998,0.046,0,properties:9; strikes:5; writings:2; existed:2; conceived:2; tion:2; observed:2; says:2; une:2; ture:2; honoured:1; truths:1; licked:1; admits:1; writes:1; supposes:1; confuta:1; quoting:1; cide:1; wants:1
cw-004-john-1518-19,charles-wesley,004 John 1518 19,hymn,1,305,0.0459,0,edn:2; slumb'ring:1; emerging:1; increas'd:1; favours:1; glimm'ring:1; pleasures:1; glories:1; smiles:1; pow'r:1; pray'r:1; rouze:1; pow'rs:1
jw-treatise-letter-to-the-bishop-of-london,john-wesley,Treatise Letter To The Bishop Of London,treatise,18,6562,0.0459,0,consequences:7; pretences:6; endeavours:5; says:5; lowest:4; tenets:4; errors:4; proselytes:4; ends:4; degrees:4; appearances:4; facts:4; flocks:3; practices:3; mercies:3; doeth:3; minds:3; duties:3; ship's:2; mistakes:2
jw-treatise-treatise-on-baptism,john-wesley,Treatise Treatise On Baptism,treatise,17,5904,0.0459,0,baptized:41; baptizing:9; proselytes:6; benefits:5; disciples:5; sinned:5; says:5; households:4; promised:4; circum:4; circumcised:4; trespasses:3; includes:3; ascribes:3; cision:3; follows:3; prac:3; instituted:2; insti:2; performed:2
jw-letter-1790a-26-to-charles-atmore,john-wesley,A 26 To Charles Atmore,letter,1,131,0.0458,0,institutions:1; centuries:1; inspectors:1; duties:1; instruments:1; o'clock:1
jw-treatise-letter-to-a-clergyman,john-wesley,Treatise Letter To A Clergyman,treatise,4,1332,0.0458,0,advantages:5; practise:4; empowered:3; undergone:3; cures:3; est:3; medetur:3; fees:3; settles:2; patients:2; remaining:2; attempts:2; regards:2; hints:1; relating:1; night's:1; preserving:1; healed:1; heals:1; serves:1
cw-duke-primitive-christianity-1743,charles-wesley,Primitive Christianity (1743),hymn,36,2226,0.0458,0,edn:14; concerns:4; updated:2; voices:2; championed:2; embodying:2; brothers:2; echoed:2; contended:2; failed:2; viewed:2; lines:2; commitments:2; sensing:2; addressed:2; insisting:2; remained:2; exceptions:2; cleav'd:2; claim'd:2
cw-duke-hymn-on-the-lisbon-earthquake-1756,charles-wesley,Hymn on the Lisbon Earthquake (1756),hymn,15,1876,0.0458,0,occasioned:6; voices:4; events:4; causes:4; lightnings:4; estimated:2; shocks:2; followed:2; details:2; II's:2; began:2; pushed:2; emphasizing:2; argued:2; dated:2; presenting:2; signaling:2; suggests:2; hints:2; etc:2
jw-sermon-102,john-wesley,Sermon 102,sermon,14,3961,0.0457,0,larger:4; respects:3; excelled:3; writers:3; modes:3; increased:3; deserves:2; suppositions:2; abilities:2; writings:2; generations:2; descendants:2; equalled:2; bestowed:2; cats:2; worshipping:2; allowed:2; circumstances:2; countries:2; attained:2
jw-letter-1749-01-to-dr-conyers-middleton,john-wesley,01 To Dr Conyers Middleton,letter,101,33233,0.0457,0,says:27; writings:22; tongues:21; believed:18; writers:16; testimonies:15; centuries:14; allowed:14; facts:14; prejudices:13; endued:12; performed:11; senses:11; subsisted:11; affirmed:11; granted:10; objections:10; passages:10; affirms:9; exorcists:9
jw-letter-1774-61-to-john-bredin,john-wesley,61 To John Bredin,letter,1,175,0.0457,0,stationed:2; Milne:1; destroying:1; staying:1; inconveniences:1; Jamey:1; necessaries:1
jw-letter-1781b-10-to-his-nephew-charles-wesley,john-wesley,B 10 To His Nephew Charles Wesley,letter,1,219,0.0457,0,observed:1; moments:1; Metkinks:1; trifles:1; baubles:1; labors:1; methods:1; strives:1; advantages:1; humored:1
jw-letter-1750-06-to-james-brewster,john-wesley,06 To James Brewster,letter,1,285,0.0456,0,mentioning:2; Higden's:1; Higden:1; arguing:1; allowed:1; contesting:1; authorizes:1; faults:1; lovefeasts:1; exhortations:1; suited:1; advices:1
jw-treatise-thoughts-on-nervous-disorders,john-wesley,Treatise Thoughts On Nervous Disorders,treatise,6,2106,0.0456,0,requires:7; termed:3; causes:3; liquors:3; complaints:2; centuries:2; Cadogan:2; observes:2; lungs:2; hurts:2; intem:2; perance:2; weaker:2; conveys:1; prescriptions:1; runners:1; distempers:1; consequences:1; ariscs:1; thinks:1
jw-letters-1749,john-wesley,Letters 1749,letter,101,33485,0.0456,0,says:27; writings:22; tongues:21; believed:18; writers:16; testimonies:15; centuries:14; allowed:14; facts:14; prejudices:13; endued:12; performed:11; senses:11; subsisted:11; affirmed:11; granted:10; objections:10; passages:10; affirms:9; exorcists:9
jw-letter-1751-01-to-ebenezer-blackwell,john-wesley,01 To Ebenezer Blackwell,letter,1,22,0.0455,0,follows:1
jw-letter-1770-48-to-joseph-benson,john-wesley,48 To Joseph Benson,letter,2,527,0.0455,0,profited:1; aggravated:1; congregations:1; expected:1; occupied:1; supplied:1; Brooksbank:1; Neale:1; administers:1; disciples:1; fulfilled:1; Justitia:1; legis:1; justitia:1; legalis:1; Thn:1; twn:1; bibliwn:1; diyan:1; ripte:1
jw-letter-1780b-11-to-zachariah-yewdall,john-wesley,B 11 To Zachariah Yewdall,letter,1,66,0.0455,0,mentions:1; wants:1; supplied:1
jw-letter-1788a-04-to-joseph-pescod,john-wesley,A 04 To Joseph Pescod,letter,1,88,0.0455,0,repairing:2; wants:1; expires:1
jw-letter-1788b-38-to-jasper-winscon,john-wesley,B 38 To Jasper Winscon,letter,1,66,0.0455,0,Winscon:1; pounds:1; borrowed:1
cw-duke-person-bearing-testimony-1747,charles-wesley,Person Bearing Testimony (1747),hymn,14,2292,0.0454,0,edn:6; charges:4; updated:2; contacts:2; brothers:2; beginnings:2; became:2; reports:2; connections:2; issued:2; concerns:2; highlighted:2; ascribed:2; relying:2; impulses:2; decisions:2; Gibson's:2; disputed:2; stressed:2; affirmed:2
jw-letter-1777-65-to-the-reader-of-the-arminian-magazine,john-wesley,65 To The Reader Of The Arminian Magazine,letter,1,177,0.0452,0,compilers:1; covers:1; acquainting:1; beauties:1; excellencies:1; contains:1; writers:1; excused:1
jw-letter-1784b-13-to-william-pitt-first-lord-of-the-treasury,john-wesley,B 13 To William Pitt First Lord Of The Treasury,letter,3,797,0.0452,0,taxes:2; emboldens:1; recommending:1; mentioning:1; services:1; hinting:1; hints:1; forgiven:1; imposed:1; shillings:1; towns:1; windows:1; defrauded:1; extirpating:1; villains:1; abettors:1; distillers:1; distil:1; amounted:1; bartered:1
jw-letter-1789b-27-to-henry-moore,john-wesley,B 27 To Henry Moore,letter,1,155,0.0452,0,Brown's:1; portends:1; delays:1; seized:1; lasted:1; se'nnight:1; kindest:1
jw-treatise-thoughts-on-salvation-by-faith,john-wesley,Treatise Thoughts On Salvation By Faith,treatise,4,1395,0.0452,0,solved:3; inclined:2; affirmed:2; movendam:2; invidiam:2; depends:2; foreseen:2; excludes:2; tion:2; believed:1; began:1; minds:1; assaulted:1; abused:1; represented:1; escaped:1; newspapers:1; pamphlets:1; kinds:1; monsters:1
cw-010-a-morning-hymn,charles-wesley,010 A Morning Hymn,hymn,1,133,0.0451,0,chears:1; beams:1; mists:1; Polute:1; stains:1; errors:1
jw-letter-1760-25-to-the-editor-of-lloyds-evening-post-editors-intro,john-wesley,25 To The Editor Of Lloyds Evening Post Editors Intro,letter,2,732,0.0451,0,says:2; neighbour:2; produces:2; humour:1; personates:1; theatre:1; impostors:1; buffoons:1; styles:1; errants':1; contradicting':1; exchanged:1; charges:1; particulars:1; believes:1; propositions:1; denies:1; 'elevates:1; renders:1; minds:1
jw-letter-1778-29-to-mrs-woodhouse,john-wesley,29 To Mrs Woodhouse,letter,1,133,0.0451,0,Fetherston:2; cursing:1; abusing:1; prays:1; says:1
jw-treatise-thoughts-upon-slavery,john-wesley,Treatise Thoughts Upon Slavery,treatise,25,9379,0.0451,0,procured:14; natives:9; says:6; ships:6; towns:6; degrees:5; countrymen:5; kingdoms:4; coasts:4; villany:4; chains:4; began:3; runs:3; traders:3; punished:3; husbands:3; beasts:3; dealings:3; o'clock:3; follows:3
jw-letter-1745-15-to-westley-hall,john-wesley,15 To Westley Hall,letter,13,4287,0.045,0,novit:5; successors:4; erat:4; professions:3; terms:3; writings:3; supra:3; eam:3; esse:3; practices:2; assertions:2; says:2; experiences:2; meus:2; animae:2; meae:2; mentem:2; meam:2; aliud:2; sicut:2
cw-028-in-affliction,charles-wesley,028 In Affliction,hymn,1,156,0.0449,0,glories:1; wand'rer's:1; Pow'rful:1; murm'ring:1; warring:1; pow'r:1; boasted:1
jw-letter-1750-17-to-mrs-madan,john-wesley,17 To Mrs Madan,letter,1,267,0.0449,0,circumstances:2; allowed:1; teacheth:1; visits:1; Hebert:1; observes:1; can't:1; adds:1; hithero:1; swallowed:1; moments:1
jw-letter-1756a-09-to-richard-tompson,john-wesley,A 09 To Richard Tompson,letter,1,156,0.0449,0,doubts:3; forgiven:2; asked:1; forgiven':1
jw-letter-1768-05-to-his-brother-charles,john-wesley,05 To His Brother Charles,letter,1,223,0.0448,0,pounds:2; pays:1; borrowed:1; tritavus:1; grandmother's:1; quickening:1; talents:1; entrusted:1; loins:1
jw-treatise-answer-to-hills-imposture-detected,john-wesley,Treatise Answer To Hills Imposture Detected,treatise,9,3170,0.0448,0,says:6; candour:4; renounced:3; lubbers:3; assertions:2; traduces:2; claws:2; considers:2; denies:2; sluts:2; lines:2; renounces:2; maintains:2; ists:2; disciples:2; addressed:2; dupes:2; tinkers:2; scavengers:2; draymen:2
cw-005-hymn-v,charles-wesley,005 Hymn V,hymn,2,1428,0.0448,0,cov'nant:12; forgiven:4; pard'ning:4; believes:4; despight:2; banish'd:2; desp'rate:2; deserv'd:2; doom'd:2; wilfully:2; Apostatiz'd:2; Enlighten'd:2; forgiv'n:2; sanctify'd:2; fall'n:2; may'st:2; abhorr'd:2; ratify'd:2; gen'ral:2; redeeming:2
jw-sermon-cw1816-xiii,john-wesley,JW Sermon (in CW 1816): Job 3:17,sermon,14,3105,0.0448,0,troubles:3; evils:3; truths:3; infirmities:2; healed:2; ac:2; injuries:2; despiseth:2; tinually:2; noblest:2; diedst:2; livest:2; sinning:2; surveyed:1; conceived:1; groaned:1; sinned:1; began:1; groaneth:1; afflicts:1
jw-letter-1789b-22-to-the-methodist-people,john-wesley,B 22 To The Methodist People,letter,2,559,0.0447,0,stationing:3; terms:1; other's:1; began:1; increased:1; vested:1; conceived:1; subscriptions:1; contributions:1; contributing:1; seized:1; promised:1; refused:1; requiring:1; disliked:1; objections:1; robbed:1; wellnigh:1; violated:1; shoulders:1
jw-treatise-answer-to-churchs-remarks,john-wesley,Treatise Answer To Churchs Remarks,treatise,46,17333,0.0447,0,errors:17; consequences:14; ordinances:12; cases:9; began:7; doubts:7; duties:7; occasioned:7; lessened:6; respects:6; crimes:6; conditions:6; forgiven:6; people's:6; sentiments:5; observed:5; follows:5; deluded:5; charged:5; justi:5
jw-letter-1784a-37-to-arthur-keene,john-wesley,A 37 To Arthur Keene,letter,1,336,0.0446,0,towns:3; Blair's:1; labors:1; preaches:1; confirms:1; succeeds:1; Condy's:1; continues:1; neglected:1; Pawson's:1; scandalized:1; Stratford's:1; precedes:1
jw-letter-1772-47-to-his-brother-charles,john-wesley,47 To His Brother Charles,letter,1,292,0.0445,0,escaped:1; maiming:1; joins:1; pounds:1; journeys:1; Tuesd:1; Wedn:1; xaritwn:1; mia:1; merum:1; bruised:1; Boyce's:1; Pat's:1
jw-sermon-061,john-wesley,The Mystery of Iniquity,sermon,19,5941,0.0444,0,began:6; tempers:6; excepted:4; tares:4; generations:3; healed:3; believed:3; walked:3; heresies:3; sanctifying:2; remained:2; glorified:2; fulfilled:2; increased:2; escaped:2; followed:2; named:2; commenced:2; modes:2; vices:2
cw-061-to-be-sung-while-at-work,charles-wesley,061 To Be Sung While At Work,hymn,1,338,0.0444,0,tongues:1; drunkard's:1; voices:1; hosannas:1; blasphemies:1; closing:1; crafted:1; spar'd:1; firebrands:1; Proofs:1; caves:1; belov'd:1; converts:1; Fewel:1; edn:1
cw-088-habakkuk-24-the-just-shall-live-by-faith,charles-wesley,088 Habakkuk 24 The Just Shall Live By Faith,hymn,1,765,0.0444,0,promis'd:2; yielded:2; beasts:1; Eden's:1; hugg'd:1; answer'd:1; mourn'd:1; work'd:1; pray'd:1; vows:1; engagements:1; scorn'd:1; resolves:1; prevail'd:1; bonds:1; fail'd:1; fowler's:1; foils:1; ceas'd:1; toils:1
jw-letter-1737-05-to-the-georgia-trustees,john-wesley,05 To The Georgia Trustees,letter,2,542,0.0443,0,expended:3; commencing:1; surprised:1; observed:1; Quincey:1; hangings:1; improvements:1; repairs:1; fences:1; journeys:1; particulars:1; amounting:1; amounts:1; embezzling:1; Society's:1; can't:1; assisting:1; pertains:1; establishing:1; labors:1
jw-letter-1779-01-to-mr---,john-wesley,01 To Mr   ,letter,1,203,0.0443,0,showed:1; follows:1; Tonchin:1; converts:1; pays:1; publishing:1; wretch's:1; writes:1; writings:1
jw-treatise-thoughts-upon-dissipation,john-wesley,Treatise Thoughts Upon Dissipation,treatise,3,949,0.0443,0,pleasures:7; affections:4; amusements:2; centred:2; ancentred:2; dissipa:1; tion:1; says:1; reigning:1; recurs:1; sorts:1; views:1; termed:1; prevails:1; lowest:1; clearest:1; exists:1; enjoyments:1; tempers:1; unhinged:1
cw-duke-new-years-hymns-1749,charles-wesley,New Years Hymns (1749),hymn-collection,5,1627,0.0443,0,lengthens:3; spares:3; edn:3; remained:2; brothers:2; services:2; identified:1; deviated:1; earliest:1; entries:1; emerging:1; subsided:1; retrieved:1; became:1; reprinting:1; dropped:1; dates:1; bar'd:1; spar'd:1; threatning:1
cw-090-praise-for-redemption-from-the-german-ludwig-andreas-gotter,charles-wesley,090 Praise For Redemption From The German Ludwig Andreas Gotter,hymn,1,181,0.0442,0,wallowing:1; loath'd:1; saw'st:1; Gav'st:1; stores:1; von:1; der:1; ysenhaus:1
jw-letter-1768-07-to-mrs-moon,john-wesley,07 To Mrs Moon,letter,1,226,0.0442,0,reproached:1; trifles:1; reports:1; reminded:1; retained:1; newborn:1; cherished:1; weakened:1; sinews:1; required:1
jw-letter-1768-22-to-his-brother-charles,john-wesley,22 To His Brother Charles,letter,1,249,0.0442,0,fails:1; penned:1; archers:1; succeeded:1; wits':1; vir:1; esto:1; nervos:1; intendas:1; tuos:1; Eunuchus:1
jw-letter-1784a-35-to-francis-wrigley,john-wesley,A 35 To Francis Wrigley,letter,1,181,0.0442,0,Colmer:1; Colmet':1; employers:1; missed:1; Risgwy:1; requires:1; supplied:1; labors:1
jw-letter-1785b-22-to-robert-cart-brackenbury,john-wesley,B 22 To Robert Cart Brackenbury,letter,1,181,0.0442,0,sitteth:1; floods:1; remaineth:1; inroads:1; observed:1; commotions:1; quelled:1; abeting:1
jw-treatise-disavowal-of-persecuting-papists,john-wesley,Treatise Disavowal Of Persecuting Papists,treatise,2,701,0.0442,0,tion:2; forefathers:2; heretics:2; vehe:2; mence:2; Grattan:2; persecu:1; men's:1; neighbour:1; doubted:1; indulgences:1; disavowed:1; trusted:1; dined:1; asked:1; husband's:1; doors:1; ques:1; denies:1; enjoyed:1
jw-treatise-calm-address-to-inhabitants-of-england,john-wesley,Treatise Calm Address To Inhabitants Of England,treatise,13,4883,0.0442,0,enjoyed:4; countrymen:3; detained:3; forefathers:3; misunderstandings:2; occasioned:2; measures:2; increased:2; towns:2; imported:2; Hancock:2; patriots:2; echoed:2; spared:2; began:2; obtained:2; believed:2; stores:2; ships:2; troops:2
cw-sermon-v,charles-wesley,CW Sermon V: Luke 10:42,sermon,12,2714,0.0442,0,chains:5; pursued:3; occupied:2; ends:2; pursuing:2; objects:2; placed:2; astonished:2; swallowed:2; neglects:2; affections:2; providences:2; natures:2; va:1; rious:1; enterprises:1; employments:1; observed:1; inclina:1; tions:1
cw-sermon-viii,charles-wesley,CW Sermon VIII: Matthew 6:22-23,sermon,8,2038,0.0442,0,depends:3; paths:2; turnest:2; practise:2; allowed:2; renders:2; refreshments:2; waves:2; Frederics:1; Simon's:1; befull:1; longed:1; designs:1; granted:1; heart's:1; wiir:1; fended:1; circum:1; stances:1; movements:1
jw-letter-1773-28-to-philothea-briggs,john-wesley,28 To Philothea Briggs,letter,1,136,0.0441,0,tempers:2; anointing:1; offence:1; hairs:1; numbered:1
jw-letter-1774-44-to-joseph-benson,john-wesley,44 To Joseph Benson,letter,1,272,0.0441,0,staying:2; stirred:2; quickened:2; contriving:1; congregations:1; Saunderson's:1; larger:1; girls':1; Gow:1
jw-letter-1786b-43-to-zachariah-yewdall,john-wesley,B 43 To Zachariah Yewdall,letter,1,204,0.0441,0,Deeember:1; favorites:1; hearers:1; gained:1; Coilis:1; attending:1; wife's:1; Mackrill:1; Betwick:1
cw-duke-earthquake-hymns-1750-pt-ii,charles-wesley,Earthquake Hymns (1750) Pt II,hymn-collection,9,3038,0.0441,0,plagues:4; nation's:3; foundations:3; woes:3; edn:2; mercies:2; confirms:2; clifts:2; receives:2; storms:2; lands:2; updated:1; themes:1; Westerfield:1; occasioned:1; adds:1; preserving:1; alarm'd:1; surprize:1; spar'd:1
jw-letter-1738-09-to-his-mother,john-wesley,09 To His Mother,letter,2,409,0.044,0,walked:2; Beurn:1; Nimwegen:1; fortified:1; cornfields:1; Cleves:1; crosses:1; convents:1; ugliest:1; dirtiest:1; misshaped:1; windows:1; cobwebs:1; stables:1; Mayence:1; placed:1; cares:1
jw-treatise-estimate-of-manners-of-present-times,john-wesley,Treatise Estimate Of Manners Of Present Times,treatise,9,3202,0.044,0,governs:4; exceptions:3; ranks:3; fleets:3; administering:3; individuals:2; patterns:2; kingdoms:2; neighbours:2; particulars:2; perjuries:2; curses:2; fervida:2; terrent:2; profu:1; Shoemakers':1; Tailors':1; wines:1; brewed:1; forefathers:1
jw-thoughts-slavery,john-wesley,Thoughts Upon Slavery,treatise,28,8930,0.0439,0,procured:14; natives:9; towns:6; degrees:5; says:5; ships:5; countrymen:5; kingdoms:4; coasts:4; beasts:4; villany:4; climates:4; chains:4; began:3; traders:3; punished:3; husbands:3; dealings:3; o'clock:3; follows:3
jw-letter-1745-02-to-robert-dodsley-the-publisher,john-wesley,02 To Robert Dodsley The Publisher,letter,1,319,0.0439,0,Dodsley:2; pounds:2; committing:2; vols:1; Rowe's:1; slanders:1; began:1; inducing:1; harbored:1; requires:1; voce:1
jw-letter-1771-78-to-philothea-briggs,john-wesley,78 To Philothea Briggs,letter,1,228,0.0439,0,Rollin:1; enlivened:1; deadened:1; volumes:1; entitles:1; varies:1; enabled:1; imports:1; seasons:1; objections:1
jw-letter-1774-77-to-the-editor-of-lloyds-evening-post,john-wesley,77 To The Editor Of Lloyds Evening Post,letter,6,2004,0.0439,0,regions:3; agents:3; says:2; Birmah:2; records:2; adds:2; coincides:2; abhorred:2; impressed:2; truths:2; believed:2; Letting:1; assertions:1; author's:1; groaned:1; relented:1; became:1; lowest:1; transmigration's:1; began:1
cw-on-sight-of-corpse,charles-wesley,On the Sight of a Corpse,sermon,1,296,0.0439,0,pageants:1; relics:1; vanish'd:1; immoveable:1; heav'd:1; ceases:1; lids:1; Lock'd:1; supplies:1; hollows:1; wip'd:1; issues:1; Londoa:1
jw-journal-vol4-part13,john-wesley,"Journal Vol 4, Part XIII (1762-1765)",journal,13,4061,0.0438,0,began:3; oj:3; affirming:3; says:3; controversies:2; placed:2; extremes:2; views:2; followed:2; cleansed:2; overvaluing:2; tempers:2; tends:2; expressions:2; Gessner:2; believed:2; fragments:2; errors:2; surprised:2; virtues:2
jw-treatise-preface-to-treatise-on-justification,john-wesley,Treatise Preface To Treatise On Justification,treatise,35,12715,0.0438,0,merits:14; passages:10; tion:7; believed:5; abounded:5; expressions:5; texts:5; conditions:5; signifies:5; commas:5; writings:4; says:4; terms:4; repenting:4; criminals:4; pensioners:4; asserted:4; proves:4; fulfilled:4; favourable:4
jw-letter-1738-02-to-james-hutton,john-wesley,02 To James Hutton,letter,1,229,0.0437,0,Enclosed:1; brother's:1; Hurtoh's:1; papers:1; relating:1; owned:1; certificates:1; attested:1; copies:1; trusted:1
jw-letter-1769-50-to-christopher-hopper,john-wesley,50 To Christopher Hopper,letter,1,183,0.0437,0,entreaties:1; Fazzard:1; continues:1; speakers:1; poorer:1; buying:1; widened:1; deepened:1
jw-treatise-blow-at-the-root,john-wesley,Treatise Blow At The Root,treatise,8,2817,0.0437,0,walked:4; pretence:4; exalting:3; imaginations:2; leans:2; exhortations:2; teacheth:2; steals:2; fornicators:2; idolaters:2; adulterers:2; thieves:2; revilers:2; extortioners:2; crucifying:2; putting:2; punished:2; reigning:1; enabling:1; truths:1
cw-duke-epistle-to-john-wesley-1755,charles-wesley,Epistle to John Wesley (1755),hymn-collection,8,2629,0.0437,0,began:2; allowed:2; altars:2; printings:2; updated:1; goals:1; tensions:1; Heitzenrater:1; edited:1; Peterborough:1; chafed:1; administering:1; sacraments:1; amounted:1; resisted:1; scheduled:1; follows:1; colleagues:1; stresses:1; insisting:1
jw-letter-1754-04-to-ebenezer-blackwell,john-wesley,04 To Ebenezer Blackwell,letter,1,275,0.0436,0,occasioned:2; lines:1; talents:1; entrusted:1; weaker:1; conversing:1; increases:1; affections:1; fewer:1; opportunities:1; hints:1
cw-009-hymn-ix,charles-wesley,009 Hymn Ix,hymn,2,1146,0.0436,0,willeth:4; attoning:2; mock'd:2; hopes:2; reprobated:2; welt'ring:2; mocks:2; help'd:2; babes:2; torments:2; horrors:2; issues:2; dragg'd:2; edg'd:2; strongest:2; potsherds:2; satisfy'd:2; appeas'd:2; smil'd:2; world's:2
cw-054-john-1624,charles-wesley,054 John 1624,hymn,1,483,0.0435,0,edn:9; wishes:1; hear'st:1; benefits:1; minutest:1; wants:1; largest:1; heart's:1; disengag'd:1; long'st:1; glories:1; pow'r:1; reappears:1
cw-065-acts-424-etc,charles-wesley,065 Acts 424 Etc,hymn,1,115,0.0435,0,etc:1; upholds:1; confed'rate:1; anointing:1; combin'd:1
jw-letter-1738-03-to-his-brother-charles,john-wesley,03 To His Brother Charles,letter,1,230,0.0435,0,reaches:1; bags:1; wanted:1; Corbet's:1; conversed':1; conversed:1; stops:1; passengers:1; Stokenchurch:1; promised:1
jw-letter-1753-02-to-thomas-capiter,john-wesley,02 To Thomas Capiter,letter,1,138,0.0435,0,Capiter:1; oftener:1; repented:1; louder:1; hearers:1; requires:1
jw-letter-1777-07-to-mr-hopper-at-the-preaching-house,john-wesley,07 To Mr Hopper At The Preaching House,letter,2,437,0.0435,0,asked:2; papers:1; particulars:1; reasonings:1; worshipped:1; centers:1; hasting:1; helps:1; mercies:1; forbearances:1; deliverance's:1; evils:1; ardour:1; interviews:1; reached:1; overwhelmed:1; penetrated:1; rays:1
jw-letter-1785b-28-to-thomas-wride,john-wesley,B 28 To Thomas Wride,letter,1,138,0.0435,0,se'nnight:1; Beecham:1; effaced:1; Houlton:1; wanted:1; bottles:1
jw-treatise-remarks-on-hills-farrago,john-wesley,Treatise Remarks On Hills Farrago,treatise,33,12682,0.0435,0,says:37; tenets:14; tion:8; passages:7; sentences:7; contained:6; contradictions:6; lines:6; treatises:6; suffered:6; expressions:5; affirms:5; observed:5; affirmed:5; believed:5; propositions:5; adds:4; writings:4; volumes:4; contradicted:4
cw-022-hymn-to-the-son,charles-wesley,022 Hymn To The Son,hymn,1,323,0.0433,0,satisfy'd:2; records:1; heav'nly:1; supplies:1; voices:1; aton'd:1; stand'st:1; off'ring:1; pray'rs:1; presenting:1; Shadow'd:1; edn:1; changes:1
jw-letter-1726-04-to-his-brother-samuel,john-wesley,04 To His Brother Samuel,letter,3,810,0.0432,0,cases:3; pounds:3; says:2; indulged:2; garrets:2; alterations:1; objections:1; idolaters:1; succeeded:1; amended:1; served:1; children's:1; exerts:1; opposers:1; precepts:1; defaming:1; handing:1; stories:1; offenders:1; allowed:1
jw-letter-1736-06-to-general-oglethorpe,john-wesley,06 To General Oglethorpe,letter,1,301,0.0432,0,curvae:1; terris:1; animae:1; coelestium:1; inanes:1; grovelling:1; interests:1; betrayed:1; insulted:1; bleeds:1; renouncing:1; termed:1; repetitions:1
jw-letter-1775-51-to-john-fletcher,john-wesley,51 To John Fletcher,letter,1,370,0.0432,0,followed:1; papers:1; corrections:1; Tucker's:1; Kippis:1; hatched:1; Aquinas:1; bestowed:1; Scotus:1; Loyola:1; Jansenists:1; disclaimed:1; tenets:1; granted:1; fewer:1; abused:1
jw-letter-1776-46-to-dr-ford,john-wesley,46 To Dr Ford,letter,1,209,0.0431,0,surprised:1; consulted:1; interposed:1; observed:1; seemed:1; subsided:1; turneth:1; discouraged:1; doeth:1
cw-duke-hymn-for-whitefield-1770,charles-wesley,Hymn for Whitefield (1770),hymn,8,742,0.0431,0,updated:2; brothers:2; Newburyport:2; tours:2; arrived:2; increased:2; copyrighted:2; Stationers:2; honoring:2; includes:2; warfare's:2; battle's:2; heart's:2; sign'd:2; soul's:2; extacies:2
jw-sermon-015,john-wesley,The Great Assize,sermon,30,9194,0.043,0,says:10; circumstances:8; passages:5; properties:4; etc:4; remembered:4; transgressions:4; stars:3; intents:3; iniquities:3; tempers:3; designs:3; sitteth:3; records:3; sceal:3; Pleas:2; adds:2; minds:2; standeth:2; lightnings:2
jw-letter-1764-33-to-samuel-furly-yarmouth-october-ii-1764,john-wesley,33 To Samuel Furly Yarmouth October Ii 1764,letter,2,535,0.043,0,sentences:3; lines:2; periods:2; delayed:1; inclined:1; wanted:1; writers:1; warned:1; quoted:1; supra:1; paragraphs:1; cited:1; Hawksworth:1; Wharton:1; Statius:1; intellects:1; syllables:1; laboured:1; walked:1
cw-duke-moral-and-sacred-poems-3-206ff-1744,charles-wesley,Moral and Sacred Poems 3-206ff (1744),hymn-collection,47,14800,0.043,0,precursors:15; mercies:7; wings:7; forgiven:5; redeeming:5; glories:4; pass'd:4; burthen:4; footsteps:4; contributed:3; von:3; der:3; ysenhaus:3; wand'ring:3; pow'r:3; numbred:3; pleasures:3; world's:3; forsook:3; neighbourhood:3
jw-sermon-057,john-wesley,On the Fall of Man,sermon,12,4193,0.0429,0,endued:6; sinned:6; fewer:4; affections:3; rebelled:3; entailed:3; membranes:3; arteries:3; circulating:3; larger:3; completed:2; observes:2; punishing:2; muscles:2; veins:2; fluids:2; tubes:2; elements:2; organs:2; instruments:2
cw-034-third-hymn-to-christ,charles-wesley,034 Third Hymn To Christ,hymn,1,233,0.0429,0,ceasing:1; Blacken'd:1; Myst'ry:1; offence:1; parent's:1; Sinn'd:1; fulfill'd:1; obey'd:1; wisdom's:1; stores:1
cw-048-hymn-for-ascension-day,charles-wesley,048 Hymn For Ascension Day,hymn,1,233,0.0429,0,ascends:1; copies:1; receives:1; lifts:1; prints:1; lips:1; intercedes:1; prepares:1; wings:1; heav'ns:1
cw-060-hymn-for-the-kingswood-colliers,charles-wesley,060 Hymn For The Kingswood Colliers,hymn,1,140,0.0429,0,Applies:1; error's:1; display'd:1; bare'd:1; reprobates:1; claim'd:1
jw-letter-1783a-08-to-zachariah-yewdall,john-wesley,A 08 To Zachariah Yewdall,letter,1,163,0.0429,0,Inishanmon:1; Hinscla:1; contained:1; valuing:1; snares:1; properer:1; converts:1
jw-letter-1783a-29-to-mrs-christian-ellen-gretton,john-wesley,A 29 To Mrs Christian Ellen Gretton,letter,1,140,0.0429,0,pursuing:1; resembling:1; began:1; permitting:1; neighbors:1; increased:1
jw-letter-1784b-25-to-mrs-johnson,john-wesley,B 25 To Mrs Johnson,letter,1,163,0.0429,0,cares:2; hopes:1; steps:1; nobler:1; fires:1; occurs:1
cw-duke-hymns-for-1745,charles-wesley,Hymns for 1745,hymn-collection,12,4623,0.0428,0,troops:5; invading:3; nation's:3; edn:2; released:2; storms:2; sympathies:2; brothers:2; began:2; deserting:2; darkest:2; affliction's:2; people's:2; fewel:2; anger's:2; threatning:2; lips:2; crimes:2; voices:2; deepest:2
jw-letter-1750-11-to-john-baily,john-wesley,11 To John Baily,letter,28,9673,0.0427,0,deposes:19; deponent's:8; facts:7; riots:6; began:6; bruised:6; abused:6; motives:6; walked:5; windows:5; replied:5; assaulted:5; terms:4; believes:4; asked:4; weapons:3; remained:3; doors:3; abusing:3; endeavored:3
jw-treatise-the-consequence-proved,john-wesley,Treatise The Consequence Proved,treatise,5,1685,0.0427,0,follows:5; decreed:5; iniquities:4; predestinated:3; says:3; wilful:3; affirmed:2; implies:2; repro:2; pulling:2; impenitency:2; omissions:2; neighbour:2; elected:1; reprobated:1; quence:1; strictures:1; predicated:1; signifies:1; immu:1
jw-treatise-remarks-on-hills-review,john-wesley,Treatise Remarks On Hills Review,treatise,44,16450,0.0427,0,says:22; tion:11; cited:10; expressions:10; infirmities:9; writings:8; affirms:8; contradictions:8; contradicted:8; objections:7; propositions:7; doubters:6; readers:6; opponents:5; writers:5; passages:5; examined:5; authors:5; vel:5; contained:4
cw-027-the-magnificat,charles-wesley,027 The Magnificat,hymn,1,188,0.0426,0,extols:1; abhorr'd:1; boasted:1; pin'd:1; pow'r:1; decreed:1; confest:1; tribes:1
jw-letter-1773-56-to-john-valton,john-wesley,56 To John Valton,letter,1,188,0.0426,0,Monkley:1; Tollerton:1; can't:1; pausing:1; asked:1; replied:1; marred:1; events:1
jw-letter-1780a-14-to-mrs-crosby,john-wesley,A 14 To Mrs Crosby,letter,1,188,0.0426,0,richest:1; Latonstone:1; doubts:1; fears:1; believed:1; holier:1; continues:1; tc:1
jw-letter-1786b-44-to-thomas-hall,john-wesley,B 44 To Thomas Hall,letter,1,47,0.0426,0,mber:1; junr:1
jw-letter-1788b-17-to-walter-churchey,john-wesley,B 17 To Walter Churchey,letter,1,305,0.0426,0,Lukins:2; BROTER:1; allowed:1; lines:1; versifying:1; touches:1; copies:1; brother's:1; asked:1; exorcised:1; authenticated:1; se'nnight:1
cw-014-hymn-xiv-another,charles-wesley,014 Hymn Xiv Another,hymn,2,2162,0.0426,0,atoning:4; mercies:4; redeeming:4; chace:4; covers:2; Controul:2; temper'd:2; inforce:2; reeds:2; vict'ry:2; footsteps:2; hatest:2; feigns:2; gainsays:2; attests:2; truths:2; declar'd:2; mocks:2; tend'rest:2; Spight:2
cw-sermon-x,charles-wesley,CW Sermon X: Exodus 20:8,sermon,17,4112,0.0426,0,ends:14; repealed:9; designs:3; rested:3; performed:3; pretence:3; observed:2; ob:2; served:2; follows:2; says:2; tion:2; inferred:2; Pha:2; risees:2; minds:2; appropriated:2; uses:2; sanc:2; monies:1
jw-sermon-069,john-wesley,The Imperfection of Human Knowledge,sermon,18,5785,0.0425,0,animals:10; dispensations:6; metals:5; planets:4; circumstances:4; stars:3; contained:3; properties:3; individuals:3; dealings:3; adulterated:3; counsels:3; qualities:2; wisest:2; stamped:2; communicated:2; particles:2; experiments:2; generated:2; fossils:2
jw-letter-1735-07-to-his-brother-samuel,john-wesley,07 To His Brother Samuel,letter,2,494,0.0425,0,lusts:3; smiles:1; entitled:1; Dissertationes:1; Librum:1; Jobi:1; says:1; introduced:1; maids:1; smiled:1; resumed:1; obliges:1; tolerated:1; recommended:1; classics:1; mercies:1; authors:1; elements:1; conformed:1
jw-letter-1756b-02-to-samuel-furly,john-wesley,B 02 To Samuel Furly,letter,1,353,0.0425,0,Aldrich:2; complains:1; issued:1; suited:1; alludes:1; remembeh:1; serves:1; says:1; abridging:1; entitled:1; Metaphysicae:1; Ontologiam:1; Pneumatologiam:1; complectens:1
jw-letter-1756b-24-to-samuel-furly,john-wesley,B 24 To Samuel Furly,letter,1,212,0.0425,0,Allen's:1; Allein's:1; Vindiciae:1; Pietatis:1; closest:1; other's:1; principlis:1; obsta:1; conversing:1
jw-letter-1761-23-to-his-brother-charles,john-wesley,23 To His Brother Charles,letter,1,353,0.0425,0,began:2; Excepto:1; simul:1; esses:1; caetera:1; minds:1; bringeth:1; supplied:1; dixi:1; se'nnight:1; Greer:1; embarking:1; husband's:1; returns:1
cw-duke-collection-of-psalms-and-hymns-1741-cw-verse,charles-wesley,Collection of Psalms and Hymns (1741) CW verse,hymn-collection,9,3083,0.0425,0,edn:15; items:5; earlier:3; wings:3; issued:2; selections:2; writers:2; Orphans:2; Benefactors:2; Profundis:2; Lunatick:2; beams:2; pard'ning:2; vouchsafes:2; heav'nly:2; frees:2; thirds:1; fortyfour:1; selecting:1; comprises:1
jw-treatise-plain-account-of-the-people-called-methodists,john-wesley,Treatise Plain Account Of The People Called Methodists,treatise,24,8843,0.0424,0,wanted:12; observed:9; pounds:9; began:7; asked:6; healed:5; advantages:4; neighbours:4; faults:4; contributions:4; advices:3; proposed:3; required:3; another's:3; burdens:3; debts:3; companies:3; visited:3; supplied:3; helps:3
jw-treatise-advice-to-methodists-on-dress,john-wesley,Treatise Advice To Methodists On Dress,treatise,14,5068,0.0424,0,adorning:11; ornaments:6; tends:5; professing:4; adorned:4; observed:3; conforming:3; tempers:3; uses:3; pleases:3; tradesmen:3; cases:2; recommended:2; cver:2; colour:2; rings:2; pearls:2; becometh:2; putting:2; says:2
cw-045-hymn-for-christmas-day,charles-wesley,045 Hymn For Christmas Day,hymn,1,284,0.0423,0,edn:2; rings:1; lines:1; introduced:1; changes:1; ador'd:1; virgin's:1; heav'nly:1; wings:1; pow'r:1; Heav'nly:1
jw-letter-1738-29-to-james-hutton,john-wesley,29 To James Hutton,letter,3,756,0.0423,0,monitors:7; reproved:6; suffered:2; lessening:2; usurped:2; women's:1; proposed:1; tempors:1; depriving:1; esteemed:1; refers:1; refused:1; baptized:1; commissioned:1; reconsidered:1; mentions:1; deepest:1; remembered:1
jw-letter-1762-23-to-samuel-furly-bristol-october-13-1762,john-wesley,23 To Samuel Furly Bristol October 13 1762,letter,1,284,0.0423,0,tempers:2; abilities:1; expending:1; wilful:1; employing:1; cleansed:1; atoning:1; 'negligences:1; ignorances':1; omissions:1; transgressions:1
jw-letter-1778-53-to-john-toocks,john-wesley,53 To John Toocks,letter,1,71,0.0423,0,Toocks:1; employments:1; procured:1
cw-duke-hymn-for-the-people-of-custrin-1759,charles-wesley,Hymn for the People of Custrin (1759),hymn,9,710,0.0423,0,updated:2; engulfed:2; roved:2; Kostrzyn:2; lasted:2; defeated:2; cooperated:2; publishing:2; shortens:2; omitting:2; closing:2; sections:2; nigher:2; people's:2; forgiven:2
jw-letter-1761-03-to-dorothy-furly,john-wesley,03 To Dorothy Furly,letter,1,237,0.0422,0,wondered:1; quicker:1; wings:1; boarded:1; waves:1; seas:1; seemeth:1; renewed:1; enclosed:1; neighbour:1
jw-letter-1736-11-to-james-vernon,john-wesley,11 To James Vernon,letter,2,428,0.0421,0,acknowledgments:1; depends:1; approving:1; placing:1; Chickssaws:1; moves:1; countrymen:1; qualities:1; occurrences:1; laughs:1; labors:1; requires:1; Reproaches:1; Persecutions:1; Distresses:1; soul's:1; Heart's:1; includes:1
jw-letter-1772-51-to-alexander-clark,john-wesley,51 To Alexander Clark,letter,1,95,0.0421,0,pounds:1; Ellis's:1; advances:1; repaid:1
jw-sermon-062,john-wesley,The End of Christ's Coming,sermon,13,4234,0.042,0,endued:6; began:4; infirmities:4; observed:3; begot:3; enabling:3; strongest:2; terms:2; unquam:2; est:2; steps:2; necessitated:2; affections:2; chooses:2; doubted:2; stars:2; fulfilled:2; fears:2; manifesting:2; imputing:2
jw-letter-1785b-21-to-richard-locke,john-wesley,B 21 To Richard Locke,letter,1,143,0.042,0,wanted:1; prevented:1; remedied:1; hiding:1; Almondsbury:1; throws:1
cw-duke-funeral-hymns-1746,charles-wesley,Funeral Hymns (1746),hymn-collection,14,4766,0.042,0,edn:14; mansions:4; reigns:4; regions:3; heav'nly:3; pin'd:2; gain'd:2; displays:2; know'st:2; hear'st:2; holiest:2; raptures:2; glorified:2; wip'd:2; obey'd:2; convey'd:2; plains:2; Enfield:2; o'ercome:2; sings:2
jw-journal-vol4-part09-section01,john-wesley,"Journal Vol 4, Part IX Section 1 (1751-1754)",journal,46,15253,0.0419,0,texts:17; began:17; reached:12; seemed:9; rioters:6; expected:6; walked:6; larger:6; entries:5; says:5; became:5; regarded:5; asked:5; surprised:5; pounds:4; behaved:4; followed:4; windows:4; visited:3; accompanied:3
jw-letter-1760-14-to-dorothy-furly-athlone-june-1-1760,john-wesley,14 To Dorothy Furly Athlone June 1 1760,letter,1,358,0.0419,0,begins:2; implies:1; errors:1; humour:1; distresses:1; hurts:1; consulted:1; 'walked:1; cleansed:1; fulfilled:1; sanctifying:1; pleases:1; lungs:1; ulcerated:1
jw-letter-1789a-77-to-henry-moore,john-wesley,A 77 To Henry Moore,letter,1,167,0.0419,0,can't:1; hopes:1; occasioned:1; Mann's:1; newspapers:1; views:1; quoted:1
jw-treatise-letter-to-dr-free,john-wesley,Treatise Letter To Dr Free,treatise,5,1600,0.0419,0,writings:5; positions:4; relates:3; exceptions:2; candour:2; weapons:2; required:2; affirms:2; tion:2; arguing:2; qualifications:2; maintains:2; appearing:1; nigrae:1; succus:1; loliginis:1; ner:1; assertions:1; peo:1; ple:1
jw-letters-1745,john-wesley,Letters 1745,letter,85,29168,0.0419,0,consequences:17; errors:16; ordinances:11; cases:10; began:9; charged:8; doubts:7; terms:7; sentiments:6; follows:6; lessened:6; crimes:6; allowed:6; conditions:6; merits:6; occasioned:6; writings:6; affirmed:5; objected:5; deluded:5
jw-sermon-099,john-wesley,Sermon 099,sermon,14,4606,0.0417,0,contained:3; attempted:3; steps:3; drowned:3; senses:3; assisting:3; circumstances:2; began:2; attempts:2; pursued:2; expectations:2; enabled:2; guineas:2; benefits:2; Jairus:2; laughed:2; prevented:2; lips:2; Fata:2; obstant:2
jw-letter-1774-08-to-thomas-wride,john-wesley,08 To Thomas Wride,letter,1,168,0.0417,0,countenancing:1; refused:1; Ramsden:1; pretence:1; brother's:1; finest:1; compositions:1
jw-letter-1788a-47-to-henry-moore,john-wesley,A 47 To Henry Moore,letter,1,96,0.0417,0,Isay:1; I'am:1; Whitefriar's:1; meddled:1
jw-treatise-farther-appeal-part-1,john-wesley,Treatise Farther Appeal Part 1,treatise,110,41043,0.0417,0,says:21; passages:19; tion:15; texts:15; duties:14; objections:12; follows:12; relates:11; granted:11; viz:11; neighbour:11; adds:10; began:10; urged:9; believed:9; ance:9; groanings:9; allowed:8; merits:8; observed:8
jw-letter-1782a-18-to-joseph-benson,john-wesley,A 18 To Joseph Benson,letter,1,217,0.0415,0,JOSEH:1; Tyndall:1; authorities:1; allowed:1; converts:1; required:1; talked:1; copies:1; Leighton's:1
jw-treatise-letter-to-bishop-of-gloucester,john-wesley,Treatise Letter To Bishop Of Gloucester,treatise,70,25642,0.0415,0,says:18; tongues:17; tion:10; causes:9; facts:9; began:8; symptoms:8; quotations:7; consists:7; particulars:7; pretences:7; ceased:6; seemed:6; proves:6; allowed:6; affirmed:6; respects:5; follows:5; cursing:5; blaspheming:5
jw-letters-1725,john-wesley,Letters 1725,letter,14,4313,0.0415,0,perceived:11; says:8; senses:5; exists:5; can't:4; decreed:3; implies:3; forgiven:3; conceived:3; qualities:3; tenets:2; sinned:2; imagined:2; Shippen:2; Shippen's:2; seemed:2; promised:2; propositions:2; endeavors:2; ideas:2
jw-sermon-002,john-wesley,The Almost Christian,sermon,11,3478,0.0414,0,implied:10; neighbour:6; expected:3; doeth:3; needed:2; suffers:2; avoids:2; abstaining:2; abstains:2; endeavouring:2; labours:2; opportunities:2; Oderunt:2; peccare:2; ordinances:2; inquired:2; dwelleth:2; endureth:2; persuadest:1; avails:1
cw-029-romans-724-25,charles-wesley,029 Romans 724 25,hymn,1,145,0.0414,0,exprest:1; mercies:1; relentings:1; vapour:1; fleets:1; edn:1
cw-084-job-238-9-10,charles-wesley,084 Job 238 9 10,hymn,1,145,0.0414,0,duties:1; wheels:1; footsteps:1; deals:1; hides:1; regards:1
cw-099-the-communion-of-saints-part-i,charles-wesley,099 The Communion Of Saints Part I,hymn,3,628,0.0414,0,petitions:2; forgiven:2; citizens:2; calling's:2; ador'd:2; emanations:2; Quick'ned:2; flows:2; grows:2; circulating:2; rolls:2; supplies:2; conveys:2
jw-letter-1731-14-to-mrs-pendarves,john-wesley,14 To Mrs Pendarves,letter,3,894,0.0414,0,can't:4; affections:3; burdens:2; sentiments:2; oftener:1; employments:1; entertainments:1; charged:1; duties:1; plagues:1; weeds:1; implies:1; comprises:1; recommended:1; follows:1; instituted:1; holds:1; hinders:1; extirpating:1; objects:1
jw-letter-1769-32-to-mrs-barton,john-wesley,32 To Mrs Barton,letter,1,169,0.0414,0,began:2; cares:1; cooled:1; faileth':1; testified:1; doubted:1
jw-letter-1788a-12-to-james-curtie,john-wesley,A 12 To James Curtie,letter,1,145,0.0414,0,Curtie:1; fulfilled:1; molested:1; Bannclark:1; pounds:1; opens:1
jw-notes-on-old-testament,john-wesley,Notes On Old Testament,notes,1979,611860,0.0414,0,tribes:276; signifies:163; offerings:161; families:132; promised:125; began:105; counsels:104; worshipped:96; required:93; beasts:90; signified:89; garments:81; cubits:80; calamities:79; named:77; observed:75; fulfilled:74; punished:73; countries:72; hopes:67
jw-treatise-letter-to-mr-fleury,john-wesley,Treatise Letter To Mr Fleury,treatise,12,4490,0.0414,0,wolves:9; ecstasies:4; practise:4; styled:3; ends:3; advantages:3; empowered:3; cures:3; est:3; medetur:3; mischiefs:2; hearers:2; pretences:2; successors:2; representit:2; undergone:2; settles:2; patients:2; remaining:2; fees:2
jw-letters-1724,john-wesley,Letters 1724,letter,10,3238,0.0414,0,says:6; chains:4; expected:2; fav'rite:2; Cloe:2; preceded:2; stories:2; matriculated:2; refers:2; asked:2; brothers:2; confessed:2; followed:2; shows:2; consolations:1; relating:1; thanked:1; expectations:1; Cloe's:1; steps:1
jw-sermon-073,john-wesley,Of Hell,sermon,15,4483,0.0413,0,quenched:11; pleasures:7; torments:5; paena:3; regions:3; flames:3; says:3; consumes:3; supposes:3; plunged:3; allowed:2; killed:2; damni:2; circumstances:2; objects:2; remembered:2; enjoyed:2; infirmities:2; awakened:2; tempers:2
cw-072-before-a-journey-another-1,charles-wesley,072 Before A Journey Another 1,hymn,1,121,0.0413,0,outstretch'd:1; wings:1; aims:1; flames:1; raptures:1
jw-letter-1774-33-to-his-wife,john-wesley,33 To His Wife,letter,1,121,0.0413,0,pounds:3; lines:1; letting:1
jw-sermon-109,john-wesley,Sermon 109,sermon,9,2570,0.0412,0,arteries:4; lungs:4; motions:4; particles:2; membranes:2; fluids:2; elements:2; pounds:2; senses:2; endued:2; affections:2; moves:2; governs:2; termed:2; cases:2; ceases:2; cohering:1; fibres:1; hairs:1; veins:1
jw-letter-1769-59-to-walter-sellon,john-wesley,59 To Walter Sellon,letter,1,291,0.0412,0,importuned:1; firmi:1; robs:1; particles:1; Zanchius:1; suis:1; virtutibus:1; deserves:1; details:1; debts:1; mentioning:1; pounds:1
jw-letters-1721,john-wesley,Letters 1721,letter,2,582,0.0412,0,detained:2; supplies:1; facts:1; Carthusiani:1; pr:1; elected:1; Chelaea:1; putting:1; Mercers':1; returns:1; tutor's:1; pounds:1; deducted:1; survived:1; Greyfriar:1; reproduced:1; Homes:1; Haunts:1; Elwyn:1; writes:1
jw-letter-1738-13-to-his-brother-charles,john-wesley,13 To His Brother Charles,letter,1,219,0.0411,0,enabled:1; throughy:1; dafta:1; imagining:1; attained:1; paa:1; faese:1; pta:1; renewed:1
jw-letter-1780a-29-to-mrs-crosby,john-wesley,A 29 To Mrs Crosby,letter,1,146,0.0411,0,Swaine:1; returns:1; Women's:1; visited:1; Raffles:1; s'ennight:1
jw-letter-1782b-49-to-matthiss-joyce,john-wesley,B 49 To Matthiss Joyce,letter,1,73,0.0411,0,Matthiss:1; writes:1; objections:1
jw-letter-1739-25-to-james-hutton,john-wesley,25 To James Hutton,letter,1,268,0.041,0,wanted:4; disputing:1; seized:1; dropped:1; convulsions:1; groans:1; convulsed:1; rested:1
jw-letter-1777-17-to-christopher-hopper,john-wesley,17 To Christopher Hopper,letter,1,122,0.041,0,Madmen:1; puzzles:1; funerals:1; opportunities:1; journeys:1
jw-sermon-060,john-wesley,The General Deliverance,sermon,17,5036,0.0409,0,beasts:11; brutes:8; endued:4; affections:4; faculties:4; groaneth:3; fowls:3; observed:3; evils:3; kinds:3; obeying:3; beings:3; flowed:3; lowest:3; suffered:3; insects:3; birds:3; regards:3; waiteth:2; travaileth:2
jw-letter-1771-49-to-philothea-briggs,john-wesley,49 To Philothea Briggs,letter,2,416,0.0409,0,tempers:2; partitions:2; cases:1; accompanied:1; approved:1; wits:1; Certes:1; Erle:1; Robert's:1; 'Certes:1; myne:1; Romaine's:1; writings:1; blunders:1; quoted:1
jw-letter-1775-31-to-the-earl-of-dartmouth-secretary-of-state-for-th,john-wesley,31 To The Earl Of Dartmouth Secretary Of State For Th,letter,5,1589,0.0409,0,troops:5; respects:2; waiving:2; measures:2; neighbors:2; ships:2; marching:2; surveys:2; minds:1; hopes:1; fears:1; tempers:1; sentiments:1; trusted:1; persuading:1; prejudices:1; asked:1; rights:1; says:1; Regulars:1
jw-letter-1786a-20-to-elizabeth-ritchis,john-wesley,A 20 To Elizabeth Ritchis,letter,1,220,0.0409,0,cases:2; impressions:2; Ritchis:1; paths:1; observes:1; pleases:1; texts:1
cw-duke-psalms-1743,charles-wesley,Psalms (1743),hymn-collection,33,12226,0.0409,0,edn:22; pard'ning:12; reigns:5; bestow'd:5; pow'r:5; ador'd:5; forgiven:4; o'erthrow:4; redeeming:4; lips:4; wings:4; deleted:4; beasts:4; floods:4; owns:4; glories:3; groans:3; mercies:3; des'late:3; dazling:3
cw-duke-watchnight-hymns-1750,charles-wesley,Watchnight Hymns (1750),hymn-collection,8,2641,0.0409,0,bestow'd:3; wings:3; watchnights:2; brothers:2; miners:2; revellings:2; fears:2; trumpet's:2; watchmen:2; wants:2; moments:2; chaunt:2; pleasures:2; practices:1; emerged:1; birthed:1; revelries:1; earliest:1; Impressed:1; benefits:1
jw-letter-1742-05-to-captain-robert-williams,john-wesley,05 To Captain Robert Williams,letter,3,784,0.0408,0,says:2; bailed:2; believed:1; composing:1; improvements:1; shows:1; mementoes:1; indictments:1; Fallowfield:1; succeeded:1; displaced:1; particulars:1; endeavored:1; petitions:1; accusations:1; sums:1; affixed:1; apprehending:1; can't:1; estreated:1
jw-letter-1756b-19-to-the-monthly-reviewers,john-wesley,B 19 To The Monthly Reviewers,letter,2,637,0.0408,0,lines:3; admirers:1; Flemings:1; mistakes:1; observed:1; occurs:1; complaining:1; jumbled:1; complained:1; 'jumbling:1; writers:1; lines':1; inclined:1; occasioned:1; opponents:1; natured:1; surprised:1; author's:1; animadversions':1; Philosopha:1
jw-letter-1760-22-to-his-brother-charles-redruth-september-21-1760,john-wesley,22 To His Brother Charles Redruth September 21 1760,letter,1,319,0.0408,0,sentiments:1; lines:1; merits:1; friend's:1; enim:1; negat:1; forbids:1; se'nnight:1; hodie:1; solus:1; 'Closeted:1; insisted:1; gained:1
jw-letter-1753-08-to-dr-robertson,john-wesley,08 To Dr Robertson,letter,7,2287,0.0407,0,habits:4; suffered:3; transmitted:3; assertions:2; Chevalier's:2; beings:2; denying:2; annihilated:2; reuniting:2; reunited:2; discovers:2; annexed:1; objections:1; censures:1; preceded:1; ff:1; errors:1; demonstrations:1; surprised:1; Quanto:1
jw-letter-1763-09-to-the-editor-of-lloyds-evening-post,john-wesley,09 To The Editor Of Lloyds Evening Post,letter,1,172,0.0407,0,'Philodemas':1; contains:1; slanders:1; confuted:1; abusing:1; readers:1; charges:1
jw-letter-1772-09-to-walter-sellon,john-wesley,09 To Walter Sellon,letter,1,123,0.0407,0,sensu:1; composito:1; apprehensions:1; Festina:1; lente:1
jw-treatise-farther-appeal-part-2,john-wesley,Treatise Farther Appeal Part 2,treatise,82,30111,0.0407,0,neighbour:16; swearing:11; tempers:10; fees:10; tippling:8; ordinances:7; wilful:7; causes:7; beds:6; profaned:6; healed:6; tion:6; mercies:5; lips:5; selves:5; says:5; warrants:5; forefathers:5; lowest:5; gregation:4
cw-duke-universal-redemption-1739,charles-wesley,Universal Redemption (1739),hymn,8,2014,0.0407,0,opposers:4; edn:4; updated:2; challenged:2; brothers:2; affirming:2; assigning:2; dropped:2; initiating:2; reprinting:2; mystick:2; spak'st:2; unconfin'd:2; display'd:2; survey'd:2; stopp'd:2; appearances:2; suffered:2; foreknew:2; decreed:2
jw-letter-1775-32-to-lord-north-first-lord-of-the-treasury,john-wesley,32 To Lord North First Lord Of The Treasury,letter,5,1528,0.0406,0,troops:5; respects:2; prejudices:2; waiving:2; measures:2; neighbors:2; ships:2; surveys:2; minds:1; hopes:1; fears:1; tempers:1; sentiments:1; trusted:1; persuading:1; asked:1; rights:1; says:1; regulars:1; killed:1
jw-letter-1788a-19-to-his-brother-charles,john-wesley,A 19 To His Brother Charles,letter,1,271,0.0406,0,Perrot:2; quarrels:1; behaved:1; imagined:1; impressions:1; congregations:1; preaches:1; Vineyards':1; asked:1; charges:1
jw-letter-1755-14-to-richard-tompson,john-wesley,14 To Richard Tompson,letter,2,518,0.0405,0,proposed:2; concessions:2; disputants:1; mistakes:1; cleared:1; ff:1; centuries:1; enjoyed:1; mentions:1; Harrnonia:1; Confessionurn:1; implied:1; pardons:1; obliges:1; pardoned:1; forgiven:1; distinguishes:1; purifies:1; implies:1
jw-letter-1774-45-to-henry-brooke,john-wesley,45 To Henry Brooke,letter,1,222,0.0405,0,seemed:2; observed:1; Grenville:1; passages:1; sentiments:1; authors:1; imagining:1; thinks:1
jw-letter-1789b-59-to-sarah-mallet,john-wesley,B 59 To Sarah Mallet,letter,1,148,0.0405,0,one's:1; feelings:1; hearers:1; destroying:1; advices:1; larger:1
jw-sermon-067,john-wesley,On Divine Providence,sermon,16,5240,0.0403,0,hairs:4; stars:4; numbered:3; events:3; says:3; concerns:3; sustains:3; includes:3; deviates:3; writings:2; sparrows:2; thinks:2; kinds:2; beasts:2; reptiles:2; filleth:2; befalls:2; doeth:2; affections:2; attaining:2
jw-sermon-078,john-wesley,Spiritual Idolatry,sermon,12,3799,0.0403,0,senses:7; objects:5; rendered:3; pursued:3; translators:2; worshipped:2; terms:2; favourite:2; respects:2; pleases:2; charms:2; discoveries:2; paidia:1; teknia:1; babes:1; relates:1; enfeebled:1; uttered:1; worshipping:1; abhorred:1
jw-letter-1756b-16-to-the-monthly-reviewers,john-wesley,B 16 To The Monthly Reviewers,letter,4,1118,0.0403,0,lines:2; waves:2; fines:1; prevented:1; month's:1; writers:1; movest:1; fingers:1; entitles:1; Bemerton:1; purest:1; loftiest:1; Sorley:1; says:1; views:1; thinks:1; compositions:1; 'Eupolis:1; Bunyan's:1; greets:1
jw-letter-1760-05-to-ebenezer-blackwell-editors-introductory-notes-1,john-wesley,05 To Ebenezer Blackwell Editors Introductory Notes 1,letter,1,149,0.0403,0,showed:1; conversing:1; emboldens:1; disturbances:1; attends:1; congregations:1
jw-letter-1784b-11-to-ann-bolton,john-wesley,B 11 To Ann Bolton,letter,1,298,0.0403,0,believed:2; youngest:1; talked:1; dropped:1; courted:1; devil's:1; gained:1; enabled:1; mimicked:1; suggestions:1; pressed:1
jw-treatise-letter-to-the-author-of-the-craftsman,john-wesley,Treatise Letter To The Author Of The Craftsman,treatise,2,744,0.0403,0,founded:2; exercising:2; virtues:2; regenerated:1; pressed:1; assertions:1; institu:1; tion:1; represents:1; czalt:1; beasts:1; wolves:1; wheels:1; crimes:1; recom:1; mendation:1; tained:1; producing:1; ous:1; opportu:1
jw-letter-1761-02-to-the-author-of-the-westminster-journal-the-new-w,john-wesley,02 To The Author Of The Westminster Journal The New W,letter,5,1293,0.0402,0,ingredients:3; duties:2; families:2; circumstances:2; tradesmen:2; began:2; differs:2; signing:2; swearing:2; tolerated:2; urged:1; humour:1; undertakes:1; says:1; propagated:1; knaves:1; embraced:1; maintains:1; honours:1; minds:1
jw-letter-1762-29-to-his-brother-charles-london-december-23-1762,john-wesley,29 To His Brother Charles London December 23 1762,letter,1,224,0.0402,0,Garbrand:2; admirers:1; imagined:1; imaginations:1; exceeds:1; caput:1; continues:1; labours:1
jw-letter-1764-26-to-samuel-furly,john-wesley,26 To Samuel Furly,letter,3,797,0.0402,0,says:2; talked:2; constitutes:1; wants:1; excused:1; imitated:1; Artis:1; est:1; celare:1; artem:1; glares:1; curls:1; Cloudesley:1; Shovel's:1; Gorgon's:1; properties:1; fonder:1; lines:1; praised:1; melts:1
jw-letter-1771-04-to-hannah-ball,john-wesley,04 To Hannah Ball,letter,1,174,0.0402,0,preparing:1; pleases:1; grows:1; expected:1; confounds:1; constrains:1; glorieth:1
jw-treatise-thoughts-concerning-gospel-ministers,john-wesley,Treatise Thoughts Concerning Gospel Ministers,treatise,3,871,0.0402,0,hearers:4; prejudices:2; preaches:2; talks:2; stops:2; consciences:2; observed:2; mouths:1; neighbourhood:1; inconveniences:1; truths:1; electing:1; verance:1; deals:1; slides:1; endeavours:1; mongers:1; bends:1; expressions:1; publishes:1
jw-sermon-135,john-wesley,Sermon 135,sermon,7,2345,0.0401,0,minds:3; regions:2; accidents:2; virtues:2; recovering:1; refused:1; hopes:1; devotions:1; owning:1; chastened:1; behaved:1; acted:1; explains:1; increases:1; complaints:1; consequences:1; deduced:1; strongest:1; motives:1; suited:1
jw-journal-vol1-3,john-wesley,Journal Vol1 3,journal,1243,409120,0.0401,0,began:557; asked:229; seemed:215; reached:177; walked:174; followed:101; believed:95; observed:93; replied:89; increased:85; larger:85; surprised:79; o'clock:78; hearers:74; showed:72; expected:72; behaved:72; endeavoured:68; follows:67; exhorted:67
jw-journal-vol4-part11-section02,john-wesley,"Journal Vol 4, Part XI Section 2 (1760)",journal,72,22582,0.04,0,began:29; seemed:12; walked:12; reached:11; observed:11; asked:9; increased:8; talked:7; believed:7; says:6; trances:6; ships:6; surprised:5; agonies:5; behaved:5; groans:5; contained:5; roared:4; o'clock:4; hearers:4
jw-sermon-124,john-wesley,Sermon 124,sermon,7,2024,0.04,0,mistakes:3; wisest:2; inconsistencies:2; consequences:2; seeds:2; skilful:2; tempers:2; deserves:2; conjectures:1; vanished:1; enabled:1; rebelled:1; beasts:1; opens:1; endued:1; affections:1; machines:1; accusing:1; superadded:1; savages:1
jw-letter-1737-09-to-the-georgia-trustees,john-wesley,09 To The Georgia Trustees,letter,1,175,0.04,0,Hows:1; officiated:1; attends:1; circumstances:1; saws:1; labors:1; steps:1
jw-letter-1768-31-to-walter-sellon,john-wesley,31 To Walter Sellon,letter,1,75,0.04,0,undertaken:1; Redeemed:1; evasions:1
jw-letter-1769-07-to-edward-bolton,john-wesley,07 To Edward Bolton,letter,1,150,0.04,0,can't:1; windows:1; sashes:1; paved:1; boarded:1; pounds:1
jw-letter-1778-40-to-cornelius-bayley,john-wesley,40 To Cornelius Bayley,letter,1,125,0.04,0,natured:2; authors:2; matches:1
jw-letter-1783a-05-to-john-valton,john-wesley,A 05 To John Valton,letter,1,75,0.04,0,BROTRER:1; acted:1; consequences:1
jw-letter-1791-04-to-mr-clarke-at-the-new-room,john-wesley,04 To Mr Clarke At The New Room,letter,1,175,0.04,0,etc:2; reached:1; starving:1; temporals:1; inventors:1; joins:1
jw-letter-1736-07-to-archibald-hutchinson,john-wesley,07 To Archibald Hutchinson,letter,2,627,0.0399,0,ratified:2; traders:2; circumstances:1; conduces:1; occurs:1; subsisting:1; urged:1; establishing:1; empowering:1; named:1; requiring:1; specified:1; asserted:1; newspapers:1; shows:1; asserting:1; enacting:1; reams:1; inquiries:1; determines:1
jw-letter-1756a-08-to-samuel-furly,john-wesley,A 08 To Samuel Furly,letter,2,401,0.0399,0,qualifications:1; abilities:1; required:1; pede:1; Herculem:1; Jobum:1; Metaphysicks:1; Clerc's:1; Ontologia:1; Vrit:1; regards:1; began:1; earlier:1; references:1; recommended:1; Conceived:1
jw-letter-1774-27-to-ann-bolton,john-wesley,27 To Ann Bolton,letter,2,426,0.0399,0,concerns:2; correspondents:1; seemed:1; indulged:1; vouchsafed:1; brother's:1; expectations:1; businesses:1; nobler:1; degrees:1; meddled:1; temporals:1; suffered:1; observed:1; steps:1; followed:1
jw-sermon-022,john-wesley,Upon Our Lords Sermon on the Mount II,sermon,22,6764,0.0398,0,neighbour:6; appetites:5; hungers:5; says:5; provoked:5; observed:4; inflicted:3; thirsts:3; suffers:3; endureth:3; hopes:3; kingdoms:3; errors:2; holds:2; termed:2; ends:2; circumstances:2; overcoming:2; shows:2; reconciled:2
jw-sermon-136,john-wesley,Sermon 136,sermon,8,2312,0.0398,0,hearers:4; seeks:2; intentions:2; errors:2; repeating:2; follows:2; methods:2; commissioned:2; abstaining:2; revilers:2; observed:1; conduces:1; creates:1; steps:1; professions:1; honester:1; neighbour's:1; acted:1; accuses:1; owning:1
jw-letter-1735-01-to-his-mother,john-wesley,01 To His Mother,letter,2,427,0.0398,0,says:2; folks:1; supose:1; empowered:1; senses:1; rites:1; constituted:1; dispenses:1; succeeded:1; Lucasian:1; Revived:1; centuries:1; denying:1; trifles:1; believes:1; frees:1
jw-letter-1755-13-to-his-brother-charles,john-wesley,13 To His Brother Charles,letter,2,427,0.0398,0,Howson:2; dissevered:1; deserves:1; recommending:1; modes:1; Chaplin:1; determining:1; putting:1; differs:1; scutica:1; dignum:1; horribili:1; sectere:1; flagello:1; merits:1; degrees:1
jw-letter-1759-10-to-william-alwood-norwich-march-29-1759,john-wesley,10 To William Alwood Norwich March 29 1759,letter,1,201,0.0398,0,o'clock:1; tempers:1; Alwood's:1; colleagues:1; writes:1; Woolley:1; Barnsley:1; forgets:1
jw-letter-1776-47-to-elizabeth-ritchie,john-wesley,47 To Elizabeth Ritchie,letter,1,201,0.0398,0,ideas:3; ideas':1; mistakes:1; extraordinaries:1; delusions:1; concerns:1
cw-075-at-lying-down,charles-wesley,075 At Lying Down,hymn,1,302,0.0397,0,wand'rings:1; mercies:1; ador'd:1; Enur'd:1; smooths:1; protects:1; fears:1; troubles:1; lov'st:1; trusts:1; counsels:1; will'st:1
jw-letter-1771-79-to-ann-bolton,john-wesley,79 To Ann Bolton,letter,2,529,0.0397,0,advices:2; fears:2; uses:1; reigns:1; observed:1; dreads:1; esteems:1; excuses:1; faults:1; pardons:1; injuries:1; reveres:1; humiliations:1; lustre:1; virtues:1; draws:1; defects:1; prefers:1; motions:1
jw-letter-1725-02-to-his-mother,john-wesley,02 To His Mother,letter,4,1262,0.0396,0,says:3; forgiven:3; imagined:2; Shippen:2; Shippen's:2; surprised:1; sister's:1; cautioned:1; contraict:1; procuring:1; abounds:1; observed:1; intimated:1; skilful:1; matriculated:1; became:1; Dunstan's:1; inherited:1; brother's:1; began:1
jw-letter-1765-03-to-the-printer-of-the-st-jamess-chronicle,john-wesley,03 To The Printer Of The St Jamess Chronicle,letter,1,101,0.0396,0,proposed:1; week's:1; performed:1; ordaining:1
jw-treatise-answer-to-bath-journal-letter,john-wesley,Treatise Answer To Bath Journal Letter,treatise,2,782,0.0396,0,faults:3; vices:2; hints:1; profaning:1; charged:1; crimes:1; charges:1; particulars:1; renounced:1; fornicators:1; adul:1; terers:1; sorcerers:1; whoremongers:1; murderers:1; idolaters:1; feasts:1; scenes:1; Atalantis:1; healed:1
jw-letter-1731-04-to-mrs-pendarves,john-wesley,04 To Mrs Pendarves,letter,1,76,0.0395,0,papers:1; particulars:1; enabled:1
jw-letter-1768-23-to-the-rev-mr-plenderlieth,john-wesley,23 To The Rev Mr Plenderlieth,letter,2,734,0.0395,0,objects:3; Stennett:2; Plenderlieth:1; reported:1; recommended:1; traced:1; charged:1; hour's:1; implies:1; candour:1; attained:1; terms:1; quotes:1; believed:1; maintained:1; pardoned:1; suffered:1; showed:1; entreated:1; opponents:1
jw-letter-1779-11-to-charles-delamotte,john-wesley,11 To Charles Delamotte,letter,1,177,0.0395,0,surprised:1; missed:1; Bealey:1; prefixes:1; respects:1; pleases:1; stops:1
jw-treatise-advice-to-the-people-called-methodists,john-wesley,Treatise Advice To The People Called Methodists,treatise,10,3523,0.0395,0,offence:12; ordinances:6; circum:4; modes:4; reconciled:3; prin:3; ciples:3; congregations:3; perfections:2; ciful:2; accepts:2; stances:2; wilfully:2; tion:2; renders:2; bigots:2; breakers:2; swearers:2; refraining:2; knownot:2
jw-sermon-130,john-wesley,Sermon 130,sermon,12,3651,0.0394,0,sinned:9; countrymen:5; deprived:4; orphans:3; respects:3; senses:3; numbered:2; iniquities:2; vices:2; clamour:2; forefathers:2; groans:2; behoves:2; entreated:2; Miseries:1; Matthew's:1; begins:1; inquired:1; provoked:1; accuser's:1
jw-letter-1778-33-to-kitty-warren,john-wesley,33 To Kitty Warren,letter,1,254,0.0394,0,intimated:1; honored:1; changing:1; opportunities:1; Pescod's:1; quitting:1; advantages:1; attained:1; remaineth:1; oftener:1
jw-sermon-110,john-wesley,Sermon 110,sermon,9,3079,0.0393,0,senses:10; objects:3; extends:3; tempers:3; feareth:3; observes:3; doubts:3; fears:3; sitteth:2; discovers:2; enabling:2; implies:2; obeys:2; dispositions:2; implied:2; Discoveries:1; allowed:1; est:1; intellectu:1; fuit:1
jw-letter-1767-01-to-ann-foard,john-wesley,01 To Ann Foard,letter,1,229,0.0393,0,may'st:2; changes:1; says:1; refines:1; enlarges:1; crosses:1; opportunities:1; supplied:1
jw-letter-1782a-55-to-samuel-bradburn,john-wesley,A 55 To Samuel Bradburn,letter,1,178,0.0393,0,Hodgson's:1; chooses:1; Haigh:1; ensuing:1; ceased:1; Oliver's:1; gathers:1
cw-duke-hymns-for-times-of-trouble-1744,charles-wesley,Hymns for Times of Trouble (1744),hymn-collection,5,1551,0.0393,0,issued:3; threatened:2; supporters:2; printings:2; kingdoms:2; o'erthrow:2; updated:1; encountered:1; countries:1; became:1; embroiled:1; attacks:1; exiled:1; ascended:1; triggering:1; nurtured:1; brothers:1; affirmed:1; challenged:1; targets:1
cw-duke-hymns-for-times-of-trouble-and-persecution-1744,charles-wesley,Hymns for Times of Trouble and Persecution (1744),hymn-collection,25,9473,0.0393,0,edn:9; plagues:7; pard'ning:6; threatning:5; forgiven:5; storms:4; nation's:4; waves:4; burthen:4; mercies:3; abhor'd:3; atoning:3; wings:3; people's:3; threatened:2; supporters:2; brothers:2; HTT:2; followed:2; lingered:2
jw-journal-vol4-part09-section02,john-wesley,"Journal Vol 4, Part IX Section 2 (1753-1754)",journal,73,25175,0.0392,0,began:39; reached:21; seemed:14; pounds:10; walked:8; says:8; increased:8; behaved:7; visited:7; followed:7; promised:7; believed:6; wanted:6; expected:5; procured:5; asked:5; larger:5; observed:5; ceased:4; concluded:4
jw-letter-1765-24-to-christopher-hopper,john-wesley,24 To Christopher Hopper,letter,1,102,0.0392,0,outrode:1; storms:1; wits:1; pounds:1
jw-letter-1774-88-to-thomas-rutherford,john-wesley,88 To Thomas Rutherford,letter,1,102,0.0392,0,acted:1; transplanting:1; critics:1; Greig:1
jw-letter-1782b-01-to-john-bredin,john-wesley,B 01 To John Bredin,letter,1,102,0.0392,0,reached:1; ensuing:1; allowed:1; ships:1
jw-letter-1789b-30-to-john-mason,john-wesley,B 30 To John Mason,letter,1,51,0.0392,0,votes:1; ensuing:1
jw-letter-1790b-20-to-mr------,john-wesley,B 20 To Mr      ,letter,1,51,0.0392,0,wife's:1; sprained:1
cw-008-an-evening-hymn,charles-wesley,008 An Evening Hymn,hymn,1,128,0.0391,0,mystick:1; forgiven:1; supplied:1; atoning:1; day's:1
jw-letter-1752-03-to-dr-lavington-bishop-of-exeter,john-wesley,03 To Dr Lavington Bishop Of Exeter,letter,5,1330,0.0391,0,asked:3; correspondents:3; facts:2; adds:2; attestations:2; falsehoods:2; stairs:2; disowned:2; expected:1; endeavored:1; endeavors:1; alleged:1; required:1; transcribed:1; follows:1; undergone:1; replied:1; belied:1; neighbors:1; forgiven:1
jw-letter-1782a-17-to-john-bredin,john-wesley,A 17 To John Bredin,letter,1,128,0.0391,0,murtherer:1; necks:1; refused:1; measures:1; enclosed':1
jw-letter-1739-23-to-james-hutton,john-wesley,23 To James Hutton,letter,5,1616,0.039,0,Weavers':4; baptized:2; symptoms:2; seized:2; wilier:1; overpowered:1; gained:1; waxed:1; Davis's:1; disputing:1; healed:1; misunderstandings:1; vanished:1; talked:1; rained:1; Deacon's:1; Assisi:1; Nudes:1; nudum:1; sequens:1
jw-letter-1770-25-to-miss-march,john-wesley,25 To Miss March,letter,1,359,0.039,0,viewed:1; rejoices:1; enjoys:1; deserves:1; soul's:1; results:1; admitting:1; tempers:1; follows:1; views:1; Cambria:1; says:1; frees:1; goings:1
jw-letter-1773-17-to-thomas-ball-and-alexander-mather,john-wesley,17 To Thomas Ball And Alexander Mather,letter,1,77,0.039,0,particulars:1; contained:1; burthen:1
cw-duke-ascension-hymns-1746,charles-wesley,Ascension Hymns (1746),hymn-collection,5,1666,0.039,0,glory's:6; reigns:3; released:2; updated:1; appreciated:1; celebrating:1; containing:1; traced:1; richer:1; resources:1; contained:1; readings:1; emerged:1; reprints:1; doors:1; holiest:1; clarions:1; ador'd:1; belov'd:1; Vanish'd:1
jw-letter-1741-03-to-george-whitefield,john-wesley,03 To George Whitefield,letter,4,1131,0.0389,0,placed:2; expressions:2; adorned:1; nailed:1; sconces:1; candles:1; spared:1; adorning:1; neglected:1; mistresses:1; designs:1; 'perverting:1; papers:1; expended:1; recommended:1; pursued:1; began:1; creditors:1; viz:1; collecting:1
jw-treatise-farther-appeal-part-3,john-wesley,Treatise Farther Appeal Part 3,treatise,57,21623,0.0389,0,laymen:10; windows:9; began:7; minds:7; observed:6; asked:5; neighbour:5; pretence:5; facts:5; offence:5; instruments:5; cursing:5; tion:4; denying:4; outrages:4; ments:4; swearing:4; stores:4; named:3; ance:3
cw-duke-hymns-and-sacred-poems-1740,charles-wesley,Hymns and Sacred Poems (1740),hymn-collection,85,31730,0.0389,0,edn:32; promis'd:14; ador'd:13; quick'ning:12; wings:11; forgiven:10; von:9; fears:9; shew'd:8; belov'd:8; der:8; footsteps:7; hopes:7; seas:7; know'st:7; bestow'd:6; ysenhaus:6; atoning:6; o'erturn:6; wants:6
cw-duke-hymns-on-the-lords-supper-1745,charles-wesley,Hymns on the Lord's Supper (1745),hymn-collection,61,22728,0.0389,0,edn:40; atoning:19; forgiven:16; pard'ning:15; chear:9; desart:7; flames:6; bestow'd:6; slaughter'd:5; mercies:5; edns:5; quick'ning:5; redeeming:5; richest:5; holiest:5; prays:5; shew'd:4; supplies:4; hear'st:4; promis'd:4
cw-duke-intercession-hymns-1758,charles-wesley,Intercession Hymns (1758),hymn-collection,17,6367,0.0388,0,variants:5; chains:3; tares:3; Persecutors:2; Slanderers:2; Pelagians:2; softest:2; floods:2; opens:2; tongues:2; reigns:2; burthen:2; wings:2; monarchs:2; edns:2; favour'd:2; guardians:2; nation's:2; thundring:2; heart's:2
cw-034-in-temptation,charles-wesley,034 In Temptation,hymn,1,155,0.0387,0,unopen'd:1; Fails:1; prevails:1; fails:1; fowler's:1; edn:1
jw-letter-1774-69-to-joseph-benson,john-wesley,69 To Joseph Benson,letter,1,155,0.0387,0,Linton:1; crawls:1; preparing:1; extracting:1; thistles:1; fewer:1
jw-letter-1786b-19-to-john-valton,john-wesley,B 19 To John Valton,letter,1,155,0.0387,0,hates:2; Timhock:1; evenings:1; owned:1; Fowler's:1
jw-letter-1789a-84-to-freeborn-garrettson,john-wesley,A 84 To Freeborn Garrettson,letter,1,181,0.0387,0,impressions:2; hindered:1; quicker:1; wings:1; observes:1; texts:1
jw-minutes-conferences-1744-1798,john-wesley,Minutes of the Methodist Conferences (1744-1798),treatise,503,154154,0.0387,0,follows:83; contributed:65; allowed:51; objections:44; viz:43; stationed:41; ensuing:35; examined:33; families:27; regulations:26; observed:25; cases:24; remaining:23; pounds:23; proposed:22; inquired:22; laboured:22; guineas:22; expended:22; began:21
jw-character,john-wesley,The Character of a Methodist,treatise,17,6271,0.0386,0,started:6; etc:5; groups:5; you've:4; beliefs:4; began:3; mainstream:3; clearest:3; students:3; thinks:3; ceasing:3; mercies:3; doeth:3; attained:2; believed:2; Pentecostals:2; denominations:2; observed:2; insults:2; obeying:2
jw-letter-1778-21-to-samuel-bradburn,john-wesley,21 To Samuel Bradburn,letter,3,830,0.0386,0,promised:3; objections:2; lines:2; proposed:2; embellishments:2; Nangle:1; Tonson:1; Weighs:1; writers':1; merits:1; Shephard:1; reader's:1; dealers:1; implies:1; bits:1; scraps:1; correspondents':1; excelled:1; correspondents:1; avoided:1
jw-letter-1789a-49-to-walter-churchey,john-wesley,A 49 To Walter Churchey,letter,1,233,0.0386,0,Floyd's:1; unsaleable:1; soonest:1; wretches:1; subscribers:1; guineas:1; copies:1; lawyer's:1; subscriptions:1
jw-treatise-some-observations-on-liberty,john-wesley,Treatise Some Observations On Liberty,treatise,34,12598,0.0386,0,rights:12; individuals:10; cases:7; deprived:7; governed:7; terms:7; charters:7; enjoyed:6; allowed:6; existed:6; follows:6; represented:6; claimed:5; countrymen:5; taxes:5; towns:5; assertions:5; tion:4; observed:4; conquered:4
jw-letter-1737-10-to-james-hutton,john-wesley,10 To James Hutton,letter,1,260,0.0385,0,motus:1; animorum:1; rageth:1; seemed:1; recovering:1; babes:1; sucklings:1; maidens:1; terrified:1; shows:1
jw-letter-1748-20-to-william-horne,john-wesley,20 To William Horne,letter,4,1456,0.0385,0,empowered:4; advantages:4; cures:3; est:3; medetur:3; undergone:2; settles:2; patients:2; remaining:2; fees:2; hindering:2; attempts:2; condemns:2; regards:2; rents:1; covenants:1; hints:1; relating:1; night's:1; preserving:1
jw-letter-1765-01-to-his-brother-charles,john-wesley,01 To His Brother Charles,letter,1,208,0.0385,0,Trail's:1; Weavers':1; inquired:1; Thwayte:1; Russen:1; Satles:1; stationed:1; signified:1
jw-letter-1766-04-to-peggy-dale,john-wesley,04 To Peggy Dale,letter,1,130,0.0385,0,doubts:1; calleth:1; improvements:1; resembles:1; anointing:1
jw-letter-1773-32-to-philothea-briggs,john-wesley,32 To Philothea Briggs,letter,1,104,0.0385,0,reigneth:1; waves:1; hair's:1; wills:1
jw-letter-1775-37-to-james-dempster,john-wesley,37 To James Dempster,letter,1,78,0.0385,0,began:1; ceased:1; recovering:1
jw-letter-1775-44-to-his-brother-charles,john-wesley,44 To His Brother Charles,letter,1,156,0.0385,0,publishes:1; slights:1; forgets:1; disowned:1; tends:1; minds:1
jw-letter-1779-48-to-james-creighton,john-wesley,48 To James Creighton,letter,1,130,0.0385,0,inclined:2; wanted:1; depended:1; guineas:1
jw-letter-1789b-16-to-walter-churchey,john-wesley,B 16 To Walter Churchey,letter,1,130,0.0385,0,subscribers:2; followed:1; Stationers':1; subscribers':1
jw-sermon-084,john-wesley,The Important Question,sermon,16,5345,0.0384,0,gained:10; implied:9; loses:7; pleasures:7; profited:5; neighbour:5; implies:4; senses:3; tempers:3; week's:3; expressions:2; strongest:2; objects:2; gratifies:2; sources:2; affords:2; shrieked:2; suppositions:2; supposes:2; opportunities:2
jw-letter-1750-15-to-mrs-gallatin,john-wesley,15 To Mrs Gallatin,letter,2,417,0.0384,0,delayed:1; refused:1; opponents:1; compelled:1; cases:1; showed:1; procured:1; Sidebotham's:1; professes:1; flocked:1; proposed:1; visits:1; expected:1; arrived:1; reached:1; embarked:1
jw-treatise-principles-of-a-methodist-farther-explained,john-wesley,Treatise Principles Of A Methodist Farther Explained,treatise,83,30750,0.0384,0,facts:21; required:14; charged:13; allowed:10; ordinances:9; cases:9; consequences:9; errors:8; began:8; observed:8; implies:8; pretences:8; followed:8; neighbour:7; viz:7; acted:7; cures:7; respects:6; cited:6; remarked:6
jw-treatise-remarks-on-aspasio-vindicated,john-wesley,Treatise Remarks On Aspasio Vindicated,treatise,13,4865,0.0384,0,tempers:7; says:6; sentiments:6; inquiries:4; attacks:3; cites:3; expressions:3; passages:2; showed:2; terms:2; pronounces:2; believes:2; cases:2; sentences:2; abridgments:2; authors:2; hair's:2; misunderstands:2; misrepresents:2; attained:2
jw-journal-vol4-part10-section01,john-wesley,"Journal Vol 4, Part X Section 1 (1755-1758)",journal,107,33676,0.0383,0,began:39; seemed:23; walked:21; reached:13; yards:10; asked:10; observed:10; runs:10; larger:9; surprised:9; behaved:8; hearers:8; expected:7; believed:7; follows:6; says:6; ceased:6; loth:6; seized:6; increased:6
jw-letter-1748-16-to-john-toltschig,john-wesley,16 To John Toltschig,letter,1,183,0.0383,0,bonds:2; covenants:2; month's:1; enclosed:1; indemnified:1
jw-letter-1761-29-to-his-brother-charles,john-wesley,29 To His Brother Charles,letter,2,418,0.0383,0,lungs:1; electrifying:1; murdered:1; cured:1; secundum:1; artem:1; runs:1; one's:1; owes:1; Whittaker:1; reprinting:1; wants:1; boys:1; omitting:1; namby:1; pambical:1
jw-letter-1764-09-to-various-clergymen,john-wesley,09 To Various Clergymen,letter,4,1201,0.0383,0,other's:3; effected:2; increased:2; another's:2; dates:1; endeavoured:1; dated:1; induces:1; hopes:1; began:1; prevented:1; occasioned:1; weakened:1; Riland:1; Symes:1; includes:1; adds:1; agrees:1; essentials:1; expressions:1
jw-letter-1765-08-to-dr-erskine,john-wesley,08 To Dr Erskine,letter,4,1097,0.0383,0,surprised:2; dishonesty:2; controverted:2; expected:1; designs:1; differing:1; modes:1; ushered:1; libels:1; began:1; putting:1; deepest:1; obligations:1; cursing:1; introduced:1; recommended:1; truths:1; hundreds:1; flocked:1; enabled:1
jw-letter-1775-17-to-john-fletcher,john-wesley,17 To John Fletcher,letter,1,339,0.0383,0,bestowed:2; papers:1; expected:1; enabled:1; reached:1; overthrown:1; Imperfectionists:1; views:1; obtained:1; escaped:1; charms:1; faces:1
jw-treatise-principles-of-a-methodist,john-wesley,Treatise Principles Of A Methodist,treatise,19,6947,0.0383,0,merits:7; forgiven:6; implies:5; doeth:5; justifies:4; tion:4; degrees:4; excludes:4; neighbour:3; inconsistencies:3; virtues:3; believed:3; attending:3; infirmities:3; walketh:3; cleansed:3; tenets:3; insisted:3; casts:2; mercies:2
jw-letter-1756b-20-to-james-hervey,john-wesley,B 20 To James Hervey,letter,21,7273,0.0382,0,merits:9; passages:5; texts:5; proves:4; fulfilled:4; performed:3; abounded:3; doeth:3; truths:3; recorded:3; required:3; conditions:3; conditionary:3; contains:3; signifies:3; repenting:2; criminals:2; pensioners:2; asserted:2; writings:2
jw-letter-1768-16-to-robert-costerdine,john-wesley,16 To Robert Costerdine,letter,1,131,0.0382,0,discouraged:1; subscriptions:1; debts:1; Su:1; visited:1
jw-letter-1782b-51-to-ellen-gretton,john-wesley,B 51 To Ellen Gretton,letter,1,131,0.0382,0,slowness:1; posts:1; Skillington:1; contriving:1; fears:1
cw-gp-01-gloria-patri-i,charles-wesley,Gp 01 Gloria Patri I,hymn,2,314,0.0382,0,Draws:2; atoning:2; bestow'd:2; strivest:2; blackest:2; causes:2
cw-duke-death-of-thomas-hogg-1750,charles-wesley,Death of Thomas Hogg (1750),hymn,14,994,0.0382,0,Hogg's:4; edn:4; became:2; arranged:2; Dealings:2; updated:2; convey'd:2; Challeng'd:2; belov'd:2; seiz'd:2; design'd:2; widow's:2; wants:2; mourner's:2; hear'st:2; did'st:2; calmest:2
cw-duke-hymns-for-the-methodist-preachers-1760,charles-wesley,Hymns for the Methodist Preachers (1760),hymn-collection,7,2489,0.0382,0,versions:7; appreciated:2; reenforce:2; burthen:2; wolves:2; goals:1; tensions:1; Heitzenrater:1; edited:1; Peterborough:1; chafed:1; administering:1; sacraments:1; amounted:1; resisted:1; began:1; scheduled:1; affirmed:1; purposes:1; insisted:1
jw-journal-1773-to-1776,john-wesley,To 1776,journal,578,222478,0.0382,0,seemed:302; began:214; reached:153; larger:123; behaved:92; hearers:89; visited:83; largest:77; walked:72; tion:69; increased:64; surprised:60; observed:59; contained:54; communicants:51; concluded:50; expected:49; pounds:49; congre:45; exhorted:45
jw-letter-1774-43-to-elizabeth-ritchie,john-wesley,43 To Elizabeth Ritchie,letter,1,210,0.0381,0,slumbers:1; sleeps:1; observes:1; 'prepareth:1; mayest:1; endued:1; witnessing:1; tins:1
jw-treatise-thoughts-upon-gods-sovereignty,john-wesley,Treatise Thoughts Upon Gods Sovereignty,treatise,3,998,0.0381,0,circumstances:3; acted:2; degrees:2; cases:2; supposes:2; requires:2; touches:2; Tinay:2; reveals:1; began:1; seemed:1; stars:1; properties:1; embodied:1; endued:1; allotted:1; implies:1; extends:1; burnings:1; letting:1
jw-letter-1747-10-to-westley-hall,john-wesley,10 To Westley Hall,letter,4,1209,0.038,0,began:6; followed:2; steps:2; starts:1; imaginations:1; vanished:1; youngest:1; surprised:1; testified:1; affirmed:1; asked:1; gained:1; circumstances:1; relating:1; faults:1; leaned:1; astonished:1; brothers:1; vows:1; jilted:1
jw-letter-1782a-57-to-hester-ann-roe,john-wesley,A 57 To Hester Ann Roe,letter,2,447,0.038,0,bringeth:2; centuries:1; decays:1; suffered:1; excursions:1; oftener:1; Bourignon's:1; treatises:1; recommends:1; degrees:1; passages:1; writings:1; expressions:1; ideas:1; shadows:1; surprised:1
jw-letter-1785a-33-to-his-brother-charles,john-wesley,A 33 To His Brother Charles,letter,1,263,0.038,0,disclosing:2; KILLRMAN:1; ARMAGE:1; charged:1; seemed:1; became:1; sails:1; patriots:1; flourishes:1
jw-sermon-072,john-wesley,Of Evil Angels,sermon,14,4434,0.0379,0,tempers:5; principalities:4; occasioned:4; styled:3; observed:2; beings:2; wisest:2; properties:2; stars:2; became:2; holiest:2; strongest:2; showed:2; kingdoms:2; ends:2; assaults:2; endeavours:2; strives:2; minds:2; workers:2
jw-letter-1781b-23-to-robert-lindsay,john-wesley,B 23 To Robert Lindsay,letter,1,132,0.0379,0,Egerton:1; writes:1; pounds:1; spared:1; discouraged:1
jw-letter-1788a-59-to-henry-moore,john-wesley,A 59 To Henry Moore,letter,1,132,0.0379,0,battle's:1; rafting:1; jewels:1; prevailing:1; Nancy's:1
jw-letter-1789b-15-to-the-methodist-preachers,john-wesley,B 15 To The Methodist Preachers,letter,1,211,0.0379,0,informing:1; larger:1; subscriptions:1; subscribed:1; promised:1; refused:1; referred:1; wishes:1
jw-treatise-word-to-a-protestant,john-wesley,Treatise Word To A Protestant,treatise,8,2745,0.0379,0,errors:7; deservings:3; strikes:3; heretics:3; neighbour:3; worshipper:3; tends:2; abhorr'd:2; merits:2; holds:1; owns:1; complained:1; amending:1; generations:1; numbered:1; sacraments:1; relics:1; indulgences:1; pardons:1; granted:1
cw-013-hymn-xiii-the-lord's-controversy,charles-wesley,013 Hymn Xiii The Lord'S Controversy,hymn,2,1372,0.0379,0,wav'ring:2; redeeming:2; reprobating:2; doom'd:2; routed:2; preaches:2; talks:2; sleeps:2; louder:2; knives:2; lancets:2; ruins:2; untam'd:2; fewel:2; apply'd:2; corruption's:2; confest:2; truths:2; publish'd:2; hear'st:2
jw-journal-vol4-part12-section01,john-wesley,"Journal Vol 4, Part XII Section 1 (1760-1762)",journal,63,19971,0.0378,0,began:18; seemed:12; reached:9; says:9; expected:8; visited:7; procured:6; surprised:6; walked:5; families:5; hearers:5; circumstances:4; wanted:4; increased:4; exhorted:4; rained:4; larger:4; congregations:4; forgiven:4; accompanied:4
jw-sermon-070,john-wesley,The Case of Reason Impartially Considered,sermon,14,4281,0.0378,0,enables:4; valuers:3; duties:3; respects:2; colours:2; lowest:2; cases:2; improved:2; know'st:2; earliest:1; imagined:1; believed:1; asserted:1; reasonings:1; asserting:1; propositions:1; impressed:1; fairest:1; expatiating:1; denying:1
cw-045-micah-66-etc,charles-wesley,045 Micah 66 Etc,hymn,1,370,0.0378,0,etc:1; oblations:1; rams:1; slaughter'd:1; hecatombs:1; asswage:1; seas:1; shew'd:1; performs:1; aspires:1; bow'd:1; prevailing:1; lifts:1; prays:1
jw-letter-1723-01-to-his-mother,john-wesley,01 To His Mother,letter,3,928,0.0377,0,asking:2; stories:2; Bliss's:1; Hearnianae:1; Bodleinn:1; refers:1; says:1; Friend's:1; writes:1; became:1; wondered:1; expected:1; types:1; Hearne's:1; contributions:1; Carmina:1; Quadragesimalia:1; Wordsworth:1; Grabe's:1; pupils:1
jw-letter-1771-03-to-joseph-benson,john-wesley,03 To Joseph Benson,letter,1,159,0.0377,0,students:1; asked:1; showed:1; terms:1; Bachelor's:1; pressed:1
jw-letter-1790b-11-to-william-wilberforce,john-wesley,B 11 To William Wilberforce,letter,1,318,0.0377,0,pounds:2; friend's:1; fined:1; shillings:1; distrained:1; appealed:1; averred:1; waiving:1; oppressing:1; gainers:1; ties:1
cw-duke-hymns-in-difference-with-moravians-1745,charles-wesley,Hymns in Difference with Moravians (1745),hymn-collection,5,1832,0.0377,0,edn:4; brothers:3; placed:3; tempter's:3; prayest:2; meetest:2; bidst:2; pard'ning:2; minds:2; fears:2; burthen:2; Tensions:1; emerged:1; lowered:1; began:1; Sensing:1; opens:1; earlier:1; includes:1; von:1
cw-050-grace-before-meat-part-ii,charles-wesley,050 Grace Before Meat Part Ii,hymn,1,133,0.0376,0,flows:1; pow'r:1; bestows:1; provides:1; sanctify'd:1
jw-letter-1739-02-to-george-whitefield,john-wesley,02 To George Whitefield,letter,2,479,0.0376,0,shortened:1; Katherine's:1; rooms:1; wanted:1; West's:1; Crouch's:1; overflows:1; adorned:1; awakened:1; Abbot's:1; Park's:1; se'nnight:1; seized:1; agonies:1; travailed:1; groaned:1; thanksgivings:1; observed:1
jw-letter-1790a-40-to-mr-andrews,john-wesley,A 40 To Mr Andrews,letter,1,133,0.0376,0,served:1; affirms:1; thinks:1; regards:1; prospers:1
jw-treatise-letter-to-person-joined-with-quakers,john-wesley,Treatise Letter To Person Joined With Quakers,treatise,12,4497,0.0376,0,says:10; baptized:10; preachings:5; moves:4; follows:4; prays:3; actings:3; tempers:3; repeats:3; signifies:2; tianity:2; terms:2; propositions:2; expressions:2; supplied:2; superstitions:2; granted:2; begins:2; ends:2; appointing:2
cw-009-a-hymn-for-charity-children-another-2,charles-wesley,009 A Hymn For Charity Children Another 2,hymn,3,320,0.0375,0,pray'r:2; pow'r:2; inundations:2; Rever'd:2; metre:2; edn:2
jw-letter-1748-19-to-william-horne,john-wesley,19 To William Horne,letter,1,80,0.0375,0,designs:1; tenants:1; encumbrances:1
jw-letter-1775-78-to-the-editor-of-lloyds-evening-post,john-wesley,78 To The Editor Of Lloyds Evening Post,letter,2,533,0.0375,0,privileges:2; claimed:2; NORWICHCH:1; asked:1; Stationers':1; brother's:1; contributed:1; putting:1; rages:1; rises:1; Charters:1; incited:1; congregations:1; exhorted:1; commotions:1; terms:1; newswriters:1; expected:1
jw-sermon-103,john-wesley,Sermon 103,sermon,9,3020,0.0374,0,stars:8; worlds:8; planets:6; passeth:4; fingers:3; observed:3; allowed:3; larger:3; shouldest:3; wants:2; satellites:2; moons:2; contained:2; foundations:2; filleth:2; says:2; Huygens:2; plants:2; vegetables:2; animals:2
jw-sermon-138,john-wesley,Sermon 138,sermon,10,3101,0.0374,0,affections:4; motions:3; wilful:3; influences:3; ends:2; renewed:2; deepest:2; conceived:2; contempts:2; assistances:2; finds:2; grapes:2; mercies:2; obligations:2; grieves:2; preserving:2; degrees:2; kinds:2; minds:2; pleasures:2
jw-journal-vol4-part11-section01,john-wesley,"Journal Vol 4, Part XI Section 1 (1758-1760)",journal,73,24374,0.0373,0,seemed:28; began:27; reached:13; increased:11; hearers:9; walked:9; observed:9; asked:8; says:7; behaved:7; became:6; refreshed:6; dropped:6; believed:5; concluded:5; o'clock:5; visited:5; replied:5; seized:5; placed:4
jw-letter-1752-08-to-his-brother-charles,john-wesley,08 To His Brother Charles,letter,1,322,0.0373,0,affirmed:2; ATHXONE:1; BROTHE:1; wellnigh:1; granted:1; doubted:1; texts:1; reprobaton:1; serves:1; purposes:1; holds:1
jw-letter-1775-12-to-thomas-wride,john-wesley,12 To Thomas Wride,letter,1,161,0.0373,0,promised:2; pounds:1; expected:1; neglected:1; borrowed:1
jw-letter-1778-45-to-christopher-hopper,john-wesley,45 To Christopher Hopper,letter,1,161,0.0373,0,'desists:1; readmitted:1; Kershaw's:1; fingers:1; countrymen:1; concluded:1
jw-treatise-second-letter-to-dr-free,john-wesley,Treatise Second Letter To Dr Free,treatise,10,3618,0.0373,0,says:5; tion:3; began:3; relating:3; terms:3; namesakes:3; ments:2; slices:2; dances:2; danced:2; pounds:2; acknowledges:2; denying:2; Mason's:2; alleged:2; pretences:2; inspi:2; enjoys:2; proofs:1; assertions:1
jw-letter-1772-07-to-the-society-pro-fide-et-christianismo,john-wesley,07 To The Society Pro Fide Et Christianismo,letter,1,188,0.0372,0,Christianismo:1; putting:1; noblest:1; designs:1; attending:1; sincerest:1; admitting:1
jw-a-plain-account-of-kingswood-school,john-wesley,A Plain Account Of Kingswood School,treatise,17,5019,0.0371,0,authors:6; tongues:4; advantages:4; languages:3; students:3; seemed:2; granted:2; pursued:2; inconveniences:2; respects:2; elements:2; instil:2; minds:2; evils:2; habits:2; beds:2; writers:2; kinds:2; vel:2; instructers:2
jw-sermon-064,john-wesley,The New Creation,sermon,10,3166,0.037,0,sitteth:3; informs:2; stars:2; elements:2; worlds:2; changes:2; storms:2; tempests:2; meteors:2; destroying:2; apprehensions:1; allowed:1; researches:1; faculties:1; interpreting:1; adds:1; commentators:1; relates:1; referred:1; commenced:1
cw-091-on-the-admission-of-any-person-into-the-society,charles-wesley,091 On The Admission Of Any Person Into The Society,hymn,1,324,0.037,0,quick'ning:1; forgiven:1; ceasing:1; paths:1; belov'd:1; approv'd:1; changes:1; 'Scap'd:1; pursued:1; abhor'd:1; answerest:1; flames:1
jw-letter-1763-06-to-his-brother-charles,john-wesley,06 To His Brother Charles,letter,1,189,0.037,0,verba:1; fiunt:1; mortuo:1; Plautus's:1; Poenulus:1; Lombardi's:1; Gaussens:1
jw-letter-1788a-03-to-mrs-barton,john-wesley,A 03 To Mrs Barton,letter,1,135,0.037,0,believed:1; chasteneth:1; scourgeth:1; receiveth:1; fails:1
jw-letters-1758,john-wesley,Letters 1758,letter,13,4353,0.037,0,terms:18; conditions:11; merits:6; qualifications:5; feelings:4; claimed:4; requires:3; evidences:3; conditions':3; promised:3; yielded:3; obeying:3; enjoined:3; asserted:2; expressions:2; implied:2; applies:2; obtained:2; privileges:2; repenting:2
cw-duke-redemption-hymns-1747,charles-wesley,Redemption Hymns (1747),hymn-collection,38,14254,0.037,0,edn:55; pard'ning:12; forgiven:10; precursors:10; know'st:7; fears:6; mercies:6; redeeming:6; heav'nly:5; pleasures:5; people's:4; groans:4; promis'd:3; opprest:3; hear'st:3; robes:3; reigns:3; cares:3; apply'd:3; desp'rate:3
jw-sermon-051,john-wesley,The Good Steward,sermon,19,5640,0.0369,0,entrusted:21; talents:7; affections:7; respects:5; senses:5; pleases:4; faculties:4; organs:4; instruments:4; says:3; purposes:3; returns:3; represented:2; styled:2; requires:2; proprietors:2; allotria:2; entrusts:2; terms:2; glorifying:2
jw-sermon-122,john-wesley,Sermon 122,sermon,12,3960,0.0369,0,senses:5; objects:4; remained:3; favoured:3; lunatics:3; benefactors:3; organs:2; stars:2; discharged:2; errands:2; disembodied:2; realms:2; shadows:2; paths:2; cured:2; allowed:2; companies:2; owns:2; worlds:2; conjectures:2
jw-letter-1739-13-to-james-hutton,john-wesley,13 To James Hutton,letter,3,812,0.0369,0,propped:2; Worlock:2; asked:2; lovefeast:1; owns:1; Grevil's:1; seemed:1; awakened:1; expounding:1; impressed:1; named:1; began:1; baptized:1; Elis:1; Farnell:1; Goslin:1; Gilas:1; follows:1; Arnot:1; boys:1
jw-letter-1788b-07-to-kitty-warren,john-wesley,B 07 To Kitty Warren,letter,1,217,0.0369,0,Llangwain:2; continues:1; runs:1; Llwynygwair:1; appointments:1; disliked:1; hindered:1
jw-journal-vol4-part12-section03,john-wesley,"Journal Vol 4, Part XII Section 3 (1762)",journal,42,13942,0.0368,0,began:16; seemed:10; increased:8; hearers:8; observed:6; says:6; became:6; congregations:5; visited:5; larger:5; believed:4; breasts:4; forgiven:3; oj:3; obtained:3; o'clock:3; lumps:3; healed:3; facts:3; blew:3
jw-letter-1730-04-to-his-father,john-wesley,04 To His Father,letter,3,869,0.0368,0,procured:2; Origine:2; evils:2; managed:1; instruments:1; occasioned:1; wants:1; hopes:1; contradicts:1; builds:1; ruins:1; prevented:1; affirmed:1; totidem:1; verbis:1; breakfasted:1; surprised:1; seemed:1; copies:1; showed:1
jw-letter-1753-11-to-his-brother-charles,john-wesley,11 To His Brother Charles,letter,2,571,0.0368,0,consulted:2; began:1; recovering:1; genere:1; impressions:1; ratione:1; voluntas:1; paragraphs:1; professing:1; performing:1; intentions:1; inquired:1; putting:1; acted:1; prevented:1; lines:1; approved:1; practicing:1; respects:1; Whitechappel:1
jw-letter-1762-09-to-dr-horne,john-wesley,09 To Dr Horne,letter,9,2904,0.0368,0,proves:5; says:5; implies:4; affirms:4; ceasing:3; conditions:3; asserts:3; writings:2; allowed:2; terms:2; believes:2; comprehends:2; founded:2; arguing:2; maintaining:2; volumes:2; 'heresies:1; revolutions:1; hearers:1; heresies:1
jw-letter-1769-19-to-miss-march,john-wesley,19 To Miss March,letter,1,380,0.0368,0,comparing:1; Thornton's:1; advantages:1; exercised:1; shows:1; glorifying:1; endureth:1; longsuffering:1; attained:1; groweth:1; overshadows:1; confirms:1; increases:1; witnessed:1
jw-treatise-thoughts-concerning-origin-of-power,john-wesley,Treatise Thoughts Concerning Origin Of Power,treatise,9,3101,0.0368,0,obtained:5; conditions:4; rights:3; allowed:3; freeholders:3; earliest:2; empires:2; governed:2; subsisted:2; observed:2; argued:2; follows:2; espoused:2; entrusted:2; shillings:2; depriving:2; asked:2; endeavoured:2; occurred:2; claimed:2
jw-sermon-090,john-wesley,An Israelite Indeed,sermon,10,3322,0.0367,0,neighbour:4; implied:4; termed:3; endeavours:2; pleasures:2; implies:2; uses:2; improves:2; seemeth:2; wilful:2; attaining:2; est:2; treatises:1; Ideas:1; maintains:1; partakes:1; supposes:1; asserts:1; virtues:1; says:1
jw-letter-1739-21-to-james-hutton,john-wesley,21 To James Hutton,letter,4,1091,0.0367,0,began:4; asked:4; conventicles:2; replied:2; Weavers:1; scoffers:1; entreated:1; gained:1; hearers:1; concluded:1; surprised:1; conveyed:1; frighted:1; wits:1; paused:1; walked:1; despisers:1; hollowed:1; hissed:1; followed:1
jw-letter-1750-18-to-dr-lavington-bishop-of-exeter,john-wesley,18 To Dr Lavington Bishop Of Exeter,letter,9,2509,0.0367,0,replied:2; expressions:2; cases:2; consequences:2; reforming:2; despiseth:2; questioned:1; terrified:1; aired:1; miscarrying:1; asking:1; renewed:1; publishing:1; counties:1; showed:1; violated:1; believed:1; asked:1; undergone:1; belied:1
jw-letter-1752-05-to-ebenezer-blackwell,john-wesley,05 To Ebenezer Blackwell,letter,1,327,0.0367,0,copies:2; printers':1; remaining:1; pounds:1; arising:1; specified:1; brother's:1; pleases:1; hopes:1; fears:1; inclinations:1
jw-letter-1770-29-to-mrs-marston,john-wesley,29 To Mrs Marston,letter,1,245,0.0367,0,wanted:1; prospered:1; defects:1; tempers:1; errors:1; followeth:1; says:1; meets:1; denying:1
jw-letter-1773-33-to-hannah-ball,john-wesley,33 To Hannah Ball,letter,1,218,0.0367,0,windows:1; doubted:1; weakens:1; causes:1; sweetened:1; occurs:1; sitteth:1; ruleth:1
jw-letter-1776-08-to-matthew-mayer,john-wesley,08 To Matthew Mayer,letter,1,109,0.0367,0,MATHEW:1; complained:1; journeys:1; Portwood:1
jw-letter-1779-23-to-ann-bolton,john-wesley,23 To Ann Bolton,letter,2,409,0.0367,0,hour's:1; interposed:1; defrauded:1; enjoyed:1; conveying:1; imputing:1; extracting:1; infirmities:1; follies:1; pertains:1; disposes:1; superintends:1; chooses:1; seemed:1; eased:1
jw-letter-1779-65-to-sarnuel-bradburn,john-wesley,65 To Sarnuel Bradburn,letter,1,300,0.0367,0,Sarnuel:1; restraints:1; incendiaries:1; loudest:1; bawlers:1; Brewer's:1; contributes:1; relating:1; Dobbyn:1; remaining:1; ensuing:1
jw-letter-1786b-18-to-george-merryweather,john-wesley,B 18 To George Merryweather,letter,1,109,0.0367,0,Venns:1; ff:1; pounds:1; wishes:1
jw-notes-nt,john-wesley,Explanatory Notes Upon the New Testament,notes,931,305014,0.0367,0,disciples:121; fulfilled:90; implies:83; signifies:79; began:78; believed:73; shows:73; termed:68; follows:65; suffered:60; baptized:52; says:50; begins:50; terms:44; circumstances:43; promised:42; followed:39; hearers:39; trumpets:39; named:38
jw-sermon-075,john-wesley,On Schism,sermon,13,4018,0.0366,0,schisms:7; consequences:6; heresies:4; uses:3; says:3; Heresies:3; tempers:3; offenses:3; committing:3; omitting:3; disputants:2; opponents:2; disputed:2; writers:2; occurs:2; scismata:2; sects:2; communities:2; backbiting:2; expected:2
jw-letter-1751-24-to-dr-lavington-bishop-of-exeter,john-wesley,24 To Dr Lavington Bishop Of Exeter,letter,46,16328,0.0366,0,says:10; proofs:9; writings:8; disciples:8; observed:7; quotations:7; passages:7; doubts:7; quarrels:7; charges:6; conflicts:6; impressions:6; sentences:5; errors:5; follows:4; causes:4; relapses:4; runs:4; holds:4; impulses:4
jw-letter-1762-05-to-matthew-lowes-london-february-13-1762,john-wesley,05 To Matthew Lowes London February 13 1762,letter,1,82,0.0366,0,wanted:1; surprised:1; belongs:1
jw-letter-1766-05-to-his-brother-charles-lewisham-february-28-1766,john-wesley,05 To His Brother Charles Lewisham February 28 1766,letter,83,26325,0.0366,0,says:16; tongues:16; symptoms:11; particulars:8; began:8; judgements:8; quotations:7; consists:7; circumstances:6; seemed:6; proves:6; senses:5; feelings:5; follows:5; proofs:5; causes:5; entreated:5; allowed:5; affirmed:5; contradicts:5
jw-letter-1770-13-to-matthew-lowes,john-wesley,13 To Matthew Lowes,letter,1,82,0.0366,0,devised:1; exerted:1; burthen:1
jw-letter-1773-12-to-christopher-hopper,john-wesley,12 To Christopher Hopper,letter,1,246,0.0366,0,pounds:2; subscribed:2; subscriptions:1; purposed:1; seemed:1; burthen:1; began:1
jw-letter-1789a-58-to-mrs-mullis,john-wesley,A 58 To Mrs Mullis,letter,1,82,0.0366,0,Mullis:1; withdraws:1; reasonings:1
jw-letter-1770-08-to-john-whitehead,john-wesley,08 To John Whitehead,letter,1,274,0.0365,0,advising:2; labours:1; Bisveal:1; laboured:1; complains:1; promised:1; Haynes:1; allowed:1; preaches:1
cw-024-upon-parting-with-his-friends-part-i-part-ii,charles-wesley,024 Upon Parting With His Friends Part I Part Ii,hymn,1,412,0.0364,0,deliv'rance:1; toils:1; ling'ring:1; passion's:1; sorrow's:1; pow'r:1; suff'rer's:1; woes:1; Desir'd:1; imbitter'd:1; judgment's:1; flow'd:1; cares:1; loosen'd:1; steps:1
jw-letter-1750-16-to-ebenezer-blackwell,john-wesley,16 To Ebenezer Blackwell,letter,1,220,0.0364,0,hurrying:1; storms:1; assaulted:1; asked:1; pursued:1; procured:1; throats:1; apprehended:1
jw-letter-1775-64-to-thomas-taylor,john-wesley,64 To Thomas Taylor,letter,1,165,0.0364,0,hazards:1; blameable:1; mentioning:1; electrified:1; roasted:1; noblest:1
jw-sermon-111,john-wesley,Sermon 111,sermon,8,2589,0.0363,0,wings:3; senses:3; observes:2; worlds:2; occupied:2; filleth:2; strongest:2; includes:2; implies:2; observed:2; faculties:1; purposes:1; writers:1; suggested:1; writings:1; applying:1; consciences:1; inferences:1; spiest:1; says:1
jw-letter-1731-20-to-ann-granville,john-wesley,20 To Ann Granville,letter,3,1131,0.0363,0,obligations:2; dispositions:2; reconciled:1; livelier:1; hopes:1; resembles:1; surprised:1; suits:1; lurking:1; poisons:1; sweets:1; enjoys:1; strives:1; spends:1; pursues:1; doubts:1; scruples:1; sorts:1; mentions:1; attained:1
jw-letter-1734-04-to-mrs-pendarves,john-wesley,04 To Mrs Pendarves,letter,2,579,0.0363,0,flattered:1; indulged:1; tries:1; acted:1; iniustice:1; obligations:1; hopes:1; says:1; Bulstrode:1; Corr:1; students:1; brothers:1; objects:1; proselytes:1; became:1; preferments:1; columns:1; enjoyed:1; Hogarth:1; sharpest:1
cw-004-hymn-iv,charles-wesley,004 Hymn Iv,hymn,2,992,0.0363,0,electing:4; listen'd:2; lik'd:2; withdrew:2; troubles:2; pangs:2; Daub'd:2; untemper'd:2; quieted:2; suppos'd:2; sinn'd:2; crimes:2; defied:2; threaten'd:2; woes:2; threatnings:2; pard'ning:2
jw-letters-1766,john-wesley,Letters 1766,letter,85,27015,0.0363,0,says:17; tongues:16; symptoms:11; particulars:8; began:8; judgements:8; quotations:7; consists:7; circumstances:6; seemed:6; proves:6; senses:5; feelings:5; follows:5; proofs:5; causes:5; entreated:5; allowed:5; affirmed:5; contradicts:5
cw-duke-hymns-in-word-in-season-1745,charles-wesley,Hymns in Word in Season (1745),hymn,6,1596,0.0363,0,copies:6; troops:4; records:4; supporters:2; proclaimed:2; sympathies:2; Prestonpans:2; entries:2; defeated:2; tensions:2; citizens:2; conquered:2; invading:2; indicating:2; cases:2; republished:2; themes:2; details:2; people's:2; bereav'd:2
jw-sermon-026,john-wesley,Upon Our Lord's Sermon on the Mount VI,sermon,20,6880,0.0362,0,trespasses:12; hypocrites:6; synagogues:5; wants:5; prayest:4; repetitions:4; debts:4; petitions:4; endureth:4; forgiven:4; corners:3; neighbour:3; contains:3; stars:3; chains:3; doeth:2; tempers:2; affections:2; termed:2; named:2
cw-universal-redemption,charles-wesley,Universal Redemption,hymn,38,1602,0.0362,0,mystick:2; spak'st:2; unconfin'd:2; display'd:2; survey'd:2; stopp'd:2; suffered:2; foreknew:2; decreed:2; steps:2; proffered:2; glorifies:2; forgiven:2; truths:2; thirsteth:2; invites:2; bid'st:2; purpos'd:2; can'st:2; people's:2
cw-040-i-thirst-thou-wounded-lamb-of-god-from-the-german-nikolaus-von-zinzend,charles-wesley,040 I Thirst Thou Wounded Lamb Of God From The German Nikolaus Von Zinzend,hymn,1,359,0.0362,0,von:2; vv:2; der:1; ysenhaus:1; excerpts:1; shelter'd:1; quick'ning:1; giv'st:1; wond'rous:1; should'st:1; stamm'ring:1
jw-letter-1721-01-to-ambrose-eyre-mr-a-h-tod-one-of-the-masters-at-c,john-wesley,01 To Ambrose Eyre Mr A H Tod One Of The Masters At C,letter,2,387,0.0362,0,detained:2; supplies:1; facts:1; Carthusiani:1; pr:1; elected:1; Chelaea:1; putting:1; Mercers':1; returns:1; tutor's:1; pounds:1; deducted:1
jw-letter-1724-03-to-his-mother,john-wesley,03 To His Mother,letter,4,1051,0.0362,0,confessed:2; followed:2; raged:1; apprehensions:1; brothers:1; Bulloigne:1; Tasso's:1; says:1; transacted:1; Raphoe:1; actors:1; reckoned:1; imposed:1; bragged:1; feasted:1; endeavored:1; stories:1; persisted:1; symptoms:1; preceded:1
jw-letter-1742-03-to-captain-robert-williams,john-wesley,03 To Captain Robert Williams,letter,3,746,0.0362,0,viz:3; quoted:2; bailed:2; traded:1; improved:1; esteemed:1; settlements:1; charges:1; seduced:1; familiarities:1; messages:1; surprised:1; assertions:1; presentments:1; freeholders:1; attested:1; falsehoods:1; walked:1; threatened:1; families:1
jw-letter-1748-30-to-vincent-perronet,john-wesley,30 To Vincent Perronet,letter,27,8482,0.0362,0,wanted:10; observed:8; pounds:8; began:6; asked:6; healed:5; advantages:4; neighbours:4; faults:4; contributions:4; consulted:3; advices:3; proposed:3; required:3; exhorted:3; debts:3; companies:3; visited:3; supplied:3; helps:3
jw-letter-1762-21-to-samuel-furly-st-ives-september-15-1762,john-wesley,21 To Samuel Furly St Ives September 15 1762,letter,2,580,0.0362,0,cleansed:2; Spectatum:1; satis:1; ac:1; donatum:1; quaeris:1; iterum:1; antiquo:1; includere:1; eadem:1; est:1; aetas:1; dismissed:1; lists:1; disputing:1; penetrated:1; shifts:1; guts:1; out'See:1; tempers:1
jw-sermon-100,john-wesley,Sermon 100,sermon,11,3297,0.0361,0,neighbour:15; entitled:3; tempers:3; lieth:2; consequences:2; favourite:2; sorts:2; recommends:2; hindrances:2; avoided:2; minds:2; practise:2; rags:2; prescribed:1; entrusted:1; enjoined:1; pursued:1; holier:1; treatises:1; proposed:1
jw-letter-1724-01-to-his-brother-samuel,john-wesley,01 To His Brother Samuel,letter,2,554,0.0361,0,fav'rite:2; Cloe:2; consolations:1; relating:1; thanked:1; expectations:1; expected:1; Cloe's:1; chains:1; steps:1; strutted:1; leaps:1; hides:1; lips:1; glowed:1; roses:1; captive's:1; destined:1
jw-letter-1731-12-to-ann-granville,john-wesley,12 To Ann Granville,letter,3,692,0.0361,0,entertains:1; oftener:1; friendships:1; required:1; severest:1; approaches:1; shows:1; conspired:1; conveyed:1; Astell:1; showed:1; prescribed:1; carne:1; expresses:1; trifles':1; renewed:1; renewing:1; minds:1; conversed:1; happened:1
jw-letter-1772-11-to-lady-maxwell,john-wesley,11 To Lady Maxwell,letter,1,360,0.0361,0,labours:1; weapons:1; abilities:1; writes:1; writings:1; scruples:1; distinctions:1; clears:1; occasioned:1; styled:1; borders:1; holds:1; banishes:1
jw-letter-1788b-06-to-walter-churchey,john-wesley,B 06 To Walter Churchey,letter,2,416,0.0361,0,volumes:3; Fresnoy:2; talents:1; papers:1; du:1; lines:1; copies:1; seemeth:1; Kilburn:1; began:1; appointments:1; ensuing:1
jw-treatise-life-and-death-of-john-fletcher,john-wesley,Treatise Life And Death Of John Fletcher,treatise,105,40293,0.0361,0,seemed:22; says:19; follows:15; asked:13; labours:13; observed:12; visited:12; tion:12; followed:11; circumstances:11; began:10; expected:10; knees:10; walked:9; believed:8; replied:8; students:8; favoured:8; neighbour:7; selves:7
jw-letters-1723,john-wesley,Letters 1723,letter,4,943,0.0361,0,stories:2; Bliss's:1; Hearnianae:1; Bodleinn:1; refers:1; says:1; Friend's:1; writes:1; became:1; wondered:1; expected:1; types:1; Hearne's:1; contributions:1; Carmina:1; Quadragesimalia:1; Wordsworth:1; Grabe's:1; pupils:1; livings:1
cw-duke-festival-hymns-1746,charles-wesley,Festival Hymns (1746),hymn-collection,19,6896,0.0361,0,pow'r:7; know'st:5; favour'd:4; pow'rs:4; settings:3; fears:3; precursors:3; pray'r:3; wings:3; gain'd:3; sings:3; brothers:2; pamphlets:2; issued:2; introduced:2; changes:2; purposes:2; shows:2; mercies:2; answer'd:2
jw-sermon-038,john-wesley,A Caution Against Bigotry,sermon,18,5700,0.036,0,followeth:16; casts:7; differs:6; possesses:4; objections:4; forbad:3; receiveth:3; proposed:3; holds:3; affections:3; strongest:3; countrymen:3; senses:3; disputing:2; recited:2; imagined:2; lieth:2; countries:2; chains:2; thinks:2
jw-journal-vol4-part10-section02,john-wesley,"Journal Vol 4, Part X Section 2 (1757-1758)",journal,102,34311,0.0359,0,began:41; seemed:19; walked:16; observed:11; reached:11; asked:10; talked:10; increased:8; showed:8; larger:8; surprised:7; says:7; hastened:6; became:6; occasioned:6; dreamed:6; o'clock:6; windows:6; largest:6; ceased:5
jw-letter-1769-22-to-mrs-bennis,john-wesley,22 To Mrs Bennis,letter,1,251,0.0359,0,inclined:1; enjoyed:1; larger:1; healed:1; prevailed:1; standeth:1; o'clock:1; writes:1; importuned:1
jw-letter-1774-16-to-hannah-ball,john-wesley,16 To Hannah Ball,letter,1,195,0.0359,0,promised:1; profited:1; chooses:1; deaths':1; martyrdoms:1; punishes:1; seemeth:1
jw-sermon-107,john-wesley,Sermon 107,sermon,15,4718,0.0358,0,grapes:11; helps:7; tempers:3; increased:3; walked:3; expected:3; tolerated:3; began:2; branches:2; moths:2; observed:2; begins:2; vouchsafed:2; walks:2; ordinances:2; doeth:2; enjoyed:2; offence:2; defenceless:2; stirred:2
jw-letter-1738-22-to-connt-zinzendorf,john-wesley,22 To Connt Zinzendorf,letter,2,475,0.0358,0,Connt:1; counteth:1; kindnesses:1; blocks:1; misunderstandings:1; blasphemed:1; envyings:1; strifes:1; railings:1; surmisings:1; gained:1; offence:1; runs:1; glorified:1; prospers:1; awakened:1; stirred:1
jw-journal-vol4-part12-section02,john-wesley,"Journal Vol 4, Part XII Section 2 (1761)",journal,52,17289,0.0357,0,began:15; seemed:12; walked:7; larger:7; exhorted:7; behaved:6; reached:6; assisted:5; remained:5; concluded:5; demonstrated:4; characters:4; founded:4; hearers:4; lovefeast:4; talked:4; visited:4; steps:4; Memyss:4; windows:4
cw-012-a-funeral-hymn,charles-wesley,012 A Funeral Hymn,hymn,1,140,0.0357,0,shadows:1; tracks:1; steps:1; heav'nly:1; wisdom's:1
jw-letter-1750-03-to-christopher-hopper,john-wesley,03 To Christopher Hopper,letter,1,56,0.0357,0,Carmichael:1; promised:1
jw-letter-1756b-07-to-mr-----,john-wesley,B 07 To Mr     ,letter,1,112,0.0357,0,consulted:1; delayed:1; putting:1; elsee:1
jw-letter-1769-20-to-peggy-dale,john-wesley,20 To Peggy Dale,letter,1,196,0.0357,0,advantages:3; wanted:1; tenderest:1; repining:1; fewer:1
jw-letter-1773-86-to-james-hutton,john-wesley,86 To James Hutton,letter,1,112,0.0357,0,surgeon's:1; Folgham's:1; Folgham:1; dined:1
jw-letter-1776-44-to-penelope-newman,john-wesley,44 To Penelope Newman,letter,1,112,0.0357,0,degenerating:1; strikes:1; crosses:1; stirs:1
jw-letter-1780a-18-to-william-tunney,john-wesley,A 18 To William Tunney,letter,1,112,0.0357,0,recommending:1; smugglers:1; desisted:1; colleagues:1
jw-letter-1782b-47-to-thomas-davenport,john-wesley,B 47 To Thomas Davenport,letter,1,336,0.0357,0,began:1; largest:1; borders:1; instituted:1; dispersing:1; Alleyne's:1; subscribes:1; charities:1; walked:1; rejoices:1; wings:1; flies:1
jw-letter-1790a-22-to-george-sykes,john-wesley,A 22 To George Sykes,letter,1,112,0.0357,0,bruised:1; failed:1; Linder's:1; misunderstandings:1
jw-sermon-077,john-wesley,Spiritual Worship,sermon,14,4355,0.0356,0,moves:4; observed:3; says:3; begins:2; inferences:2; autv:2; singulis:2; sicut:2; universis:2; wings:2; animals:2; commences:2; dwelleth:2; vigour:2; duties:2; pleasures:2; pursuing:2; resided:1; recapitulating:1; treats:1
cw-104-the-communion-of-saints-part-vi,charles-wesley,104 The Communion Of Saints Part Vi,hymn,3,900,0.0356,0,enroll'd:2; Undertakes:2; Ratifies:2; seals:2; imparts:2; provokes:2; repenting:2; forgiven:2; seraphs:2; Fenc'd:2; wings:2; realms:2; earlier:2; arrives:2; Rob'd:2; compleatly:2
jw-letter-1748-02-to-william-holland,john-wesley,02 To William Holland,letter,1,309,0.0356,0,other's:1; offence:1; slanders:1; behaved:1; overtures:1; acknowledgements:1; readmitted:1; surprised:1; judgeth:1; preeminence:1; bringeth:1
jw-letter-1763-10-to-the-countess-of-huntingdon,john-wesley,10 To The Countess Of Huntingdon,letter,2,393,0.0356,0,bereaved:2; lines:1; inquired:1; expected:1; seemed:1; became:1; managed:1; acted:1; surprised:1; owed:1; countenanced:1; extravagances:1; burdens:1
jw-letter-1785a-31-to-his-brother-charles,john-wesley,A 31 To His Brother Charles,letter,1,225,0.0356,0,miscarried:1; humbugged:1; patriots:1; wants:1; sinews:1; complained:1; enables:1; lines:1
jw-letter-1785b-51-to-the-editor-of-the-gentlemans-magazine,john-wesley,B 51 To The Editor Of The Gentlemans Magazine,letter,2,450,0.0356,0,exposing:3; says:2; writes:1; urges:1; believes:1; affirmed:1; Badcock's:1; entitled:1; Regents:1; differed:1; misrepresentations:1; approved:1; ministrations:1
cw-015-galatians-322,charles-wesley,015 Galatians 322,hymn,1,366,0.0355,0,concluded:1; Fal'n:1; tortur'd:1; controul:1; entring:1; hop'd:1; labour'd:1; essay'd:1; boasted:1; refin'd:1; subtler:1; emptying:1; hells:1
jw-letter-1767-32-to-robert-costerdine,john-wesley,32 To Robert Costerdine,letter,2,648,0.0355,0,shoulders:2; pounds:2; alterations:1; purposes:1; supplied:1; wants:1; discharged:1; burthening:1; promoting:1; endeavours:1; Subscribers:1; Guineas:1; subscribers:1; guineas:1; excused:1; undertakings:1; burthen:1; straitened:1; prospered:1; adds:1
jw-letter-1781a-35-to-ann-loxdale,john-wesley,A 35 To Ann Loxdale,letter,3,647,0.0355,0,manifestations:2; treatises:2; Loxdale's:1; trusts:1; hindered:1; hindrances:1; observes:1; overpowered:1; senses:1; faculties:1; overwhelmed:1; flowed:1; Bourignon's:1; degrees:1; passages:1; writings:1; expressions:1; tended:1; ideas:1; shadows:1
jw-letter-1790a-21-to-friends-in-trowbridge,john-wesley,A 21 To Friends In Trowbridge,letter,1,169,0.0355,0,proprietors:2; can't:1; writings:1; writes:1; stamped:1
cw-duke-whole-armour-of-god-1742,charles-wesley,Whole Armour of God (1742),hymn,21,1970,0.0355,0,snares:4; ceasing:4; updated:2; holds:2; containing:2; reproduced:2; contains:2; placed:2; earliest:2; establishes:2; developing:2; decades:2; Englefield:2; supplies:2; trusts:2; endu'd:2; conflicts:2; o'ercome:2; binds:2; subdu'd:2
jw-sermon-134,john-wesley,Sermon 134,sermon,14,4574,0.0354,0,entrusted:3; terms:3; required:3; neighbour:2; writers:2; proves:2; adds:2; signifies:2; minds:2; testified:2; ordaining:2; subscribed:2; mutilated:1; papers:1; dated:1; supplied:1; collating:1; variations:1; translating:1; publishing:1
jw-letter-1776-13-to-miss-march,john-wesley,13 To Miss March,letter,1,339,0.0354,0,obligations:3; circumstances:1; attending:1; follows:1; ascribes:1; says:1; burthensome:1; burthen:1; weightier:1; thinks:1
jw-letter-1785b-54-to-mrs-fletcher,john-wesley,B 54 To Mrs Fletcher,letter,1,226,0.0354,0,particulars:2; papers:1; belongs:1; materials:1; procured:1; putting:1; mentioning:1
cw-022-written-in-sickness,charles-wesley,022 Written In Sickness,hymn,1,283,0.0353,0,sap'd:1; pain's:1; hastens:1; fever's:1; heav'nward:1; wings:1; shatter'd:1; world's:1; wants:1; destin'd:1
jw-letter-1743-02-to-the-mayor-of-newcastle-upon-tyne,john-wesley,02 To The Mayor Of Newcastle Upon Tyne,letter,2,567,0.0353,0,breakers:2; discharges:1; pressed:1; occurred:1; yielded:1; sorts:1; swearers:1; facts:1; evenings:1; terrified:1; subsided:1; began:1; neighbors:1; intervals:1; proposed:1; withdrew:1; thickest:1; rioters:1; dropped:1
jw-letter-1753-09-to-mr-----,john-wesley,09 To Mr     ,letter,1,170,0.0353,0,rioters:1; relates:1; pulling:1; evidences:1; empowered:1; affidavits:1
jw-letter-1782b-35-to-duncan-mcallum,john-wesley,B 35 To Duncan Mcallum,letter,1,85,0.0353,0,supplied:1; straitened:1; wants:1
cw-gp-04-gloria-patri-iv,charles-wesley,Gp 04 Gloria Patri Iv,hymn,2,340,0.0353,0,inclin'd:2; drawings:2; shinest:2; Lightest:2; quickning:2; sorer:2
cw-duke-graces-1746,charles-wesley,Graces (1746),hymn-collection,8,2577,0.0353,0,pard'ning:5; wants:3; supplies:3; np:2; chears:2; fears:2; bestow'd:2; caring:2; imparts:2; paradice:2; updated:1; pamphlets:1; showed:1; practices:1; earliest:1; printings:1; indicated:1; advertised:1; includes:1; suggested:1
cw-duke-scripture-hymns-1762-vol-1,charles-wesley,Scripture Hymns (1762) Vol 1,hymn-collection,292,85532,0.0353,0,underlined:35; wings:29; bestow'd:27; forgiven:26; cont:23; pard'ning:22; commenting:21; redeeming:18; promis'd:14; desart:13; lips:13; glories:12; mercies:12; hallowing:12; flies:11; abhor'd:11; holiest:11; fears:11; chear:11; people's:11
jw-sermon-127,john-wesley,Sermon 127,sermon,12,3556,0.0352,0,infirmities:3; troubles:3; evils:3; truths:3; healed:2; injuries:2; despiseth:2; noblest:2; diedst:2; livest:2; sinning:2; hearers:1; remaining:1; republished:1; ends:1; displays:1; exhibits:1; assumes:1; exists:1; Viewed:1
cw-013-de-profundis,charles-wesley,013 De Profundis,hymn,1,142,0.0352,0,Profundis:1; deeps:1; should'st:1; pard'ning:1; redeeming:1
jw-letter-1751-15-to-ebenezer-blackwell,john-wesley,15 To Ebenezer Blackwell,letter,1,256,0.0352,0,informing:1; families:1; miscarried:1; prevented:1; seemed:1; pressed:1; tongues:1; ff:1; wishes:1
jw-letter-1773-85-to-samuel-sparrow,john-wesley,85 To Samuel Sparrow,letter,2,511,0.0352,0,guides:1; virtues:1; rags:1; hearers:1; Thelyphthora:1; infers:1; follows:1; swerved:1; hair's:1; prejudices':1; attacked:1; attempted:1; feathers:1; trifles:1; men's:1; tempers:1; terms:1; finds:1
jw-letter-1779-30-to-duncan-mcallum,john-wesley,30 To Duncan Mcallum,letter,1,142,0.0352,0,EPWORXH:1; puzzles:1; towns:1; denies:1; desisted:1
jw-letter-1782b-11-to-ann-bolton,john-wesley,B 11 To Ann Bolton,letter,1,199,0.0352,0,suffered:1; ruleth:1; brother's:1; distresses:1; expected:1; senses:1; stationed:1
jw-letter-1786a-36-to-his-brother-charles,john-wesley,A 36 To His Brother Charles,letter,2,483,0.0352,0,Barham:2; understands:1; Horton's:1; tempers:1; opens:1; cases:1; Marylebone:1; Gumley:1; hr:1; guineas:1; mentions:1; owned:1; Whitecross:1; Holmes's:1; informing:1; attending:1
jw-letter-1789a-55-to-alexander-surer,john-wesley,A 55 To Alexander Surer,letter,1,142,0.0352,0,KILLASHANDRA:1; affirmed:1; Conversing:1; faults:1; sharpened:1
jw-treatise-second-dialogue-antinomian-and-friend,john-wesley,Treatise Second Dialogue Antinomian And Friend,treatise,9,3264,0.0352,0,redeemed:7; transgressions:4; fulfilled:4; purged:4; tion:3; ordinances:3; dispositions:2; trusted:2; says:2; viz:2; dispen:2; sation:2; ordi:2; nances:2; arguing:2; denominated:2; hearers:2; qualities:1; receiveth:1; skirts:1
jw-treatise-real-character-of-montanus,john-wesley,Treatise Real Character Of Montanus,treatise,2,511,0.0352,0,heretics:3; reforming:2; walked:2; says:1; supposes:1; transformed:1; began:1; doubted:1; operated:1; sentiments:1; seemed:1; merits:1; erred:1; reproving:1
cw-006-hymn-vi,charles-wesley,006 Hymn Vi,hymn,2,568,0.0352,0,that's:4; temptation's:2; hates:2; starts:2; cleaves:2; blackest:2; abhor'd:2; devil's:2; redeeming:2
cw-duke-preparation-for-death-1772,charles-wesley,Preparation for Death (1772),hymn-collection,20,7238,0.0352,0,forgiven:5; wings:5; soul's:4; hairs:4; heart's:4; possess'd:4; did'st:3; know'st:3; snares:3; hear'st:3; pard'ning:3; reveal'd:3; forsook:2; burdens:2; passion's:2; strives:2; impell'd:2; infirmities:2; controul:2; cleanses:2
jw-letter-1747-05-to-dr-gibson-bishop-of-london,john-wesley,05 To Dr Gibson Bishop Of London,letter,32,9755,0.0351,0,facts:11; consequences:6; allowed:6; endeavors:5; says:5; ends:5; lowest:4; tenets:4; hearers:4; testified:4; testifies:4; interpreted:3; flocks:3; presences:3; practices:3; errors:3; doeth:3; degrees:3; proselytes:3; referred:3
jw-treatise-short-history-of-methodism,john-wesley,Treatise Short History Of Methodism,treatise,5,1682,0.0351,0,began:4; pupils:3; believed:3; observed:2; insisted:2; neighbours:2; adherents:2; beards:1; mistakes:1; nexion:1; facts:1; misunderstandings:1; ChristChurch:1; evenings:1; occasioned:1; minutest:1; observers:1; conceived:1; interpreted:1; tremes:1
jw-treatise-popery-calmly-considered,john-wesley,Treatise Popery Calmly Considered,treatise,21,7891,0.0351,0,says:13; indulgences:7; sacraments:7; relics:6; senses:6; performed:4; instituted:4; heretics:4; required:3; cases:3; purged:3; confessed:3; worshipped:3; anoints:3; child's:3; anointing:3; neighbour:3; traditions:2; adds:2; ture:2
cw-058-another-samuel-wesley-sr-another-1,charles-wesley,058 Another Samuel Wesley Sr Another 1,hymn,1,143,0.035,0,reigns:1; deign'd:1; imparts:1; draws:1; prays:1
jw-letter-1767-05-to-his-brother-charles,john-wesley,05 To His Brother Charles,letter,2,572,0.035,0,pickthanks:2; finds:1; won't:1; wants:1; picks:1; curries:1; informing:1; devised:1; mongers:1; liars:1; sentiments:1; avoided:1; amounts:1; attained:1; lovefeast:1; Panta:1; gelws:1; panta:1; konis:1
jw-letter-1782a-06-to-mr------,john-wesley,A 06 To Mr      ,letter,2,429,0.035,0,proposed:2; delayed:1; ensuing:1; preaches:1; asserts:1; endeavors:1; shows:1; perceived:1; Baildon:1; sentiments:1; began:1; revolved:1; occurs:1; sentences:1
jw-treatise-thoughts-upon-dress,john-wesley,Treatise Thoughts Upon Dress,treatise,1,257,0.035,0,entitled:1; objected:1; runs:1; appareled:1; singu:1; larity:1; affects:1; requires:1; Maids:1
jw-journal-1760-to-1773,john-wesley,To 1773,journal,570,218806,0.035,0,began:291; seemed:199; reached:109; hearers:97; asked:81; increased:76; larger:75; behaved:72; walked:67; expected:52; observed:52; surprised:51; visited:45; largest:44; o'clock:39; concluded:38; congre:37; believed:37; gation:33; talked:33
jw-letter-1739-24-to-dr-stebbing,john-wesley,24 To Dr Stebbing,letter,4,973,0.0349,0,supposes:2; Stebbing:1; boastings:1; censures:1; denying:1; duties:1; highways:1; hedges:1; families:1; labors:1; alienated:1; deserveth:1; tempers:1; implies:1; lusts:1; produces:1; conceits:1; asserting:1; conversing:1; dealings:1
jw-letter-1767-27-to-william-orpe,john-wesley,27 To William Orpe,letter,1,86,0.0349,0,safest:1; terms:1; avoided:1
jw-letter-1776-51-to-elizabeth-ritchie,john-wesley,51 To Elizabeth Ritchie,letter,1,258,0.0349,0,exchanging:1; improved:1; recommended:1; beguiled:1; followeth:1; says:1; walketh:1; bruised:1; returns:1
jw-letter-1777-51-to-ann-bolton,john-wesley,51 To Ann Bolton,letter,1,372,0.0349,0,observed:1; tempers:1; understands:1; influenced:1; perceptions:1; emotions:1; weapons:1; says:1; cuts:1; encompassed:1; mercies:1; admitting:1; attained:1
jw-letter-1737-16-to-dr-humphreys-secretary-to-the-spg,john-wesley,16 To Dr Humphreys Secretary To The Spg,letter,1,230,0.0348,0,sanguis:1; martyrum:1; hopes:1; fears:1; murderers:1; exalteth:1; lands:1; seas:1
jw-letter-1756b-23-to-samuel-furly,john-wesley,B 23 To Samuel Furly,letter,1,230,0.0348,0,earlier:1; other's:1; can't:1; quenched:1; longsuffering:1; tike:1; expected:1; understands:1
jw-letter-1768-39-to-his-wife,john-wesley,39 To His Wife,letter,1,201,0.0348,0,allowances:1; spared:1; entries:1; skilful:1; surprised:1; discouraged:1; dispensations:1
jw-letter-1778-06-to-mary-bishop,john-wesley,06 To Mary Bishop,letter,2,603,0.0348,0,says:3; deserves:2; reconciled:2; doubts:1; conversing:1; mazes:1; transgressions:1; bruised:1; iniquities:1; affirming:1; strikes:1; finds:1; supposes:1; conveys:1; believed:1; objections:1; Hovever:1
jw-treatise-earnest-appeal-to-men-of-reason-and-religion,john-wesley,Treatise Earnest Appeal To Men Of Reason And Religion,treatise,51,19113,0.0348,0,senses:16; observed:14; pounds:11; ideas:8; forgiven:7; tion:7; believed:6; neighbour:5; objects:5; tempers:5; reconciled:5; affections:4; moves:4; laboured:4; wings:4; destroying:4; sacraments:4; assembling:4; holidays:4; allowed:3
jw-treatise-character-of-a-methodist,john-wesley,Treatise Character Of A Methodist,treatise,11,3966,0.0348,0,doeth:4; enjoined:3; thinks:3; tion:3; clearest:2; expressions:2; abstaining:2; affirms:2; terms:2; rejoices:2; beareth:2; filed:2; fadeth:2; ceasing:2; knees:2; walks:2; cleansed:2; mercies:2; offence:2; avoids:2
jw-sermon-112,john-wesley,The Rich Man and Lazarus,sermon,15,4839,0.0347,0,esteemed:5; named:4; says:3; receivedst:3; begged:3; believed:2; circumstances:2; fared:2; crumbs:2; licked:2; nobler:2; discharged:2; stains:2; guests:2; occasioned:2; beggars:2; surprised:2; weaker:2; affords:1; served:1
jw-letter-1778-12-to-mary-bosanquet,john-wesley,12 To Mary Bosanquet,letter,1,202,0.0347,0,Tripp:2; lines:1; retains:1; reached:1; Westall's:1; orphans:1
jw-letter-1788a-01-to-adam-clarke,john-wesley,A 01 To Adam Clarke,letter,1,259,0.0347,0,asked:1; hopes:1; threatened:1; reigneth:1; specifying:1; eyewitnesses:1; staying:1; maidens:1; Queteville's:1
jw-treatise-letter-to-mr-potter,john-wesley,Treatise Letter To Mr Potter,treatise,9,3109,0.0347,0,began:5; prejudices:5; allowed:2; terms:2; tongues:2; healed:2; enlightens:2; sentiments:2; claiming:2; bringeth:2; ancestors:2; believes:2; motions:2; inspira:2; tion:2; lines:1; repeats:1; Osborn:1; exchanged:1; toge:1
jw-letters-1750,john-wesley,Letters 1750,letter,76,25650,0.0347,0,deposes:19; began:9; replied:8; facts:8; deponent's:8; motives:7; says:7; expressions:7; riots:7; writings:6; believed:6; bruised:6; abused:6; assaulted:6; asked:6; quotations:5; lines:5; terms:5; allowed:5; walked:5
cw-duke-hymns-and-sacred-poems-1749-vol-2,charles-wesley,Hymns and Sacred Poems (1749) Vol 2,hymn-collection,173,64815,0.0347,0,edn:108; precursors:63; underlined:63; burthen:33; knowst:24; promis'd:21; bestow'd:17; fears:17; heart's:16; forgiven:15; wings:14; calling's:14; wants:14; mercies:14; steps:13; soul's:13; redeeming:13; footsteps:11; storms:11; lips:11
cw-062-isaiah-35,charles-wesley,062 Isaiah 35,hymn,1,491,0.0346,0,wilds:1; sweets:1; desarts:1; Gladsom:1; hallelujahs:1; Carmel's:1; stores:1; Sharon's:1; abjects:1; glories:1; knees:1; tongues:1; parch'd:1; gush'd:1; tempers:1; Babes:1; footsteps:1
jw-letter-1777-20-to-ann-bolton,john-wesley,20 To Ann Bolton,letter,1,260,0.0346,0,deserts:1; forsakes:1; existed:1; observed:1; suggestions:1; injections:1; endureth:1; troubles:1; molded:1
jw-letter-1789a-38-to-peard-dickinson,john-wesley,A 38 To Peard Dickinson,letter,1,231,0.0346,0,delays:1; baptizing:1; administering:1; intends:1; believes:1; steps:1; connived:1; choicest:1
jw-sermon-028,john-wesley,Upon Our Lord's Sermon on the Mount VIII,sermon,23,7451,0.0345,0,thieves:6; purposes:6; affections:5; devotions:4; necessaries:4; employments:3; tempers:3; seeks:3; larger:3; pleasures:3; performed:2; required:2; fears:2; doubts:2; lookest:2; lowest:2; returns:2; procuring:2; circumstances:2; boulomenoi:2
jw-sermon-093,john-wesley,On Redeeming the Time,sermon,11,3707,0.0345,0,redeeming:7; requires:5; Redeeming:3; observed:3; earlier:3; hurts:3; chooses:3; vigour:2; objected:2; wants:2; waked:2; degrees:2; symptoms:2; appetites:2; breeds:2; devotions:2; animals:2; duties:2; tempers:2; says:1
cw-hymns-1780,charles-wesley,A Collection of Hymns (1780),hymn-collection,453,148384,0.0345,0,forgiven:52; wings:48; reigns:44; redeeming:39; fears:38; mercies:38; know'st:35; glories:33; promised:33; cm:29; atoning:27; tongues:26; worlds:24; lips:24; wants:24; bestow'd:22; adored:22; world's:21; footsteps:20; paths:19
jw-letter-1737-12-to-mr-verelst-accountant-to-the-georgia-trustees,john-wesley,12 To Mr Verelst Accountant To The Georgia Trustees,letter,1,87,0.0345,0,boxes:1; bundles:1; can't:1
jw-letter-1770-37-to-joseph-benson,john-wesley,37 To Joseph Benson,letter,3,927,0.0345,0,tempers:3; neighbour:2; objections:2; Keard:1; Wootton:1; pounds:1; says:1; boys:1; hazards:1; qualities:1; weaknesses:1; mea:1; discrepat:1; illi:1; vox:1; burthen:1; people's:1; prejudices:1; makers:1; expressions:1
jw-treatise-serious-thoughts-perseverance-of-saints,john-wesley,Treatise Serious Thoughts Perseverance Of Saints,treatise,16,5867,0.0344,0,branches:14; pollutions:9; escaped:8; implied:6; purifies:5; produces:5; endued:4; says:4; lovingkindness:4; believes:4; purchased:3; turneth:3; committeth:3; follows:3; termed:3; runs:3; granted:2; lips:2; relates:2; implies:2
jw-treatise-sufficient-answer-to-theron-and-aspasio,john-wesley,Treatise Sufficient Answer To Theron And Aspasio,treatise,9,3257,0.0344,0,believes:6; finds:3; opponents:3; Flavel:2; enjoyments:2; required:2; dwelleth:2; neighbour:2; neque:2; Francis's:2; admirers:1; objections:1; wilful:1; shuts:1; founded:1; pretence:1; supposes:1; began:1; laboured:1; circumlocutions:1
jw-letters-1751,john-wesley,Letters 1751,letter,69,24190,0.0344,0,says:14; proofs:10; writings:9; disciples:8; observed:7; quotations:7; passages:7; doubts:7; quarrels:7; charges:6; conflicts:6; impressions:6; follows:5; believed:5; increases:5; hearers:5; sentences:5; errors:5; affirmed:4; causes:4
jw-means-of-grace,john-wesley,The Means of Grace,sermon,19,5968,0.0343,0,ordinances:13; merits:4; asking:4; objected:4; conveying:3; they're:3; hasn't:3; promised:3; begins:3; believed:2; began:2; didn't:2; channels:2; depends:2; doeth:2; Scripture's:2; pleaseth:2; bringeth:2; adds:2; needeth:2
jw-sermon-088,john-wesley,On Dress,sermon,14,4634,0.0343,0,adorning:8; adorned:6; pearls:5; putting:4; professing:4; terms:4; tends:3; minds:2; trifles:2; observed:2; fears:2; forbids:2; Eutrapelus:2; drinks:2; ornaments:2; warned:2; plainest:2; profited:2; increased:2; hats:2
jw-letter-1762-17-to-ebenezer-blackwell,john-wesley,17 To Ebenezer Blackwell,letter,1,379,0.0343,0,rewarded:1; hinted:1; pounds:1; banker's:1; procuring:1; sureties:1; Levellers:1; escaped:1; proprietors:1; tenants:1; moment's:1; retained:1; minds:1
jw-letter-1779-16-to-hannah-ball,john-wesley,16 To Hannah Ball,letter,1,204,0.0343,0,hopes:1; exhortations:1; became:1; desisted:1; subscribed:1; undertaken:1; dimensions:1
jw-letter-1734-02-to-richard-morgan,john-wesley,02 To Richard Morgan,letter,5,1608,0.0342,0,promised:3; avoids:2; avoided:2; prayedst:2; tempers:2; proceeded:1; kinder:1; dispositions:1; pressed:1; Batteley:1; characters:1; Hulton:1; attends:1; omits:1; runs:1; uses:1; viz:1; terms:1; depends:1; deepest:1
jw-letter-1784b-15-to-mrs-johnson,john-wesley,B 15 To Mrs Johnson,letter,2,732,0.0342,0,skirts:1; providences:1; disjoined:1; erected:1; exercised:1; Assemblies:1; presbyters:1; importuned:1; ordaining:1; refused:1; belonged:1; scruples:1; appointing:1; laborers:1; baptizing:1; administering:1; differing:1; constituted:1; congregations:1; guiding:1
jw-letter-1790b-10-to-his-niece-sarah-wesley,john-wesley,B 10 To His Niece Sarah Wesley,letter,1,263,0.0342,0,hopes:2; healed:1; prescribed:1; Prysick:1; prescribes:1; Hunham:1; More's:1; Wsslay:1
jw-treatise-short-method-of-converting-roman-catholics,john-wesley,Treatise Short Method Of Converting Roman Catholics,treatise,5,1784,0.0342,0,instruments:3; selves:2; asked:2; affections:2; abstained:2; overcame:2; methods:1; seduced:1; errors:1; willeth:1; pursued:1; vigour:1; attained:1; holiest:1; wisest:1; belongs:1; requires:1; observed:1; stition:1; holier:1
jw-letter-1787-35-to-thomas-funnell,john-wesley,35 To Thomas Funnell,letter,1,88,0.0341,0,Funnell:1; holders:1; dwelleth:1
jw-sermon-113,john-wesley,Sermon 113,sermon,12,3556,0.034,0,senses:14; objects:5; know'st:3; stars:2; terms:2; instruments:2; affections:2; sitteth:2; ordinances:2; passeth:2; comprehends:1; sums:1; witnessing:1; trespasses:1; quickened:1; exercised:1; larger:1; discerned:1; Materialists:1; filleth:1
jw-letter-1726-05-to-his-brother-samuel,john-wesley,05 To His Brother Samuel,letter,7,1911,0.034,0,offence:3; asked:2; walked:2; promised:2; became:1; methods:1; failed:1; controverted:1; facts:1; objections:1; granted:1; praecognita:1; praeconcessa:1; miscarriages:1; shows:1; expressions:1; sentences:1; hominem:1; forma:1; mentions:1
jw-letter-1748-04-to-mrs-jones-of-fonmon-castle,john-wesley,04 To Mrs Jones Of Fonmon Castle,letter,1,147,0.034,0,complaints:1; shortest:1; thinks:1; copies:1; Llanbradach:1
jw-letter-1768-06-to-samuel-levick,john-wesley,06 To Samuel Levick,letter,1,147,0.034,0,debts:2; freemen:1; mites:1; subscribed:1
jw-letter-1777-42-to-his-wife,john-wesley,42 To His Wife,letter,2,412,0.034,0,terms:4; papers:2; circumstances:1; seemed:1; copies:1; triumphed:1; stumbled:1; wrongs:1; esteemed:1; asked:1
jw-letter-1788a-61-to-mrs-fletcher,john-wesley,A 61 To Mrs Fletcher,letter,1,206,0.034,0,transmitting:1; papers:1; preparing:1; understands:1; hopes:1; purposes:1; Committing:1
cw-duke-hymns-from-jeremiah-1745,charles-wesley,Hymns from Jeremiah (1745),hymn,3,412,0.034,0,copies:6; contains:2; brothers:2; survived:2; pamphlets:2
jw-sermon-055,john-wesley,On the Trinity,sermon,9,3005,0.0339,0,copies:5; truths:3; cited:3; says:3; terms:2; erro:2; facts:2; requires:2; honours:2; pressed:1; disadvantages:1; assertors:1; mistakes:1; fundamentals:1; concerns:1; contained:1; shows:1; endeavored:1; darkened:1; explainers:1
cw-041-to-be-sung-at-work,charles-wesley,041 To Be Sung At Work,hymn,1,118,0.0339,0,employ'd:1; cares:1; engag'd:1; gav'st:1
jw-letter-1731-05-to-mrs-pendarves,john-wesley,05 To Mrs Pendarves,letter,3,679,0.0339,0,recommended:2; affections:2; shows:2; changes:1; assisted:1; stains:1; harsher:1; moments:1; preserving:1; observes:1; objects:1; injunctions:1; pursuing:1; methods:1; endeavors:1; replies:1; enjoyed:1; endeavored:1; approves:1; acknowledgements:1
jw-letter-1790a-03-to-thomas-mcgeary,john-wesley,A 03 To Thomas Mcgeary,letter,1,177,0.0339,0,Funnal:1; thinks:1; senses:1; behaved:1; illmatured:1; Bradily:1
jw-letter-1790b-26-to-thomas-taylor,john-wesley,B 26 To Thomas Taylor,letter,1,118,0.0339,0,can't:1; cured:1; endured:1; pounds:1
jw-letter-1759-01-to-samuel-furly-london-february-17-1759,john-wesley,01 To Samuel Furly London February 17 1759,letter,1,296,0.0338,0,ranks:1; stationed:1; Renninghall:1; prospers:1; became:1; volumes:1; spared:1; Pilgrim's:1; observed:1; straitened:1
jw-letter-1762-24-to-thomas-maxfield,john-wesley,24 To Thomas Maxfield,letter,3,1037,0.0338,0,affirming:3; overvaluing:2; tends:2; insisting:1; preceded:1; followed:1; writings:1; depreciating:1; brothers:1; feelings:1; impressions:1; magnifying:1; valuing:1; contradistinguished:1; mercies:1; longsuffering:1; admonishes:1; shuddering:1; tempers:1; appointing:1
jw-letter-1789a-21-to-sarah-mallet,john-wesley,A 21 To Sarah Mallet,letter,1,148,0.0338,0,premeditated:1; hedged:1; circumstances:1; censured:1; surprised:1
jw-treatise-minutes-of-several-conversations,john-wesley,Treatise Minutes Of Several Conversations,treatise,43,16104,0.0338,0,tion:10; pounds:8; hearers:6; observed:5; premises:5; proposed:4; tickets:4; neglected:4; recommended:4; unbelievers:4; expelled:4; named:4; suppers:4; buying:3; entitled:3; says:3; tempers:3; selves:3; wisest:3; o'clock:3
cw-duke-family-hymns-1767,charles-wesley,Family Hymns (1767),hymn-collection,84,31843,0.0338,0,fears:18; forgiven:17; bestow'd:16; pard'ning:11; redeeming:11; mercies:10; creature's:10; variants:10; know'st:9; burthen:9; promis'd:8; opprest:8; soul's:8; heart's:8; steps:7; offence:7; knowst:7; pangs:7; edns:7; vows:6
jw-letter-1760-19-to-john-trembath-cork-august-17-1760,john-wesley,19 To John Trembath Cork August 17 1760,letter,2,594,0.0337,0,hurts:3; wronging:1; Siberton:1; mistakes:1; respects:1; abstaining:1; allowed:1; seemed:1; offence:1; exposing:1; foibles:1; hearers:1; tends:1; betrayed:1; adhering:1; abhors:1; neglecting:1; omitting:1
jw-letter-1777-62-to-william-ripley,john-wesley,62 To William Ripley,letter,1,89,0.0337,0,Driffield:1; plasters:1; mindedness:1
jw-letter-1787-02-to-john-ogilvie,john-wesley,02 To John Ogilvie,letter,1,89,0.0337,0,Crook's:1; contrived:1; ensuing:1
jw-letter-1788a-22-to-jasper-winscom,john-wesley,A 22 To Jasper Winscom,letter,1,89,0.0337,0,receives:1; braves:1; occurs:1
jw-letter-1788a-33-to-his-niece-sarah-wesley,john-wesley,A 33 To His Niece Sarah Wesley,letter,1,208,0.0337,0,vomited:1; brother's:1; crusts:1; swallowing:1; applying:1; slices:1; se'nnight:1
jw-letter-1789b-25-to-his-nephew-samuel-wesley,john-wesley,B 25 To His Nephew Samuel Wesley,letter,1,89,0.0337,0,o'clock:1; purposes:1; brother's:1
jw-treatise-letter-to-friend-concerning-tea,john-wesley,Treatise Letter To Friend Concerning Tea,treatise,14,5100,0.0337,0,offence:7; cheaper:5; herbs:4; says:4; impaired:3; wants:3; proposed:3; standeth:3; motives:2; urged:2; quently:2; hurts:2; wanted:2; families:2; Objec:2; tions:2; weakened:2; agrees:2; abstaining:2; viz:2
jw-sermon-009,john-wesley,The Spirit of Bondage and of Adoption,sermon,20,5980,0.0336,0,fears:4; awakened:4; fights:4; termed:3; repenting:3; hears:3; sinning:3; ends:3; attained:2; wallowing:2; imports:2; doeth:2; faculties:2; opiates:2; walks:2; touches:2; degrees:2; perceives:2; begins:2; abhors:2
cw-020-acts-14,charles-wesley,020 Acts 14,hymn,1,238,0.0336,0,edn:4; Darksom:1; glimm'ring:1; promis'd:1; forgiven:1
cw-083-in-temptation,charles-wesley,083 In Temptation,hymn,1,149,0.0336,0,diedst:2; forgiven:1; redoubled:1; hopes:1
jw-letter-1771-33-to-mary-bishop,john-wesley,33 To Mary Bishop,letter,2,447,0.0336,0,reproveth:1; flattereth:1; offence:1; stifled:1; propositions:1; truths:1; deepest:1; inculcated:1; borrowed:1; remaining:1; reminds:1; lines:1; woes:1; heightening:1; burthen:1
jw-letter-1775-79-to-elizabeth-ritchie,john-wesley,79 To Elizabeth Ritchie,letter,1,149,0.0336,0,says:1; deliverances:1; enabled:1; persuasions:1; esteemed:1
jw-letter-1776-54-to-members-and-friends-of-the-methodist-societies,john-wesley,54 To Members And Friends Of The Methodist Societies,letter,1,238,0.0336,0,pounds:2; subscribed:1; ensuing:1; pulled:1; granted:1; Cowland:1; Folgham:1
jw-treatise-collection-of-forms-of-prayer,john-wesley,Treatise Collection Of Forms Of Prayer,treatise,40,15127,0.0336,0,mercies:13; affections:7; necessities:7; madest:6; neighbour:6; relating:6; infirmities:6; benefits:5; redeemed:5; merits:5; scourged:5; wants:5; senses:4; brothers:4; seemeth:4; instructing:4; instruments:4; necessaries:4; ascribed:4; benefactors:4
jw-sermon-013,john-wesley,On Sin in Believers,sermon,16,5130,0.0335,0,says:11; babes:8; cleansed:6; renewed:5; purified:4; tempers:4; exhorted:4; lusteth:3; affirms:3; implies:3; consequences:3; affections:3; lusting:3; believes:2; observed:2; principalities:2; jronhma:2; sarkos:2; allowed:2; runs:2
jw-sermon-074,john-wesley,Of the Church,sermon,12,3852,0.0335,0,congregations:9; implies:5; sacraments:5; includes:4; endued:3; endeavouring:2; mentions:2; larger:2; directing:2; uses:2; cited:2; longsuffering:2; burdens:2; ensuing:1; termed:1; signifies:1; containing:1; assembling:1; purchased:1; shows:1
jw-letter-1727-01-to-his-mother,john-wesley,01 To His Mother,letter,3,717,0.0335,0,Brutorum:1; Caesare:1; truths:1; centuries:1; allowed:1; argued:1; beasts:1; disputed:1; replied:1; criticized:1; controversies:1; Beeching:1; rewards:1; attaining:1; rewarded:1; registers:1; butit:1; Gunn:1; Octoboer:1; Weeksy:1
jw-letter-1736-09-to-general-oglethorpe,john-wesley,09 To General Oglethorpe,letter,1,179,0.0335,0,represented:1; can't:1; countrymen:1; excepted:1; empanelled:1; breaches:1
jw-letter-1747-01-to-ebenezer-blackwell,john-wesley,01 To Ebenezer Blackwell,letter,1,179,0.0335,0,patients:1; increases:1; suffered:1; respects:1; Blackwells:1; other's:1
jw-letter-1763-23-to-christopher-hopper,john-wesley,23 To Christopher Hopper,letter,1,179,0.0335,0,inclined:1; misunderstandings:1; named:1; farmer's:1; became:1; requires:1
jw-letter-1784a-29-to-william-black,john-wesley,A 29 To William Black,letter,1,358,0.0335,0,INVENESS:1; hopes:1; emigrants:1; designs:1; instruments:1; imparting:1; writings:1; Alline's:1; convinces:1; justifies:1; another's:1; burdens:1
jw-sermon-141,john-wesley,Sermon 141,sermon,18,5514,0.0334,0,became:4; precepts:3; bestowed:3; proposed:3; hopes:3; promised:2; pretenders:2; animals:2; defects:2; miseries:2; faculties:2; seemed:2; entitled:2; endued:2; quickening:2; labours:2; granted:2; degrees:2; infirmities:2; renouncing:2
jw-letter-1737-03-to-general-oglethorpe,john-wesley,03 To General Oglethorpe,letter,2,659,0.0334,0,apprehended:1; misinformed:1; asserted:1; marred:1; faults:1; blemishes:1; appreciated:1; transacted:1; protested:1; charged:1; misapplying:1; moneys:1; entrusted:1; governs:1; promoting:1; benefits:1; favors:1; redeemed:1; lowest:1; withholdest:1
jw-sermon-052,john-wesley,The Reformation of Manners,sermon,23,7776,0.0333,0,offenders:7; objections:5; neighbour:4; floods:3; steps:3; buying:3; alehouses:3; informations:3; keepers:3; views:3; putting:3; promoted:2; doers:2; tippling:2; wares:2; notices:2; profaning:2; entertained:2; gained:2; lowest:2
cw-017-before-reading-the-scriptures-another-1,charles-wesley,017 Before Reading The Scriptures Another 1,hymn,1,60,0.0333,0,gospel's:1; clearest:1
jw-letter-1770-31-to-james-freeman,john-wesley,31 To James Freeman,letter,1,150,0.0333,0,oldest:1; reports:1; regarded:1; Pewsey:1; addressed:1
jw-letter-1771-88-to-mr-thomas-simpson-kingswood,john-wesley,88 To Mr Thomas Simpson Kingswood,letter,2,481,0.0333,0,talents:2; promised:2; officiating:2; improved:1; wellnigh:1; opportunities:1; views:1; ideas:1; avails:1; chaplains:1; honoured:1; men's:1; shoes:1
jw-letter-1774-49-to-his-wife,john-wesley,49 To His Wife,letter,6,1832,0.0333,0,asked:3; offence:2; insisted:2; writes:2; robbed:2; can't:1; circumstances:1; occurred:1; relating:1; believed:1; conversing:1; expected:1; stared:1; listened:1; followed:1; knees:1; relapsed:1; owned:1; prevailing:1; construed:1
jw-letter-1774-56-to-hannah-ball,john-wesley,56 To Hannah Ball,letter,1,150,0.0333,0,pleating:1; Harmer's:1; laborers:1; Westrup:1; narrowest:1
jw-letter-1780a-21-to-john-valton,john-wesley,A 21 To John Valton,letter,1,240,0.0333,0,issued:1; darkened:1; minds:1; doubts:1; fears:1; emerged:1; sinned:1; allows:1
jw-letter-1785b-30-to-mrs-fletcher,john-wesley,B 30 To Mrs Fletcher,letter,1,120,0.0333,0,papers:1; expected:1; transcribed:1; materials:1
jw-letter-1789a-25-to-james-creighton,john-wesley,A 25 To James Creighton,letter,1,120,0.0333,0,rioters:2; Inniskillen:1; ublin:1
jw-letter-1790b-15-to-william-mears,john-wesley,B 15 To William Mears,letter,1,120,0.0333,0,shillings:2; Pritchard's:1; begins:1
jw-letter-1791-10-to-mrs-adam-clarke,john-wesley,10 To Mrs Adam Clarke,letter,1,120,0.0333,0,cured:1; proofs:1; chasteneth:1; performances:1
jw-treatise-letter-on-enthusiasm-of-methodists-and-papists,john-wesley,Treatise Letter On Enthusiasm Of Methodists And Papists,treatise,16,5852,0.0333,0,tion:6; writings:4; sentences:4; says:4; lines:4; quotations:3; producing:3; renewed:3; tions:2; fumes:2; pretences:2; suffered:2; cited:2; putting:2; pretence:2; severities:2; hardships:2; endeavouring:2; occurs:2; believed:2
cw-gp-07-gloria-patri-vii,charles-wesley,Gp 07 Gloria Patri Vii,hymn,2,240,0.0333,0,ador'd:2; offending:2; world's:2; broodest:2
cw-gp-11-gloria-patri-xi,charles-wesley,Gp 11 Gloria Patri Xi,hymn,2,600,0.0333,0,inclin'd:2; pard'ning:2; strives:2; stars:2; tongues:2; harps:2; glories:2; forgiven:2; enroll'd:2; sitteth:2
jw-sermon-054,john-wesley,On Eternity,sermon,13,4006,0.0332,0,parte:5; dissolved:5; began:4; annihilated:3; possessions:3; inhabiteth:2; Throned:2; seas:2; existed:2; atoms:2; elements:2; remained:2; vanishes:2; annihilating:2; prefers:2; objects:2; beauties:2; passeth:2; singulis:2; sicut:2
jw-letter-1725-03-to-his-mother,john-wesley,03 To His Mother,letter,4,1206,0.0332,0,promised:2; can't:2; propositions:2; endeavors:2; decreed:2; elected:2; occurred:1; students:1; citizens:1; annoyed:1; Ratisbon:1; Morfill's:1; seemed:1; merchantmen:1; possessions:1; seas:1; consisting:1; alleged:1; perceived:1; extorting:1
jw-letter-1760-12-to-ebenezer-blackwell-editors-introductory-notes-1,john-wesley,12 To Ebenezer Blackwell Editors Introductory Notes 1,letter,2,512,0.0332,0,killed:3; began:2; provisions:2; Cobham's:1; ships:1; granted:1; cartridges:1; oats:1; mischief's:1; pokers:1; drafted:1; asked:1; devolved:1
jw-letter-1763-01-to-his-brother-charles,john-wesley,01 To His Brother Charles,letter,2,392,0.0332,0,baptized:2; pronouncing:1; surprised:1; continues:1; charges:1; festina:1; lente:1; impostors:1; impressions:1; hair's:1; lion's:1; named:1
jw-letter-1770-30-to-ann-bolton,john-wesley,30 To Ann Bolton,letter,1,241,0.0332,0,feareth:1; says:1; trusts:1; atoning:1; freshest:1; snares:1; yielded:1; engages:1
cw-duke-resurrection-hymns-1746,charles-wesley,Resurrection Hymns (1746),hymn-collection,12,4311,0.0332,0,edn:24; precursors:7; edns:6; fears:3; suggestions:2; forgiven:2; disciples:2; resurrection's:2; reigns:2; wings:2; appreciated:1; celebrating:1; containing:1; traced:1; richer:1; resources:1; released:1; issued:1; contained:1; survived:1
jw-sermon-089,john-wesley,The More Excellent Way,sermon,16,4834,0.0331,0,plays:4; pounds:4; says:3; neighbours:3; ordering:3; devotions:3; tongues:2; ordinances:2; finds:2; particulars:2; occurs:2; pursuing:2; minds:2; hearers:2; races:2; masquerades:2; assemblies:2; cards:2; novels:2; newspapers:2
jw-sermon-105,john-wesley,Sermon 105,sermon,12,3779,0.0331,0,terms:3; tempers:3; implies:3; forbids:3; sorts:2; placed:2; circumstances:2; termed:2; showed:2; observes:2; senses:2; says:2; offence:2; anointing:2; teacheth:2; enjoins:2; hardened:2; events:2; reviled:2; one's:1
jw-sermon-123,john-wesley,Sermon 123,sermon,11,3442,0.0331,0,countries:3; termed:2; believed:2; sentiments:2; tempers:2; doubted:2; evils:2; abominations:2; sorts:2; prevailed:2; supposes:2; cleaves:2; neighbour:2; purified:2; standeth:2; testimonies:1; expired:1; says:1; Irumpit:1; venae:1
jw-sermon-125,john-wesley,Sermon 125,sermon,9,2477,0.0331,0,ideas:6; senses:3; tempers:3; walked:2; organs:2; tastes:2; holiest:2; hears:2; raiseth:2; observed:2; fears:2; changes:2; respects:2; disclaiming:1; denying:1; doubted:1; remained:1; enclosed:1; says:1; Epicures:1
cw-079-universal-redemption-another-2,charles-wesley,079 Universal Redemption Another 2,hymn,1,816,0.0331,0,spak'st:1; unconfin'd:1; display'd:1; reprints:1; survey'd:1; stopp'd:1; foreknew:1; decreed:1; steps:1; proffer'd:1; glorifies:1; forgiven:1; truths:1; thirsteth:1; invites:1; bid'st:1; purpos'd:1; people's:1; conceptions:1; redeeming:1
jw-letter-1739-08-to-his-brother-charles,john-wesley,08 To His Brother Charles,letter,1,151,0.0331,0,gladiatorio:1; anirno:1; affectant:1; viarn:1; sorts:1
jw-letter-1756a-04-to-jonathan-pritchard,john-wesley,A 04 To Jonathan Pritchard,letter,1,151,0.0331,0,depositions:2; cases:1; 'raged:1; Bristall:1
jw-letter-1759-11-to-his-wife-grimsby-april-9-1759,john-wesley,11 To His Wife Grimsby April 9 1759,letter,2,514,0.0331,0,papers:4; robbed:2; humour:2; refused:1; showed:1; conversed:1; humouring:1; gained:1; harrowed:1; surprised:1; seemed:1; squibs:1
jw-letter-1774-51-to-christopher-hopper,john-wesley,51 To Christopher Hopper,letter,1,151,0.0331,0,surprised:1; conceived:1; scrupling:1; staying:1; refused:1
jw-letter-1777-64-to-thomas-rutherford,john-wesley,64 To Thomas Rutherford,letter,1,151,0.0331,0,expected:1; required:1; molests:1; riots:1; Corlett:1
jw-letter-1785a-29-to-thomas-carlill,john-wesley,A 29 To Thomas Carlill,letter,1,121,0.0331,0,guineas:1; sells:1; bakes:1; pies:1
jw-letter-1786a-08-to-adam-clarke,john-wesley,A 08 To Adam Clarke,letter,1,121,0.0331,0,insisting:1; permits:1; recommending:1; formalists:1
jw-letters-1731,john-wesley,Letters 1731,letter,53,17184,0.0331,0,can't:17; affections:10; chooses:9; shows:8; evils:7; objects:6; obligations:6; beings:5; elections:5; neglected:5; moments:5; burdens:5; required:5; noblest:4; expectations:4; joins:4; dispositions:4; allowed:4; wishes:4; faculties:3
jw-sermon-059,john-wesley,God's Love to Fallen Man,sermon,15,4213,0.033,0,advantages:4; tempers:3; prevented:3; longsuffering:3; occasioned:3; wilful:2; loins:2; deepest:2; gained:2; sinned:2; renewing:2; depends:2; neighbour:2; respects:2; opportunities:2; exercising:2; stars:2; permitting:2; attained:2; existed:2
cw-001-the-fifty-fifth-chapter-of-isaiah,charles-wesley,001 The Fifty Fifth Chapter Of Isaiah,hymn,1,758,0.033,0,thirsts:1; invites:1; wanderers:1; rolls:1; lab'ring:1; husks:1; 'stablish:1; chuseth:1; uncancel'd:1; reason's:1; heighth:1; conceptions:1; rains:1; fruitfulness:1; chear:1; executes:1; decks:1; lips:1; redeeming:1; employ'd:1
jw-letter-1731-16-to-ann-granvill,john-wesley,16 To Ann Granvill,letter,2,636,0.033,0,hinders:2; expressing:2; opportunities:2; Granvill:1; seized:1; reconciled:1; recalls:1; compassed:1; engagements:1; capacities:1; floods:1; wondered:1; impediments:1; heights:1; beings:1; betraying:1; fewer:1; moments:1
jw-letter-1748-03-to-thomas-whitehead,john-wesley,03 To Thomas Whitehead,letter,12,4305,0.033,0,says:9; baptized:8; preachings:4; moves:3; prays:3; follows:3; actings:3; repeats:3; signifies:2; propositions:2; expressions:2; supplied:2; superstitions:2; appointing:2; preaches:2; uses:2; breathings:2; movings:2; tempers:2; ceasing:2
jw-letter-1767-18-to-miss-march,john-wesley,18 To Miss March,letter,2,424,0.033,0,Junc:1; employing:1; Palamon:1; Amare:1; sapere:1; vix:1; conceditur:1; Publius:1; holds:1; granted:1; other's:1; walked:1; avails:1; reigning:1
jw-letter-1772-43-to-miss-march,john-wesley,43 To Miss March,letter,1,212,0.033,0,conversing:1; improves:1; observes:1; clears:1; strengthens:1; elements:1; implies:1
jw-letter-1777-46-to-alexander-clark,john-wesley,46 To Alexander Clark,letter,1,303,0.033,0,Clarks:2; persisted:1; refused:1; endeavored:1; irritated:1; showed:1; consequences:1; dictated:1; wishes:1
jw-letter-1786b-20-to-thomas-carlill,john-wesley,B 20 To Thomas Carlill,letter,1,91,0.033,0,enrolling:1; subscribers:1; Fiefchef's:1
cw-duke-gloria-patri-1746,charles-wesley,Gloria Patri (1746),hymn-collection,5,1788,0.033,0,ador'd:7; seals:3; issued:2; applies:2; glorified:2; updated:1; Recalling:1; pamphlets:1; celebrating:1; cases:1; Citations:1; services:1; earlier:1; indicated:1; printings:1; revisions:1; edited:1; became:1; standards:1; copies:1
cw-duke-answer-to-gill-1754,charles-wesley,Answer to Gill (1754),hymn-collection,5,1788,0.033,0,forgiven:3; electing:3; threatnings:3; mercies:2; fears:2; updated:1; Saint's:1; Asserted:1; responded:1; excerpted:1; changes:1; introduced:1; sts:1; etc:1; stops:1; waitest:1; grieves:1; remember'd:1; preach'd:1; says:1
jw-letter-1751-07-to-his-wife,john-wesley,07 To His Wife,letter,2,517,0.0329,0,Thyer:2; helps:1; astonished:1; lips:1; riots:1; devolving:1; announced:1; invested:1; publishing:1; dated:1; debts:1; shows:1; pounds:1; requires:1; stating:1; blesses:1
jw-letter-1761-24-to-samuel-furly,john-wesley,24 To Samuel Furly,letter,1,213,0.0329,0,scribendi:1; submitted:1; cleared:1; debated:1; congregations:1; willeth:1; disputandi:1
jw-letter-1765-28-to-george-gidley,john-wesley,28 To George Gidley,letter,1,152,0.0329,0,Nath:1; pounds:1; promised:1; warrants:1; affects:1
jw-letter-1785b-12-to-john-valton,john-wesley,B 12 To John Valton,letter,1,213,0.0329,0,pounds:1; stationed:1; straits:1; objected:1; followed:1; guineas:1; thinks:1
jw-letter-1788b-57-to-jasper-winscom,john-wesley,B 57 To Jasper Winscom,letter,1,152,0.0329,0,Cashman:1; deserves:1; invitations:1; scorns:1; pursued:1
jw-letter-1790a-55-to-john-dickins,john-wesley,A 55 To John Dickins,letter,1,152,0.0329,0,Asbury's:1; enclosed:1; surprised:1; mayst:1; needed:1
jw-treatise-rules-of-the-united-societies,john-wesley,Treatise Rules Of The United Societies,treatise,4,1155,0.0329,0,buying:5; expected:3; toge:1; ther:1; increased:1; advices:1; concluded:1; suited:1; necessities:1; discerned:1; companies:1; styled:1; reproved:1; contributed:1; required:1; avoiding:1; practised:1; profaning:1; liquors:1; cases:1
jw-letters-1742,john-wesley,Letters 1742,letter,9,3073,0.0329,0,bailed:4; o'clock:3; viz:3; quoted:2; threatened:2; families:2; respited:2; recognizances:2; another's:2; says:2; inclined:1; shifted:1; follows:1; designs:1; Piers's:1; revising:1; deliverances:1; fingers:1; lids:1; dropped:1
cw-duke-promise-of-sanctification-1741,charles-wesley,Promise of Sanctification (1741),hymn,35,2190,0.0329,0,reprints:10; edn:6; terms:4; promis'd:4; updated:2; dispositions:2; enabling:2; includes:2; imparted:2; mainstream:2; brothers:2; affirmed:2; became:2; appearing:2; brother's:2; placed:2; reappeared:2; sanctifying:2; releas'd:2; remaining:2
jw-sermon-106,john-wesley,Sermon 106,sermon,9,3168,0.0328,0,believes:5; sorts:4; believed:3; truths:3; lowest:2; witnessing:2; inferences:2; embraces:2; asked:2; contains:2; observed:2; enabled:2; treatises:1; Dispensations:1; observes:1; dispensations:1; vouchsafes:1; vouchsafed:1; entrusted:1; views:1
jw-letter-1774-12-to-his-brother-charles,john-wesley,12 To His Brother Charles,letter,1,274,0.0328,0,Leddiard:1; remaining:1; depositions:1; ships:1; rides:1; demanded:1; losses:1; referred:1; meets:1
jw-letter-1785b-37-to-thomas-tattershall,john-wesley,B 37 To Thomas Tattershall,letter,1,183,0.0328,0,complaints:1; novels:1; critics:1; devised:1; Desyes:1; says:1
cw-duke-hymns-on-gods-everlasting-love-1741,charles-wesley,Hymns on God's Everlasting Love (1741),hymn-collection,29,7257,0.0328,0,edn:29; merits:4; forgiven:4; drawings:3; redeeming:3; gulph:3; sinn'd:3; flow'd:3; items:2; reprobated:2; burthen:2; did'st:2; can'st:2; mercies:2; tongues:2; betray'd:2; devil's:2; banish'd:2; prov'd:2; wings:2
jw-sermon-017,john-wesley,The Circumcision of the Heart,sermon,16,4619,0.0327,0,truths:4; implies:4; cleansed:3; beateth:3; circumcised:3; terms:3; discerned:2; renewed:2; consists:2; virtues:2; convinces:2; instruments:2; steps:2; forbids:2; says:2; senses:2; preaches:1; duties:1; runs:1; esteemed:1
jw-sermon-030,john-wesley,Upon Our Lord's Sermon on the Mount X,sermon,16,5013,0.0327,0,pearls:7; brother's:5; neighbour:5; conveniencies:4; necessities:4; considerest:3; knocketh:3; neighbour's:3; says:3; circumstances:3; superfluities:3; beholdest:2; asketh:2; receiveth:2; hindrances:2; tempers:2; contained:2; faults:2; infirmities:2; cares:2
jw-letter-1755-25-to-samuel-walker,john-wesley,25 To Samuel Walker,letter,2,581,0.0327,0,objections:2; dated:1; observed:1; Witford:1; remaining:1; grandfathers:1; terms:1; prescribed:1; required:1; ministrations:1; disclaims:1; obliges:1; attending:1; occurred:1; entitled:1; stamped:1; discouraged:1; prevented:1
jw-letter-1781b-21-to-mrs-hall,john-wesley,B 21 To Mrs Hall,letter,1,153,0.0327,0,pounds:2; rewarded:1; hour's:1; youngest:1
cw-duke-hymns-on-gods-everlasting-love-1742,charles-wesley,Hymns on God's Everlasting Love (1742),hymn-collection,32,11766,0.0327,0,edn:24; redeeming:8; forgiven:7; mercies:7; cov'nant:6; pass'd:5; atoning:5; electing:4; pard'ning:4; inclin'd:4; reprobates:3; threatnings:3; doom'd:3; devil's:3; reprobating:3; strives:3; selections:2; offence:2; worlds:2; benefits:2
jw-journal-vol4-part12-section04,john-wesley,"Journal Vol 4, Part XII Section 4 (1762)",journal,28,9222,0.0326,0,began:15; cleansed:7; writes:6; believed:6; expected:5; seized:4; hearers:4; seemed:4; renewed:4; asked:4; increased:4; lovefeast:3; healed:3; concluded:3; says:3; walked:3; visited:2; remembered:2; ceased:2; Dunmore:2
jw-letter-1755-07-to-samuel-furly,john-wesley,07 To Samuel Furly,letter,1,215,0.0326,0,permits:1; hair's:1; forbids:1; languages:1; interpreting:1; texts:1; interpreted:1
jw-letter-1759-18-to-mr----editors-introductory-notes-1759,john-wesley,18 To Mr    Editors Introductory Notes 1759,letter,1,215,0.0326,0,steps:1; Obmutesce:1; pulvis:1; cinis:1; genhsetai:1; galhnh:1; megalh:1
jw-letter-1782a-53-to-mrs-clark,john-wesley,A 53 To Mrs Clark,letter,1,92,0.0326,0,increases:1; depends:1; maidens:1
jw-letter-1783a-23-to-john-valton,john-wesley,A 23 To John Valton,letter,1,92,0.0326,0,staying:1; reappointed:1; occurs:1
jw-letter-1788a-16-to-ann-bolton,john-wesley,A 16 To Ann Bolton,letter,1,215,0.0326,0,suffered:2; mazes:1; errors:1; understandings:1; counsels:1; profited:1
jw-treatise-compassionate-address-to-ireland,john-wesley,Treatise Compassionate Address To Ireland,treatise,6,2237,0.0326,0,tion:4; affirmed:2; neighbour:2; companies:2; wander'd:2; floods:2; drown'd:2; yawns:2; iniquities:2; prevailed:1; believed:1; hopes:1; traced:1; surprised:1; neighbours:1; computes:1; invades:1; bours:1; situa:1; misrepresenting:1
jw-sermon-040,john-wesley,Christian Perfection,sermon,32,9149,0.0325,0,sinned:8; weaknesses:7; infirmities:6; cleansed:6; attained:5; offence:5; tempers:5; observed:4; expresses:4; examples:4; glorified:4; follows:4; cleanseth:4; asserts:3; expressions:3; began:3; reasonings:3; assertions:3; recorded:3; affirmed:3
jw-letter-1738-04-to-james-hutton,john-wesley,04 To James Hutton,letter,1,246,0.0325,0,Bhler's:1; shoes:1; brother's:1; bags:1; says:1; repaid:1; Charing:1; enclosed:1
jw-letter-1769-25-to-john-furz,john-wesley,25 To John Furz,letter,3,923,0.0325,0,commended:2; attainments:2; faults:2; jars:2; conversing:1; rises:1; causes:1; tended:1; increased:1; instilled:1; contradicted:1; expected:1; believed:1; seemed:1; disliked:1; started:1; discountenanced:1; inferiors:1; denying:1; affirming:1
jw-letter-1789b-24-to-henry-moore,john-wesley,B 24 To Henry Moore,letter,1,123,0.0325,0,delayed:1; sentiments:1; writes:1; Spiralfields:1
jw-treatise-answer-to-mr-dodd,john-wesley,Treatise Answer To Mr Dodd,treatise,6,1906,0.0325,0,premises:3; degrees:2; infirmities:2; consequences:2; babes:2; cited:2; says:2; natu:2; tends:2; proves:2; writers:1; defending:1; employments:1; occurs:1; writings:1; oppo:1; nents:1; occurred:1; kinds:1; excepts:1
cw-089-isaiah-4522-look-unto-me-and-be-ye-saved-all-ye-ends-of-the-earth,charles-wesley,089 Isaiah 4522 Look Unto Me And Be Ye Saved All Ye Ends Of The Earth,hymn,1,494,0.0324,0,ends:2; avails:1; fails:1; vouchsafes:1; lifts:1; storms:1; liv'st:1; lab'ring:1; redeeming:1; mangled:1; Blotted:1; supplies:1; hast'ning:1; exiles:1; changes:1
jw-letter-1769-47-to-peggy-dale,john-wesley,47 To Peggy Dale,letter,1,185,0.0324,0,upbraideth:1; requests:1; asked:1; observes:1; uses:1; swallowed:1
jw-letter-1771-32-to-george-l-fleury,john-wesley,32 To George L Fleury,letter,9,3113,0.0324,0,wolves:8; ends:3; mischiefs:2; hearers:2; styled:2; ecstasies:2; successors:2; proofs:2; laymen:2; attacked:1; entertained:1; proposed:1; selves:1; disciples:1; foresaw:1; occasioned:1; concerns:1; warned:1; workers:1; rending:1
jw-letter-1781b-18-to-ann-bolton,john-wesley,B 18 To Ann Bolton,letter,1,185,0.0324,0,Neddy's:1; prospects:1; troubles:1; neighbors:1; pressures:1; overshadows:1
jw-letters-1734,john-wesley,Letters 1734,letter,36,10045,0.0324,0,asked:6; contemned:6; promised:5; says:4; viz:4; holier:4; laughed:3; steps:3; cares:3; pressed:3; degrees:3; wants:3; advantages:3; esteemed:3; sentiments:2; believed:2; opportunities:2; supplied:2; minds:2; snares:2
jw-sermon-065,john-wesley,The Duty of Reproving Our Neighbour,sermon,10,3372,0.0323,0,neighbour:8; reproving:4; performing:3; follows:2; enjoined:2; pearls:2; allowed:2; Reproving:1; Neighbour:1; says:1; precepts:1; interspersed:1; faults:1; commits:1; requires:1; persisted:1; tends:1; standeth:1; falleth:1; cursing:1
cw-026-upon-parting-with-his-friends-part-i-part-iv,charles-wesley,026 Upon Parting With His Friends Part I Part Iv,hymn,1,217,0.0323,0,delay'd:1; expires:1; ends:1; loudest:1; cross'd:1; revoking:1; ador'd:1
jw-letter-1731-19-to-mrs-pendarves,john-wesley,19 To Mrs Pendarves,letter,3,836,0.0323,0,symptoms:3; friend's:2; civilities:2; neglected:2; failed:1; ills:1; affections:1; expected:1; showed:1; contemned:1; approved:1; proceeded:1; dreaded:1; flaws:1; natures:1; distempers:1; tempers:1; addresses:1; petitions:1; talents:1
jw-letter-1733-04-to-richard-morgan,john-wesley,04 To Richard Morgan,letter,4,1175,0.0323,0,observed:3; exchanged:1; brother's:1; rises:1; loses:1; taverns:1; avoids:1; pestered:1; evenings:1; spends:1; deserves:1; endeavored:1; stages:1; forsook:1; quotes:1; undermined:1; impaired:1; attacked:1; superiors:1; obscured:1
jw-letter-1757-02-to-samuel-furly,john-wesley,02 To Samuel Furly,letter,1,155,0.0323,0,seasons:1; spkual:1; lieth:1; rejecting:1; flows:1
jw-letter-1764-20-to-margaret-lewen,john-wesley,20 To Margaret Lewen,letter,3,835,0.0323,0,contained:1; referred:1; assisted:1; candour:1; recommending:1; studying:1; Dilworth's:1; betake:1; Globes:1; follows:1; Aldrich's:1; Langbain's:1; larger:1; contains:1; Derham:1; Niewentyt:1; abridgers:1; Baker's:1; termed:1; Puffendorf's:1
jw-letter-1767-08-to-george-whitefeld,john-wesley,08 To George Whitefeld,letter,1,217,0.0323,0,Whitefeld:1; overtaken:1; can't:1; Brighthelmstone:1; wits':1; itinerants:1; larger:1
jw-letter-1768-47-to-hannah-ball,john-wesley,47 To Hannah Ball,letter,1,186,0.0323,0,opportunities:1; damps:1; deadens:1; cares:1; entanglements:1; refused:1
jw-letter-1769-10-to-philothea-briggs,john-wesley,10 To Philothea Briggs,letter,1,93,0.0323,0,compliances:1; complying:1; expressions:1
jw-letter-1773-57-to-mary-bishop,john-wesley,57 To Mary Bishop,letter,1,372,0.0323,0,writers:2; seasons:1; storms:1; chooses:1; Hermann:1; founded:1; Orphanage:1; religions:1; writings:1; intermits:1; o'clock:1
jw-letter-1779-20-to-thomas-rankin,john-wesley,20 To Thomas Rankin,letter,1,217,0.0323,0,Varde:1; understands:1; enters:1; jealousies:1; franked:1; Beaufort's:1; costs:1
jw-letter-1782a-33-to-joseph-benson,john-wesley,A 33 To Joseph Benson,letter,1,124,0.0323,0,inferred:1; criticisms:1; supplied:1; labors:1
jw-letter-1786a-11-to-mr-adam-clarke-at-mr-walters,john-wesley,A 11 To Mr Adam Clarke At Mr Walters,letter,1,62,0.0323,0,Walters:1; week's:1
jw-letter-1788a-70-to-adam-clarke,john-wesley,A 70 To Adam Clarke,letter,1,124,0.0323,0,pounds:1; advices:1; Cooke's:1; bewitched:1
jw-letter-1789b-31-to-the-printer-of-the-bristol-gazette-see-letters-,john-wesley,B 31 To The Printer Of The Bristol Gazette See Letters ,letter,1,310,0.0323,0,hops:2; writes:1; observes:1; cautioned:1; Elements:1; inclined:1; correspondents:1; challenges:1; pounds:1
jw-treatise-letter-to-mr-law,john-wesley,Treatise Letter To Mr Law,treatise,51,18934,0.0323,0,properties:18; fervour:12; workings:10; elements:7; terms:6; says:6; punishments:6; pleaseth:5; figures:5; sinned:5; tion:5; atoned:5; transgressors:5; tends:5; writings:4; asserted:4; became:4; shows:4; qualities:4; assertions:4
jw-sermon-037,john-wesley,The Nature of Enthusiasm,sermon,15,5125,0.0322,0,senses:7; premisses:5; circumstances:4; impressions:4; impulses:4; influenced:3; attained:3; conclusions:3; fancying:3; cases:3; proposed:3; universis:3; singulis:3; allowed:2; men's:2; charged:2; faculties:2; draws:2; arising:2; imagined:2
jw-letter-1731-11-to-his-mother,john-wesley,11 To His Mother,letter,2,528,0.0322,0,burdens:2; humors:1; assures:1; debated:1; instituted':1; weightier:1; aimed:1; hindering:1; affections:1; opponents:1; seemed:1; thinks:1; attained:1; perceived:1; profiteth:1; observed:1
jw-letter-1757-19-to-john-glass,john-wesley,19 To John Glass,letter,9,3108,0.0322,0,believes:6; finds:2; required:2; opponents:2; dwelleth:2; neque:2; admirers:1; objections:1; shuts:1; founded:1; supposes:1; began':1; Flavel:1; circumlocutions':1; writers:1; named:1; doubts:1; oportet:1; Palaemonem:1; esse:1
jw-treatise-what-is-an-arminian,john-wesley,Treatise What Is An Arminian,treatise,4,1337,0.0322,0,decreed:4; hearers:3; believed:2; asserted:2; began:2; trespasses:2; vinists:2; imbibed:1; abused:1; denies:1; HARMENs:1; vested:1; assaulted:1; cured:1; Dort:1; banished:1; imprisoned:1; employments:1; errors:1; charged:1
jw-treatise-plain-account-of-christian-perfection,john-wesley,Treatise Plain Account Of Christian Perfection,treatise,95,35910,0.0322,0,attained:18; ceasing:14; fulfilled:14; cleansed:13; tion:13; mistakes:13; neighbour:12; asked:11; says:11; began:10; tempers:9; walked:9; doeth:9; sentiments:8; follows:8; renewed:8; infirmities:7; cleanseth:7; promised:7; implies:6
jw-letter-1733-02-to-his-father,john-wesley,02 To His Father,letter,2,686,0.0321,0,says:2; pupils:2; Frewin:2; staying:1; views:1; referred:1; repealed:1; commended:1; betrayed:1; observes:1; communicants:1; Clayton's:1; imagined:1; consequences:1; larger:1; triflers:1; forwarded:1; nobler:1; lowest:1
jw-letter-1739-22-to-his-brother-charles,john-wesley,22 To His Brother Charles,letter,1,280,0.0321,0,another's:1; witnessed:1; doeth:1; exercising:1; forbids:1; scelerato:1; antistire:1; separare:1; debet:1
jw-letter-1761-06-to-the-editor-of-the-london-chronicle,john-wesley,06 To The Editor Of The London Chronicle,letter,6,2056,0.0321,0,demonstrated:4; characters:4; assisted:4; conveyed:3; anathematized:3; founded:2; propagated:2; deriving:2; baptized:2; entitled:1; hopes:1; abilities:1; recommended:1; seized:1; Marlbro's:1; Whiznowisky:1; Wisnowiski:1; elected:1; foiled:1; skilful:1
jw-letter-1775-82-to-the-society-pro-fide-et-christianismo,john-wesley,82 To The Society Pro Fide Et Christianismo,letter,2,436,0.0321,0,Christianismo:1; mislaid:1; occasioned:1; undertaken:1; asserting:1; expected:1; amended:1; dared:1; Laplanders:1; lowest:1; degrees:1; beasts:1; surprised:1; endeavors:1
jw-letter-1780b-24-to-alexander-knox,john-wesley,B 24 To Alexander Knox,letter,1,156,0.0321,0,laughs:1; says:1; signifies:1; observed:1; presses:1
jw-letter-1782a-30-to-hannah-ball,john-wesley,A 30 To Hannah Ball,letter,1,218,0.0321,0,expected:2; revived:1; wanted:1; maidens:1; began:1; assisting:1
jw-letter-1784b-32-to-john-valton,john-wesley,B 32 To John Valton,letter,1,156,0.0321,0,followed:1; nobler:1; quinquiza:1; cases:1; completed:1
jw-letter-1789b-60-to-ann-bolton,john-wesley,B 60 To Ann Bolton,letter,1,218,0.0321,0,Leake:2; says:1; snares:1; paths:1; surprised:1; hazards:1
cw-duke-hymns-and-sacred-poems-1749-vol-1,charles-wesley,Hymns and Sacred Poems (1749) Vol 1,hymn-collection,171,64335,0.0321,0,precursors:86; edn:57; pardning:43; forgiven:32; knowst:27; fears:22; mercies:19; opprest:16; burthen:16; atoning:14; chear:13; desp'rate:13; promis'd:12; bestow'd:12; redeeming:12; people's:10; groans:9; heart's:9; wings:9; steps:9
jw-sermon-012,john-wesley,The Witness of Our Own Spirit,sermon,14,4349,0.032,0,tempers:4; required:4; walketh:3; beareth:3; writers:2; passes:2; relating:2; implies:2; writings:2; paths:2; terms:2; termed:2; expresses:2; attained:2; advantages:2; reconciled:2; affections:2; fleeing:2; steps:2; abides:1
jw-letter-1771-71-to-joseph-benson,john-wesley,71 To Joseph Benson,letter,1,125,0.032,0,replied:1; 'Habes:1; fidem:1; exiguam:1
jw-letter-1774-37-to-his-wife,john-wesley,37 To His Wife,letter,1,125,0.032,0,occurred:1; behaved:1; shoed:1; believed:1
jw-letter-1785a-01-to-dean-d--,john-wesley,A 01 To Dean D  ,letter,2,687,0.032,0,says:2; observed:2; etymologies:2; remarked:1; issued:1; emendations:1; asked:1; occurred:1; depended:1; allowed:1; squeezes:1; affirms:1; invented:1; Masorites:1; eval:1; encomiums:1; delivering:1; excels:1; excelled:1
jw-letters-1747,john-wesley,Letters 1747,letter,53,16741,0.032,0,facts:11; testified:9; began:8; beareth:7; allowed:7; says:6; testifies:6; consequences:6; endeavors:5; ends:5; degrees:4; asked:4; laymen:4; lowest:4; tenets:4; hearers:4; forgiven:4; steps:3; requires:3; begins:3
jw-letters-1753,john-wesley,Letters 1753,letter,20,6587,0.032,0,habits:4; wanted:3; observed:3; prevented:3; acted:3; suffered:3; transmitted:3; says:2; particulars:2; lines:2; temporals:2; began:2; assertions:2; Chevalier's:2; beings:2; denying:2; annihilated:2; reuniting:2; reunited:2; discovers:2
cw-duke-all-in-all-1761,charles-wesley,All in All (1761),hymn-collection,77,28541,0.032,0,forgiven:13; wings:13; wants:10; redeeming:10; quick'ning:7; shew'd:7; mercies:7; pard'ning:7; changes:6; metre:6; edn:6; von:6; atoning:6; glories:6; pleasures:6; know'st:6; reigns:6; wand'ring:5; beams:5; fires:5
jw-letter-1760-27-to-the-editor-of-lloyds-evening-post-editors-intro,john-wesley,27 To The Editor Of Lloyds Evening Post Editors Intro,letter,3,940,0.0319,0,men's:2; procured:1; Downes's:1; deserves:1; parvula:1; est:1; talents:1; adds:1; annexed:1; admirers:1; expected:1; commended:1; thinks:1; quotations:1; cites:1; quotes:1; opponents:1; termed:1; irregulars:1; fighters:1
jw-letter-1770-04-to-mary-bosanquet,john-wesley,04 To Mary Bosanquet,letter,1,313,0.0319,0,lessened:2; concerns:1; another's:1; hinders:1; putting:1; trades:1; procured:1; impressed:1; stirred:1
jw-letter-1771-47-to-several-preachers-and-friends,john-wesley,47 To Several Preachers And Friends,letter,3,1065,0.0319,0,propositions:2; feareth:2; disputing:2; rewarded:2; differs:2; secundum:2; merita:2; operum:2; leaned:1; endureth:1; repents:1; allows:1; marvellous:1; believes:1; dektos:1; autw:1; esti:1; neighbour:1; says:1; Apostolica:1
cw-096-the-believers-triumph-from-the-german-nikolaus-von-zinzendorf,charles-wesley,096 The Believers Triumph From The German Nikolaus Von Zinzendorf,hymn,1,660,0.0318,0,von:2; der:2; worlds:1; absolv'd:1; nails:1; sign'd:1; foundations:1; stains:1; realms:1; und:1; anderer:1; Gemeinen:1; anhange:1; pretious:1; joy'd:1; stir'd:1; atoning:1; quick'ning:1; spoils:1
jw-letter-1738-10-to-his-mother,john-wesley,10 To His Mother,letter,2,440,0.0318,0,vines:1; o'clock:1; lodges:1; encompassed:1; Runnerburg:1; Ronneburg:1; Bdingen:1; evinced:1; Arsacius:1; Sozomen's:1; Ecc:1; Apologeticus:1; faintest:1; faileth:1
jw-letter-1739-01-to-his-brother-samuel,john-wesley,01 To His Brother Samuel,letter,1,220,0.0318,0,entitled:1; perversions:1; contradictions:1; continues:1; testified:1; agonies:1; fears:1
jw-letter-1741-05-to-his-brother-charles,john-wesley,05 To His Brother Charles,letter,5,1539,0.0318,0,began:6; seemed:4; awaked:3; Walcam:1; Bride's:1; believed:1; walked:1; applying:1; refreshed:1; apprehended:1; availeth:1; promised:1; Weavers':1; increased:1; shortest:1; impressed:1; provideth:1; lieth:1; remained:1; o'clock:1
jw-letter-1750-01-to-john-bennet,john-wesley,01 To John Bennet,letter,1,220,0.0318,0,ties:1; Shents:1; uttered:1; affirmed:1; robbed:1; stabbed:1; endeavored:1
jw-letter-1778-01-to-mrs-johnston-annandde-listeen,john-wesley,01 To Mrs Johnston Annandde Listeen,letter,1,157,0.0318,0,Annandde:1; Listeen:1; talked:1; failed:1; strangled:1
jw-treatise-letter-to-a-roman-catholic,john-wesley,Treatise Letter To A Roman Catholic,treatise,9,3143,0.0318,0,practise:4; believes:3; honours:3; monsters:2; tempers:2; tenderest:2; pleaseth:2; transgressors:2; fears:2; lips:2; obeys:2; submits:2; dealings:2; tempts:2; dwelleth:2; stories:1; consequences:1; inclines:1; barbarities:1; named:1
cw-012-hymn-xii,charles-wesley,012 Hymn Xii,hymn,2,314,0.0318,0,benefits:2; mercies:2; bewitches:2; preaches:2; electing:2
cw-duke-act-of-devotion-1745,charles-wesley,Act of Devotion (1745),hymn,7,692,0.0318,0,copies:4; updated:2; began:2; concerns:2; spanned:2; charges:2; responded:2; dated:2; guiding:2; O'errule:2
jw-sermon-082,john-wesley,On Temptation,sermon,14,4040,0.0317,0,standeth:8; thinketh:3; thinks:3; occurs:3; seemeth:3; circumstances:3; infirmities:3; Chadsey:3; observes:2; allowed:2; dokei:2; surprised:2; fibres:2; wisest:2; encompassed:2; replied:2; vows:2; asked:2; reciting:1; mercies:1
cw-077-universal-redemption,charles-wesley,077 Universal Redemption,hymn,1,347,0.0317,0,ascertains:2; forgiven:1; design'd:1; began:1; replaced:1; edn:1; HGEL:1; beholds:1; lines:1; that's:1
cw-103-the-communion-of-saints-part-v-hebrews-1222-23-24,charles-wesley,103 The Communion Of Saints Part V Hebrews 1222 23 24,hymn,1,126,0.0317,0,hopes:2; soul's:1; seats:1
jw-letter-1736-12-to-ann-granville,john-wesley,12 To Ann Granville,letter,1,315,0.0317,0,SAVANAH:1; qualities:1; Bovey:1; suffered:1; placing:1; one's:1; counts:1; visited:1; Granvilles:1; lines:1
jw-letter-1740-04-to-howell-harris,john-wesley,04 To Howell Harris,letter,1,378,0.0317,0,thinketh:1; lightened:1; friend's:1; complained:1; hindered:1; admitting:1; differs:1; elected:1; replied:1; asked:1; disputing:1; concluded:1
jw-letter-1757-23-to-walter-sellon,john-wesley,23 To Walter Sellon,letter,1,189,0.0317,0,effected:1; smll:1; visited:1; became:1; laborers:1; Smithsby:1
jw-letter-1760-20-to-samuel-furly-launceston-september-4-1760,john-wesley,20 To Samuel Furly Launceston September 4 1760,letter,1,379,0.0317,0,wanted:1; lifts:1; writings:1; neighbouring:1; applying:1; recommended:1; followed:1; neglecting:1; hearers:1; visited:1; sharing:1; burthen:1
jw-letter-1763-25-to-lady-frances-gardiner,john-wesley,25 To Lady Frances Gardiner,letter,1,284,0.0317,0,sendeth:1; Caithness:1; Orkney:1; laborers:1; Roberts's:1; allotted:1; congregations:1; suffered:1; deals:1
jw-letter-1768-24-to-henry-brooke,john-wesley,24 To Henry Brooke,letter,1,126,0.0317,0,subscribed:1; amounts:1; another's:1; burthens:1
jw-letter-1772-06-to-ann-bolton,john-wesley,06 To Ann Bolton,letter,1,63,0.0317,0,fears:1; prospers:1
jw-letter-1782a-35-to-thomas-carlill,john-wesley,A 35 To Thomas Carlill,letter,1,126,0.0317,0,ANCHESTER:1; Proudfoot:1; concerns:1; buying:1
jw-letter-1783b-31-to-walter-churchey,john-wesley,B 31 To Walter Churchey,letter,1,221,0.0317,0,troubles:1; hairs:1; numbered:1; adds:1; mentioning:1; presses:1; careth:1
jw-letter-1785a-30-to-jasper-winscom,john-wesley,A 30 To Jasper Winscom,letter,1,221,0.0317,0,rioters:3; distinctions:1; allows:1; pounds':1; wishes:1
jw-letter-1786b-03-to-mr-----,john-wesley,B 03 To Mr     ,letter,1,63,0.0317,0,lines:1; brothers:1
jw-treatise-predestination-calmly-considered,john-wesley,Treatise Predestination Calmly Considered,treatise,68,25333,0.0317,0,elected:21; decreed:16; says:15; branches:15; terms:10; escaped:8; pollutions:8; draws:7; tion:7; termed:7; proves:7; predestinated:6; reprobates:6; hardened:6; glorified:5; believed:5; punished:5; tempers:5; texts:5; dishonour:4
jw-letters-1739,john-wesley,Letters 1739,letter,70,22428,0.0317,0,began:29; Weavers':14; seized:12; expounding:9; asked:9; wanted:8; expounded:8; proposed:6; baptized:6; pangs:6; agonies:5; healed:5; exhorted:5; awakened:4; observed:4; says:4; increased:4; promised:4; hearers:4; rained:4
jw-letters-1752,john-wesley,Letters 1752,letter,11,3503,0.0317,0,asked:3; correspondents:3; copies:3; facts:2; adds:2; attestations:2; falsehoods:2; stairs:2; disowned:2; affirmed:2; Monyash:1; sharpest:1; murmurings:1; disputings:1; visited:1; placed:1; appealed:1; cows:1; occasioned:1; Sewers:1
jw-letters-1756b,john-wesley,Letters 1756B,letter,65,22280,0.0317,0,merits:9; says:8; texts:7; proves:6; signifies:6; lines:6; writings:5; implies:5; followed:5; believed:5; readers:5; passages:5; writers:4; occurs:4; consequences:4; cited:4; refers:4; terms:4; administering:4; required:4
jw-sermon-020,john-wesley,The Lord Our Righteousness,sermon,17,5228,0.0316,0,expressions:15; suffered:8; believes:5; merits:4; procured:4; forgiven:3; terms:3; other's:2; understands:2; recited:2; affirmed:2; affirms:2; sentiments:2; belongs:2; fulfilled:2; implied:2; termed:2; unbelievers:2; expressing:2; ideas:2
jw-sermon-027,john-wesley,Upon Our Lord's Sermon on the Mount VII,sermon,23,7181,0.0316,0,ends:7; proclaimed:6; affections:5; fastest:4; observed:4; abstaining:4; seasons:4; duties:3; degrees:3; performed:3; circumstances:3; obtained:3; overwhelmed:3; sinned:3; obtaining:3; hypocrites:2; faces:2; abused:2; sorts:2; objections:2
jw-letter-1735-05-to-john-robson,john-wesley,05 To John Robson,letter,2,506,0.0316,0,Tilly's:2; pretenses:1; esteemed:1; examined:1; readers:1; mindedness:1; agrees:1; adhering:1; ceasing:1; can't:1; strongest:1; endeavors':1; aaae:1; another's:1; burdens:1
jw-letter-1763-18-to-henry-venn,john-wesley,18 To Henry Venn,letter,4,1425,0.0316,0,errors:2; other's:2; placeo:1; utere:1; allowed:1; inclined:1; shoulders:1; concessions:1; stories:1; gleaned:1; improved:1; invented:1; retailed:1; spoils:1; increased:1; lessened:1; talked:1; irregularities:1; prefaces:1; burthen:1
jw-letter-1764-27-to-the-earl-of-dartmouth-lampeter-july-26-1764,john-wesley,27 To The Earl Of Dartmouth Lampeter July 26 1764,letter,3,792,0.0316,0,objections:4; mea:2; LAMPETER:1; proposed:1; contained:1; observed:1; concurs:1; effected:1; says:1; hopes:1; fears:1; Hydra's:1; occasioned:1; portu:1; navigo:1; adds:1; rises:1; considers:1; blames:1; oftener:1
jw-letter-1781b-34-to-henry-brooke,john-wesley,B 34 To Henry Brooke,letter,1,158,0.0316,0,talents:2; cases:1; hiding:1; employing:1
jw-letter-1788a-37-to-henry-moore,john-wesley,A 37 To Henry Moore,letter,1,253,0.0316,0,defensorbus:1; istis:1; tempus:1; eget:1; defenders:1; Priara:1; brother's:1; threatened:1
jw-treatise-letter-to-mr-toogood,john-wesley,Treatise Letter To Mr Toogood,treatise,7,2341,0.0316,0,claimed:6; yielded:5; obeying:4; terms:4; proposed:3; affirmed:3; enjoined:3; allegi:2; ance:2; rites:2; ceremonies:2; objections:2; protesting:2; Rabbies:2; requires:2; relating:2; resisteth:2; topics:2; Toogood:1; renounced:1
cw-056-hymn-to-the-trinity-another-3,charles-wesley,056 Hymn To The Trinity Another 3,hymn,1,127,0.0315,0,fear'd:1; rever'd:1; ador'd:1; records:1
jw-letter-1732-02-to-richard-morgan,john-wesley,02 To Richard Morgan,letter,15,4407,0.0315,0,increased:4; visited:4; proposed:4; believed:3; designs:3; killed:2; bestowed:2; evenings:2; consulted:2; duties:2; opponents:2; authors:2; sums:2; characters:2; proselytes:2; esteemed:2; dared:2; doors:2; communicated:2; seniors:2
jw-letter-1760-30-to-the-editor-of-the-london-magazine-editors-intro,john-wesley,30 To The Editor Of The London Magazine Editors Intro,letter,5,1777,0.0315,0,charged:2; proposed:2; cleared:2; performed:2; faculties:2; particulars:1; circumstances:1; Parishioners:1; disposing:1; combinations:1; decaying:1; vigour:1; approved:1; followed:1; nicknamed:1; startled:1; illae:1; lacrymae:1; occasioned:1; affirmed:1
jw-letter-1764-43-to-the-mayor-and-corporation-of-bristol-london-dec,john-wesley,43 To The Mayor And Corporation Of Bristol London Dec,letter,1,317,0.0315,0,entertainments:2; obligations:1; endeavours:1; subscriptions:1; traces:1; minds:1; attendants:1; solicitations:1; theatre:1
jw-letter-1769-06-to-robert-costerdine,john-wesley,06 To Robert Costerdine,letter,1,127,0.0315,0,thirds:1; subscribed:1; hearers:1; purposes:1
jw-letters-1748,john-wesley,Letters 1748,letter,86,28548,0.0315,0,says:13; pounds:11; wanted:11; observed:10; offence:9; baptized:8; asked:8; advantages:8; began:7; believed:6; doubted:6; disbelieved:6; required:6; healed:6; proposed:6; other's:5; cases:5; terms:5; supplied:5; follows:5
jw-sermon-003,john-wesley,Awake Thou That Sleepest,sermon,15,4938,0.0314,0,sleepest:4; denies:3; esteemed:3; judgements:3; sleepers:2; covers:2; sleeps:2; wants:2; cleaveth:2; sepulchre:2; hears:2; senses:2; dwelleth:2; passeth:2; glorified:2; forgiven:2; Sleepest:1; discoursing:1; signified:1; loins:1
jw-sermon-019,john-wesley,The Great Privilege of Those Born of God,sermon,14,4300,0.0314,0,senses:7; implies:3; circumstances:3; objects:3; receives:3; committing:3; hears:2; beginnings:2; awakened:2; discerneth:2; returns:2; reconciled:2; perceives:2; remaineth:2; yielded:2; begins:2; weakened:2; standeth:2; mayest:2; expressions:1
jw-sermon-058,john-wesley,On Predestination,sermon,8,2487,0.0314,0,predestinated:7; glorified:4; foreknew:4; conformed:3; says:2; observed:2; allowed:2; supposes:2; justifies:2; sanctifies:2; perishes:2; chapters:1; seemed:1; truths:1; centuries:1; wrested:1; passages:1; strongest:1; improved:1; advantages:1
jw-sermon-133,john-wesley,Sermon 133,sermon,26,8153,0.0314,0,seemed:10; replied:6; asked:4; allowed:4; labours:4; began:4; fulfilled:3; consented:3; walked:3; asking:3; surprised:3; finds:2; circumstances:2; pressed:2; contained:2; propositions:2; writings:2; reproved:2; proposed:2; neighbour:2
jw-letter-1772-67-to-ann-bolton,john-wesley,67 To Ann Bolton,letter,1,255,0.0314,0,writers:2; requires:1; refiners:1; penetrated:1; swallowed:1; expressions:1; meddled:1
jw-letter-1775-73-to-ann-bolton,john-wesley,73 To Ann Bolton,letter,1,255,0.0314,0,asked:1; believed:1; observed:1; lover's:1; tempers:1; may'st:1; relates:1; concerns:1
jw-sermon-011,john-wesley,"The Witness of the Spirit, Discourse II",sermon,16,4722,0.0313,0,objected:8; forgiven:5; says:5; referred:5; testifies:4; objections:4; beareth:3; testifying:3; ownselves:3; contenders:3; rendered:2; observed:2; blotted:2; reconciled:2; expressions:2; texts:2; iniquities:2; questioned:2; arises:2; follows:2
jw-letter-1756b-18-to-james-clark,john-wesley,B 18 To James Clark,letter,5,1629,0.0313,0,walked:2; Langston:1; refers:1; texts:1; influences:1; disciples:1; cases:1; ordaining:1; inducting:1; prescribed:1; allowed:1; obtains:1; Phavorinus:1; Favorinus:1; Favera:1; became:1; Nuceria:1; compiled:1; occurs:1; repented:1
jw-sermon-047,john-wesley,Heaviness Through Manifold Temptations,sermon,16,5007,0.0312,0,says:6; ends:5; causes:4; purified:4; cases:4; termed:4; observed:3; enjoyed:3; affections:3; circumstances:3; permitting:3; increases:3; inferences:2; perisheth:2; endured:2; retained:2; colour:2; weakened:2; presses:2; resteth:2
jw-sermon-086,john-wesley,A Call to Backsliders,sermon,19,5742,0.0312,0,forgiven:15; passages:7; sinned:5; entreated:4; rebelling:3; wilfully:3; remaineth:3; implies:3; sanctifying:3; renewed:3; degrees:3; denounced:3; terms:3; lovingkindness:2; pardoned:2; strongest:2; occurs:2; wilful:2; adversaries:2; sorer:2
cw-021-hymn-of-thanksgiving-to-the-father,charles-wesley,021 Hymn Of Thanksgiving To The Father,hymn,1,192,0.0312,0,records:1; wand'rer:1; observ'd:1; look'd:1; yearn'd:1; forgave:1
jw-letter-1730-03-to-ann-granville,john-wesley,03 To Ann Granville,letter,6,1859,0.0312,0,inclinations:2; adds:2; paths:2; wishes:2; delayed:1; sincerest:1; visited:1; benefits:1; hindrances:1; inspires:1; noblest:1; purposes:1; wheels:1; started:1; senses:1; pleasures:1; can't:1; writers:1; two's:1; neighbors:1
jw-letter-1748-10-to-william-holland,john-wesley,10 To William Holland,letter,10,3268,0.0312,0,disbelieved:6; doubted:5; believed:3; follows:2; consequences:2; presenting:2; amending:2; decies:2; communications:2; hindered:1; Hutchins:1; communicated:1; serves:1; other's:1; differing:1; speculations:1; 'speculations:1; wilful:1; degrees:1; counties:1
jw-letter-1755-18-to-john-trembath,john-wesley,18 To John Trembath,letter,2,705,0.0312,0,began:2; observed:1; suffered:1; applauded:1; revived:1; increased:1; weakened:1; prevailed:1; betook:1; employments:1; bullocks:1; wretches:1; practicing:1; infatuated:1; stinks:1; nostrils:1; punished:1; imposed:1; writings:1; procured:1
jw-letter-1760-32-to-the-editor-of-lloyds-evening-post-to-mr-t-h-ali,john-wesley,32 To The Editor Of Lloyds Evening Post To Mr T H Ali,letter,3,993,0.0312,0,refuted:2; merits:2; cleared:2; scraps:1; attacked:1; charged:1; renewed:1; affirming:1; replied:1; paragraphs:1; blushes:1; demanded:1; 'Granted:1; innovations:1; introduced:1; readers:1; texts:1; excused:1; propositions:1; believes:1
jw-letter-1761-12-to-the-earl-of-dartmouth,john-wesley,12 To The Earl Of Dartmouth,letter,6,2245,0.0312,0,congregations:4; practices:4; allowed:3; truths:2; asked:2; suffered:2; follows:2; tends:2; ancestors:2; arising:2; subscribed:2; accompanied:2; subverters:2; proposed:1; flocked:1; followed:1; forsook:1; offence:1; congregations':1; forbids:1
jw-letter-1762-02-to-samuel-furly-london-january-25-1762,john-wesley,02 To Samuel Furly London January 25 1762,letter,1,321,0.0312,0,attained:1; admirari:1; wondered:1; changes:1; managing:1; expressions:1; larger:1; allowances:1; infirmities:1; mellowing:1
jw-letter-1763-24-to-george-merryweather,john-wesley,24 To George Merryweather,letter,1,128,0.0312,0,Jaco's:1; wanted:1; hearers:1; relates:1
jw-letter-1764-07-to-thomas-hartley,john-wesley,07 To Thomas Hartley,letter,2,544,0.0312,0,writers:2; gained:2; conversed:1; agitated:1; convulsed:1; causes:1; regenerating:1; agitations:1; convulsions:1; cites:1; weapons:1; diverted:1; authors:1; opponents:1; prays:1
jw-letter-1768-18-to-ann-bolton,john-wesley,18 To Ann Bolton,letter,1,320,0.0312,0,increased:1; enables:1; ties:1; escaping:1; seemed:1; acted:1; careth:1; hairs:1; numbered:1; se'nnight:1
jw-letter-1772-23-to-his-brother-charles,john-wesley,23 To His Brother Charles,letter,1,321,0.0312,0,BlRMINGHAM:1; Marylebone:1; writes:1; draws:1; throws:1; Reeves's:1; earliest:1; softened:1; visited:1; hearers:1
jw-letter-1773-22-to-christopher-hopper,john-wesley,22 To Christopher Hopper,letter,1,128,0.0312,0,pounds:2; purposes:1; directing:1
jw-letter-1773-67-to-john-valton,john-wesley,67 To John Valton,letter,1,64,0.0312,0,circumstances:1; promoted:1
jw-letter-1773-70-to-joseph-benson,john-wesley,70 To Joseph Benson,letter,1,192,0.0312,0,pounds:2; effecting:1; spared:1; eased:1; burthen:1
jw-letter-1775-63-to-joseph-benson,john-wesley,63 To Joseph Benson,letter,1,128,0.0312,0,Paterson:1; occurred:1; prospers:1; labors:1
jw-letter-1777-50-to-duncan-mcallum,john-wesley,50 To Duncan Mcallum,letter,1,96,0.0312,0,staying:1; Cromartie:1; wining:1
jw-letter-1781b-09-to-george-fettes,john-wesley,B 09 To George Fettes,letter,1,32,0.0312,0,Fettes:1
jw-letter-1783a-10-to-ellen-gretton,john-wesley,A 10 To Ellen Gretton,letter,1,192,0.0312,0,steps:1; Whateley:1; follows:1; Skillington:1; awakened:1; larger:1
jw-letter-1787-01-to-arthur-keene,john-wesley,01 To Arthur Keene,letter,1,160,0.0312,0,sakes:1; 'wills:1; neighbouts:1; D'Olier:1; providences:1
jw-sermon-126,john-wesley,Sermon 126,sermon,12,3572,0.0311,0,pounds:8; entrusted:5; necessaries:3; conveniences:3; replied:3; debts:2; asked:2; subscribed:2; guineas:2; buys:2; parsnips:2; increases:2; says:2; objects:2; trifles:2; endangered:1; transmitted:1; forefathers:1; implied:1; hoards:1
jw-letter-1766-01-to-mrs-wyndowe-london-january-7-1766,john-wesley,01 To Mrs Wyndowe London January 7 1766,letter,1,225,0.0311,0,Wyndowe:2; Earl's:1; retained:1; pursuing:1; avocations:1; triumphed:1
jw-letter-1775-43-to-ann-bolton,john-wesley,43 To Ann Bolton,letter,1,193,0.0311,0,larger:1; preceded:1; reforming:1; wants:1; recovering:1; degrees:1
jw-letter-1779-22-to-mrs-hall,john-wesley,22 To Mrs Hall,letter,1,322,0.0311,0,seduced:1; wits:1; acted:1; apartments:1; complained:1; says:1; showed:1; distresses:1; advices:1; followed:1
jw-letters-1732,john-wesley,Letters 1732,letter,18,5530,0.0311,0,increased:5; visited:4; proposed:4; affections:3; bestowed:3; believed:3; designs:3; receivers:2; approved:2; prevailed:2; killed:2; evenings:2; consulted:2; duties:2; opponents:2; authors:2; sums:2; characters:2; proselytes:2; esteemed:2
jw-sermon-071,john-wesley,Of Good Angels,sermon,11,3777,0.031,0,ministering:5; beings:3; affections:3; mouths:3; instruments:3; elements:2; endued:2; styled:2; favourite:2; cured:2; doeth:2; termed:1; conceptions:1; fragments:1; forefathers:1; borrowed:1; writings:1; conjectures:1; believes:1; labours:1
cw-047-hymn-for-easter-day,charles-wesley,047 Hymn For Easter Day,hymn,1,290,0.031,0,edn:2; heav'ns:1; redeeming:1; forbids:1; perish'd:1; parent's:1; heav'nly:1; pow'r:1
jw-letter-1731-18-to-ann-granville,john-wesley,18 To Ann Granville,letter,3,1000,0.031,0,failings:2; shortest:2; shipwrecked:2; faults:1; infirmities:1; surprised:1; enabled:1; informs:1; writes:1; respects:1; beauties:1; murm'ring:1; varieties:1; objects:1; occasioned:1; meadows:1; brows:1; assisted:1; Horrel:1; seas:1
jw-letter-1756b-13-to-mr-----,john-wesley,B 13 To Mr     ,letter,1,258,0.031,0,suffered:2; pounds:2; backbiting:1; stories:1; particulars:1; believed:1
jw-letter-1790a-27-to-adam-clarke,john-wesley,A 27 To Adam Clarke,letter,1,129,0.031,0,secrets:1; cheated:1; spectators:1; began:1
jw-treatise-demonstration-of-divine-inspiration,john-wesley,Treatise Demonstration Of Divine Inspiration,treatise,1,258,0.031,0,penmen:3; viz:2; 'uce:1; forbids:1; condemns:1
jw-letters-1730,john-wesley,Letters 1730,letter,14,4551,0.031,0,says:3; can't:3; contained:2; hopes:2; replies:2; acknowledgements:2; repeating:2; joins:2; inclinations:2; adds:2; builds:2; paths:2; recommending:2; wishes:2; procured:2; Origine:2; evils:2; Remedies:1; believes:1; expects:1
jw-sermon-033,john-wesley,Upon Our Lord's Sermon on the Mount XIII,sermon,17,4591,0.0309,0,doeth:9; floods:8; sayings:5; builds:5; descended:4; blew:4; buildeth:4; likened:3; purified:3; founded:2; ordinances:2; neighbour:2; confirms:2; waves:2; observed:1; hindrances:1; closes:1; impressing:1; generations:1; standeth:1
cw-003-prayer-for-faith,charles-wesley,003 Prayer For Faith,hymn,3,324,0.0309,0,edn:4; withdraw'st:2; quick'ning:2; pard'ning:2
jw-letter-1782a-07-to-hester-ann-roe,john-wesley,A 07 To Hester Ann Roe,letter,1,324,0.0309,0,bringeth:2; Leach's:1; attends:1; publishing:1; laborers:1; lusteth:1; repented:1; Wrexham:1; surprised:1
jw-letter-1782a-11-to-elizabeth-ritchie,john-wesley,A 11 To Elizabeth Ritchie,letter,1,291,0.0309,0,seemed:2; renewing:1; insisted:1; named:1; pockets:1; believes:1; serves:1; implied:1
jw-letter-1785b-33-to-mary-cooke,john-wesley,B 33 To Mary Cooke,letter,1,324,0.0309,0,leans:1; safer:1; circumstances:1; replied:1; 'Habes:1; fidere:1; exiguam:1; o'erwhelming:1; deigns:1; dews:1
jw-letter-1787-39-to-robert-dall,john-wesley,39 To Robert Dall,letter,1,97,0.0309,0,prospered:1; labors:1; dispensing:1
jw-letter-1788b-35-to-his-niece-sarah-wesley,john-wesley,B 35 To His Niece Sarah Wesley,letter,1,194,0.0309,0,writers:2; intellects:1; letting:1; inculcated:1; papers:1
jw-letter-1790a-23-to-jasper-winscom,john-wesley,A 23 To Jasper Winscom,letter,1,194,0.0309,0,followed:2; Whitwood:1; debts:1; fewer:1; milksops:1
jw-letter-1790a-52-to-mrs-cock,john-wesley,A 52 To Mrs Cock,letter,1,194,0.0309,0,concerns:2; chasteneth:1; enabled:1; failed:1; addressed:1
jw-treatise-letter-to-john-taylor,john-wesley,Treatise Letter To John Taylor,treatise,1,291,0.0309,0,believed:2; sentiments:1; asked:1; amounts:1; rectifying:1; truths:1; imaginations:1; converts:1
jw-treatise-serious-thoughts-godfathers-and-godmothers,john-wesley,Treatise Serious Thoughts Godfathers And Godmothers,treatise,4,1231,0.0309,0,sponsors:7; baptized:4; communicants:2; promised:2; other's:2; implies:1; expected:1; helps:1; retained:1; earliest:1; termed:1; objected:1; tized:1; ordering:1; mothers:1; benefits:1; children's:1; hazards:1; objections:1; ments:1
cw-003-hymn-iii,charles-wesley,003 Hymn Iii,hymn,2,1940,0.0309,0,forgiven:4; mercies:4; threatnings:4; fears:4; stops:2; waitest:2; grieves:2; remember'd:2; preach'd:2; says:2; elected:2; electing:2; sow'd:2; cares:2; choak:2; reprobates:2; accurst:2; design'd:2; warns:2; apostates:2
jw-letter-1739-12-to-james-hutton,john-wesley,12 To James Hutton,letter,4,1038,0.0308,0,hearers:2; steps:2; began:2; rained:2; Wynne:1; Wiggins:1; Panou's:1; follows:1; proposed:1; Highham:1; Wilds:1; prevented:1; Llandowror:1; instituted:1; circulating:1; maintained:1; subscriptions:1; numbered:1; refreshed:1; Redcliffe:1
cw-duke-whitsunday-hymns-1746,charles-wesley,Whitsunday Hymns (1746),hymn-collection,19,6973,0.0308,0,edn:13; receives:4; edns:4; released:3; glorified:3; promis'd:3; believes:3; prevailing:3; steps:3; fears:3; forgiven:3; atoning:3; containing:2; issued:2; brothers:2; fulfill'd:2; vouchsafes:2; confin'd:2; hear'st:2; chear:2
jw-sermon-139,john-wesley,Sermon 139,sermon,10,3197,0.0307,0,profiteth:7; neighbour:5; properties:3; begins:2; cares:2; pleasures:2; observed:2; signifies:2; implies:2; longsuffering:2; infirmities:2; envieth:2; beasts:2; asked:2; replied:2; profited:1; ariseth:1; endures:1; dangers:1; enabled:1
jw-letter-1776-07-to-mary-bishop,john-wesley,07 To Mary Bishop,letter,1,293,0.0307,0,reasonings:1; resisted:1; permits:1; requires:1; imagined:1; affirms:1; profits:1; supposes:1; flows:1
jw-letter-1788a-13-to-henry-moore,john-wesley,A 13 To Henry Moore,letter,1,228,0.0307,0,Poolbeg:1; prospers:1; devices:1; evenings:1; inclined:1; prospered:1; referred:1
jw-letter-1789b-48-to-richard-rodda,john-wesley,B 48 To Richard Rodda,letter,1,163,0.0307,0,Bradburn's:1; pounds:1; Rodda's:1; steps:1; indemnified:1
cw-duke-hymns-for-children-1763,charles-wesley,Hymns for Children (1763),hymn-collection,43,16070,0.0307,0,edn:16; bestow'd:9; earliest:8; ador'd:7; employ'd:6; mercies:6; babes:6; paths:5; display'd:4; design'd:4; pleasures:4; inclin'd:4; forgiven:4; atoning:4; minds:3; preparing:3; students:3; adds:3; cares:3; footsteps:3
cw-duke-trinity-hymns-1767,charles-wesley,Trinity Hymns (1767),hymn-collection,65,23859,0.0307,0,une:43; ador'd:24; bestow'd:17; imparts:14; reveals:12; forgiven:12; reveal'd:11; seals:10; confest:8; reigns:6; metre:5; shows:5; pard'ning:5; knowst:5; Esaias:4; applies:4; began:4; receives:4; purest:4; wings:4
jw-letter-1739-03-to-george-whitefield,john-wesley,03 To George Whitefield,letter,4,1374,0.0306,0,Gibs:2; breakfasted:1; Score's:1; passages:1; says:1; became:1; Chichester:1; founders:1; influenced:1; Platonists:1; vols:1; records:1; manuals:1; noticed:1; Southey:1; imagined:1; conveyed:1; missed:1; expounded:1; Ford's:1
jw-letter-1770-39-to-matthew-lowes,john-wesley,39 To Matthew Lowes,letter,1,98,0.0306,0,skilful:1; superannuated:1; boys:1
jw-letter-1790b-38-to-samuel-wood,john-wesley,B 38 To Samuel Wood,letter,1,98,0.0306,0,pleases:1; forbids:1; parent's:1
jw-treatise-seasonable-address-to-great-britain,john-wesley,Treatise Seasonable Address To Great Britain,treatise,13,4537,0.0306,0,flames:4; countrymen:4; serveth:3; evils:2; gained:2; neighbour's:2; infatuated:2; beasts:2; horrors:2; begs:2; followed:2; deciding:2; controversies:2; influenced:2; preserving:2; favoured:2; exalteth:2; sorer:2; selves:2; begins:2
jw-treatise-thoughts-on-a-single-life,john-wesley,Treatise Thoughts On A Single Life,treatise,9,3170,0.0306,0,careth:5; eunuchs:5; advantages:5; says:2; withdraws:2; natured:2; entrusts:2; talents:2; persuasions:2; conversing:2; uses:2; numbered:1; superseded:1; truct:1; embodies:1; sentiments:1; contained:1; despising:1; termed:1; writers:1
jw-sermon-007,john-wesley,The Way to the Kingdom,sermon,15,4387,0.0305,0,termed:3; branches:3; neighbour:3; rejoicest:3; uses:2; ceremonies:2; rites:2; contained:2; implies:2; mercies:2; banishes:2; forgiven:2; reigning:2; fulfilled:2; affections:2; fears:2; iniquities:2; explains:1; offerings:1; meats:1
jw-free-grace,john-wesley,Free Grace,sermon,16,4594,0.0305,0,tends:8; decreed:6; elected:6; texts:5; strongest:3; spared:2; hardens:2; amounts:2; motives:2; reprobated:2; doubts:2; fears:2; excludes:2; doomed:2; burnings:2; observed:2; contradicts:2; willeth:2; represents:2; Hearest:2
cw-rejoice-the-lord-is-king,charles-wesley,"Rejoice, the Lord Is King",hymn,5,262,0.0305,0,reigns:2; purged:2; stains:2; keys:2
jw-letter-1750-19-to-george-james-stonehouse,john-wesley,19 To George James Stonehouse,letter,8,2459,0.0305,0,regards:4; styled:2; baptized:2; putting:2; began:2; degrees:2; wretch's:2; sentiments:1; implies:1; quaere:1; adults:1; subsisting:1; Endand:1; allowed:1; notorios:1; particulars:1; duties:1; abolished:1; says:1; forbids:1
jw-letter-1776-35-to-mrs-hall,john-wesley,35 To Mrs Hall,letter,1,164,0.0305,0,causes:1; ruleth:1; wanted:1; wheels:1; guineas:1
jw-letter-1786a-05-to-samuel-mitchell,john-wesley,A 05 To Samuel Mitchell,letter,1,131,0.0305,0,accusers:1; senses:1; devil's:1; particulars:1
jw-treatise-word-to-a-smuggler,john-wesley,Treatise Word To A Smuggler,treatise,6,2199,0.0305,0,pockets:4; says:4; smugglers:3; duties:3; seizures:3; honester:2; picks:2; defrauded:2; importing:1; buying:1; Importing:1; sailors:1; passengers:1; requires:1; liquors:1; kerchiefs:1; coasts:1; picking:1; shows:1; dues:1
jw-sermon-023,john-wesley,Upon Our Lord's Sermon on the Mount III,sermon,24,7163,0.0304,0,swearing:9; neighbour:6; makers:4; purified:3; required:3; hateth:3; persecutors:3; peacemakers:2; corruptions:2; men's:2; abstaining:2; steps:2; forbids:2; preparing:2; circumstances:2; allowed:2; shows:2; implies:2; talents:2; uses:2
jw-sermon-025,john-wesley,Upon Our Lord's Sermon on the Mount V,sermon,24,7435,0.0304,0,fulfilled:7; tithes:6; ordinances:5; contained:3; circumstances:3; branches:3; observed:3; respects:3; neighbour:3; stricter:3; condemns:3; conceived:2; intends:2; signifies:2; parelqh:2; fulfilling:2; despiseth:2; tends:2; burnings:2; preaches:2
jw-letter-1767-11-to-mrs-crosby,john-wesley,11 To Mrs Crosby,letter,2,428,0.0304,0,oftener:1; oceans:1; opportunities:1; conversing:1; arises:1; weakens:1; slackens:1; inclined:1; snares:1; prospers:1; anointing:1; laboured:1; errors:1
jw-letter-1768-15-to-john-fletcher,john-wesley,15 To John Fletcher,letter,4,888,0.0304,0,conversed:2; hearers:1; conversing:1; cooled:1; exceptions:1; grapes:1; borders:1; andres:1; agraumatoi:1; idiwtai:1; conformed:1; maxims:1; fashions:1; Nunquam:1; eos:1; homines:1; redebis:1; gained:1; rara:1; terris:1
jw-letter-1790a-17-to-whom-it-may-concern,john-wesley,A 17 To Whom It May Concern,letter,1,230,0.0304,0,booksellers:1; errors:1; excepted:1; Scollick:1; approved:1; submitted:1; appointing:1
jw-sermon-108,john-wesley,Sermon 108,sermon,11,3559,0.0303,0,possessions:5; crosses:4; disciples:3; terms:3; hinderances:3; says:3; pounds:3; astonished:2; advantages:2; neighbour:2; flows:2; objects:2; pictures:2; healed:1; blossoms:1; frees:1; cares:1; retracts:1; men's:1; confirms:1
jw-letter-1760-02-to-the-editor-of-lloyds-evening-post-editors-intro,john-wesley,02 To The Editor Of Lloyds Evening Post Editors Intro,letter,1,297,0.0303,0,circumstances:1; maintained:1; necessaries:1; amounted:1; shillings:1; expended:1; stockings:1; embroidered:1; newest:1
jw-letter-1762-26-to-his-brother-charles-london-december-11-1762,john-wesley,26 To His Brother Charles London December 11 1762,letter,2,396,0.0303,0,cursing:2; swearing:2; Guilford's:1; expressions:1; ceased:1; pastures:1; boys:1; owes:1; Nitchman:1; emigrants:1
jw-letter-1764-10-to-the-countess-of-huntingdon,john-wesley,10 To The Countess Of Huntingdon,letter,1,99,0.0303,0,communicated:1; effecting:1; steps:1
jw-letter-1773-02-to-alexander-clark,john-wesley,02 To Alexander Clark,letter,1,132,0.0303,0,senses:1; distractions:1; concurred:1; depends:1
jw-letter-1775-27-to-his-brother-charles,john-wesley,27 To His Brother Charles,letter,1,330,0.0303,0,pounds:3; Wathen's:1; Baynes's:1; papers:1; behaved:1; ipsa:1; reduxit:1; gratiam:1
jw-letter-1776-05-to-the-printer-of-the-gazetteer,john-wesley,05 To The Printer Of The Gazetteer,letter,2,528,0.0303,0,papers:2; mentioning:1; disperses:1; signing:1; week's:1; begins:1; informing:1; scruples:1; drachms:1; readers:1; walked:1; containing:1; referred:1; lege:1; behoves:1
jw-letter-1777-35-to-alexander-knox,john-wesley,35 To Alexander Knox,letter,1,165,0.0303,0,Monmouthshire:1; hideth:1; delays:1; heals:1; assisting:1
cw-duke-scripture-hymns-1762-vol-2,charles-wesley,Scripture Hymns (1762) Vol 2,hymn-collection,305,91767,0.0303,0,underlined:109; forgiven:42; bestow'd:29; pard'ning:25; hallowing:23; redeeming:22; cont:19; holiest:18; reveal'd:17; burthen:15; people's:14; lips:13; promis'd:13; receives:13; paths:12; atoning:11; reigns:10; degrees:10; forsook:10; steps:10
jw-letter-1739-27-to-james-hutton,john-wesley,27 To James Hutton,letter,1,298,0.0302,0,rS:1; observed:1; conjectures:1; questioning:1; weakened:1; reasonings:1; profited:1; enabled:1; mourned:1
jw-letter-1750-10-to-edward-perronet,john-wesley,10 To Edward Perronet,letter,2,398,0.0302,0,complaints:1; riots:1; Zeruiah:1; says:1; prospered:1; writes:1; wills:1; qued:1; scis:1; nescis:1; remedied:1; Kilcully:1
cw-duke-hymns-and-sacred-poems-1742,charles-wesley,Hymns and Sacred Poems (1742),hymn-collection,162,60865,0.0302,0,edn:117; mercies:27; wings:22; etc:22; promis'd:21; fears:18; know'st:15; redeeming:14; reigns:14; atoning:14; ends:14; doubts:11; forgiven:11; chear:10; bestow'd:10; wants:10; hopes:9; abhor'd:9; stars:8; shew'd:8
jw-sermon-091,john-wesley,On Charity,sermon,16,4987,0.0301,0,tempers:5; contained:4; neighbour:4; profiteth:3; provoked:3; tongues:2; mysteries:2; clearest:2; properties:2; observed:2; allowed:2; recommended:2; reproaches:2; talks:2; endeavoured:2; events:2; lips:2; leadeth:2; affirming:1; Nunes:1
jw-sermon-137,john-wesley,Sermon 137,sermon,17,5175,0.0301,0,glorified:4; dissolved:4; inconveniences:4; stars:3; appetites:3; pleasures:3; mouldered:2; undergone:2; changes:2; sinews:2; crumbled:2; contains:2; qualities:2; inferences:2; implies:2; consists:2; men's:2; veins:2; disciples:2; minds:2
jw-letter-1746-02-to-thomas-church,john-wesley,02 To Thomas Church,letter,90,29309,0.0301,0,facts:17; charged:13; required:13; allowed:10; ordinances:9; consequences:8; began:7; acted:7; implies:7; circumstances:7; rejecting:7; respects:6; errors:6; cited:6; represented:6; observed:6; pleases:6; cases:6; cures:6; causes:6
jw-letter-1773-27-to-mrs-woodhouse,john-wesley,27 To Mrs Woodhouse,letter,1,366,0.0301,0,pounds:3; visited:1; refused:1; quitting:1; talks:1; wits:1; debts:1; became:1; burthen:1
jw-letter-1773-31-to-mary-bishop,john-wesley,31 To Mary Bishop,letter,1,366,0.0301,0,allowed:1; extends:1; ends:1; senses:1; deigns:1; proposing:1; designs:1; accepts:1; rewards:1; intentions:1; studying:1
jw-letter-1779-17-to-george-robinson,john-wesley,17 To George Robinson,letter,1,133,0.0301,0,refers:1; onest:1; Lungham:1; remembered:1
jw-letter-1780b-05-to-john-valton,john-wesley,B 05 To John Valton,letter,1,133,0.0301,0,jewels:1; burthen:1; Physicks:1; pIease:1
jw-treatise-thoughts-on-1-thessalonians-v-23,john-wesley,Treatise Thoughts On 1 Thessalonians V 23,treatise,2,565,0.0301,0,envelopes:2; embodied:2; creates:1; untieing:1; terms:1; endued:1; receives:1; consists:1; purest:1; burdened:1; divested:1; belongs:1; Swntov:1; vanishes:1; covers:1
jw-sermon-053,john-wesley,On the Death of the Rev. Mr. George Whitefield,sermon,26,7766,0.03,0,began:7; orphans:5; labors:5; says:5; hearers:4; insisted:4; differences:4; minds:3; enabled:3; expounded:3; observed:3; arrived:3; expected:2; particulars:2; enabling:2; catechizing:2; visited:2; flocked:2; detained:2; contributions:2
jw-sermon-104,john-wesley,Sermon 104,sermon,16,4837,0.03,0,ordinances:5; allowed:4; disciples:4; abhorred:3; ministrations:3; conveyed:3; sacraments:3; hermits:2; countries:2; writers:2; circumstances:2; ministered:2; modes:2; granted:2; strongest:2; conversed:2; terms:2; administers:2; Attending:1; men's:1
jw-letter-1756a-07-to-richard-tompson,john-wesley,A 07 To Richard Tompson,letter,5,1531,0.03,0,degrees:3; reconciled:3; implies:2; baptized:2; cases:2; implied:2; obliges:2; moves:2; witnessing:2; excludes:2; overthrown:2; mislaid:1; enclosed:1; employments:1; heretics:1; averred:1; believed:1; remained:1; disproving:1; sentiments:1
jw-letter-1760-17-to-miss-march-sligo-june-27-1760,john-wesley,17 To Miss March Sligo June 27 1760,letter,1,233,0.03,0,surprised:1; papers:1; grows:1; degrees:1; wills:1; suffered:1; Blows:1
jw-letter-1770-41-to-mrs-barton,john-wesley,41 To Mrs Barton,letter,1,200,0.03,0,straitened:1; debates:1; another's:1; burthens:1; suffered:1; careth:1
jw-letter-1772-30-to-philothea-briggs,john-wesley,30 To Philothea Briggs,letter,1,100,0.03,0,affections:1; yields:1; lacking:1
jw-letter-1773-46-to-mrs-savage,john-wesley,46 To Mrs Savage,letter,1,200,0.03,0,continues:1; promoting:1; Derryshire:1; asking:1; behaved:1; prospered:1
jw-letter-1779-06-to-george-gidley,john-wesley,06 To George Gidley,letter,1,100,0.03,0,ipso:1; facto:1; licenses:1
jw-sermon-050,john-wesley,The Use of Money,sermon,18,5148,0.0299,0,neighbour:6; requires:4; habitations:3; procured:3; placed:3; addressed:2; adds:2; philosophers:2; ends:2; shows:2; experiments:2; lands:2; neighbour's:2; farest:2; kinds:2; gained:2; pleasures:2; purchasing:2; entrusted:2; expending:2
jw-sermon-117,john-wesley,Sermon 117,sermon,8,2512,0.0299,0,addressed:4; writers:3; expressions:3; lines:3; addressing:3; affections:3; fervour:2; enters:1; introduced:1; depends:1; errors:1; abilities:1; treats:1; terms:1; waiving:1; upholding:1; quoted:1; remarking:1; Horae:1; Lyricae:1
jw-letter-1738-30-to-james-hutton,john-wesley,30 To James Hutton,letter,1,268,0.0299,0,monitors:1; appointing:1; officio:1; urged:1; deserves:1; reverenced:1; delivering:1; theApostles:1
jw-letter-1755-08-to-his-brother-charles,john-wesley,08 To His Brother Charles,letter,2,603,0.0299,0,can't:2; promised:1; 'showed:1; satis:1; imperio:1; pounds:1; seduced:1; Theatre:1; allowed:1; cited:1; scelerato:1; antistite:1; separare:1; debet:1; pinches:1; skilful:1; says:1
jw-letter-1781a-27-to-joseph-benson,john-wesley,A 27 To Joseph Benson,letter,1,234,0.0299,0,lists:1; hopes:1; cavils:1; objections:1; cites:1; wishes:1; extremes:1
jw-letter-1790a-04-to-john-mason,john-wesley,A 04 To John Mason,letter,1,201,0.0299,0,republicans:1; Pascoe:1; entertained:1; brother's:1; expects:1; strokes:1
jw-letters-1762,john-wesley,Letters 1762,letter,30,10494,0.0299,0,says:7; expressions:6; implies:5; proves:5; tempers:5; attained:4; ceasing:4; affirms:4; cleansed:4; writings:3; conditions:3; asserts:3; objections:3; affirming:3; tends:3; conversed:2; minds:2; allowed:2; terms:2; relates:2
jw-sermon-068,john-wesley,The Wisdom of God's Counsels,sermon,17,5129,0.0298,0,increased:6; ends:4; degrees:3; began:3; became:3; pleasures:3; warned:3; counsels:2; paths:2; doubted:2; holiest:2; circumstances:2; marvellous:2; labours:2; overwhelmed:2; cares:2; affections:2; requires:2; repairing:2; Counsel's:1
jw-letter-1731-21-to-his-brother-samuel,john-wesley,21 To His Brother Samuel,letter,7,2079,0.0298,0,required:4; finds:2; says:2; can't:2; COLEGE:1; changes:1; conclusions:1; premises:1; implies:1; particulars:1; folks:1; overlooked:1; est:1; enables:1; Hayward's:1; examined:1; priest's:1; endeavors:1; blocks:1; blames:1
jw-letter-1748-25-to-james-hargrave-the-constable-at-barrowford,john-wesley,25 To James Hargrave The Constable At Barrowford,letter,4,1309,0.0298,0,cursing:3; swearing:3; o'clock:2; clubs:2; Bocock:2; walked:2; WIDDUP:1; pressed:1; refused:1; staying:1; prevented:1; staves:1; yards:1; champions:1; required:1; seemed:1; ceased:1; attempted:1; tossed:1; hounds:1
jw-letter-1769-46-to-professor-john-liden-of-lund,john-wesley,46 To Professor John Liden Of Lund,letter,2,571,0.0298,0,pounds:3; Liden:1; Lund:1; permits:1; contains:1; boarders:1; pursued:1; labours:1; contributions:1; assisted:1; consequences:1; named:1; writers:1; settlements:1; relating:1
jw-letter-1786a-22-to-john-stretton,john-wesley,A 22 To John Stretton,letter,1,235,0.0298,0,Thorney:2; pleases:1; instruments:1; Thomey:1; doeth:1; says:1
jw-letter-1789b-26-to-henry-moore,john-wesley,B 26 To Henry Moore,letter,1,168,0.0298,0,contrived:1; seemed:1; inclined:1; referred:1; enclosed:1
jw-sermon-046,john-wesley,The Wilderness State,sermon,21,6197,0.0297,0,occasioned:5; deprived:4; causes:4; neighbour:3; assaults:3; tends:3; termed:2; believed:2; mercies:2; loses:2; remained:2; tempers:2; observed:2; cases:2; influences:2; offence:2; conquered:2; shows:2; passages:2; guides:2
jw-sermon-079,john-wesley,On Dissipation,sermon,10,3269,0.0297,0,attending:5; allowed:4; objects:2; dissipates:2; scatters:2; unhinged:2; enabled:2; towns:1; observed:1; declamations:1; doubted:1; imported:1; one's:1; writers:1; glances:1; beings:1; Pros:1; euprosedron:1; kuriv:1; alluded:1
jw-letter-1755-05-to-ebenezer-blackwell,john-wesley,05 To Ebenezer Blackwell,letter,1,303,0.0297,0,intentions:1; referred:1; says:1; intends:1; staying:1; Jenny's:1; recovers:1; ff:1; crosses:1
jw-letter-1782a-09-to-thomas-davenport,john-wesley,A 09 To Thomas Davenport,letter,1,269,0.0297,0,asked:1; remarking:1; replied:1; ends:1; recommended:1; passages:1; leaned:1; approved:1
jw-letter-1790b-21-to-adam-clarke,john-wesley,B 21 To Adam Clarke,letter,1,236,0.0297,0,supplies:1; extravagances:1; promoted:1; hardest:1; followed:1; strikes:1; irregularities:1
jw-sermon-114,john-wesley,Sermon 114,sermon,12,3686,0.0296,0,neighbour:6; begins:3; terms:3; reveals:3; observes:2; exists:2; perfections:2; Objects:2; tempers:2; shoals:1; heaped:1; favoured:1; goings:1; allowed:1; contained:1; renders:1; strongest:1; doeth:1; pleaseth:1; willeth:1
jw-letter-1734-05-to-his-father,john-wesley,05 To His Father,letter,18,5042,0.0296,0,contemned:6; holier:4; advantages:3; esteemed:3; degrees:2; viz:2; cares:2; affections:2; granting:2; talents:2; employs:2; promised:2; wants:2; Ossa:2; attempts:2; assertions:2; hating:2; deserves:1; wills:1; promoting:1
jw-letter-1774-30-to-christopher-hopper,john-wesley,30 To Christopher Hopper,letter,1,135,0.0296,0,creditors:1; widens:1; deepens:1; laborers:1
jw-letter-1775-86-to-the-printer-of-the-gazetteer,john-wesley,86 To The Printer Of The Gazetteer,letter,1,135,0.0296,0,drachms:2; Pysick:1; altering:1
jw-letter-1783b-07-to-william-robarts,john-wesley,B 07 To William Robarts,letter,2,506,0.0296,0,reunited:2; thanking:1; expected:1; walked:1; honoured:1; pounds:1; discharged:1; required:1; exceeded:1; appealed:1; censured:1; companies:1; astonished:1; doeth:1
jw-letter-1785b-34-to-william-robarts,john-wesley,B 34 To William Robarts,letter,1,135,0.0296,0,villains:1; abolishing:1; purchased:1; perplexities:1
jw-letter-1789b-38-to-william-green,john-wesley,B 38 To William Green,letter,2,778,0.0296,0,ministrations:3; respects:1; Hophni:1; forbids:1; depends:1; texts:1; disciples:1; neglecting:1; exceptions:1; fourths:1; tenths:1; Myriads:1; cursing:1; swearing:1; deducted:1; strives:1; shows:1; allotted:1; conditions:1; contradicted:1
jw-sermon-092,john-wesley,On Zeal,sermon,13,4163,0.0295,0,tempers:10; properties:7; ordinances:5; neighbour:4; fervour:4; follows:3; occurred:2; persecutions:2; murdered:2; occasioned:2; inferences:2; longsuffering:2; lowest:2; premises:2; dwelleth:2; prevailed:1; fires:1; circumstances:1; murders:1; perpetrated:1
jw-letter-1738-06-to-william-law,john-wesley,06 To William Law,letter,6,1864,0.0295,0,maxims:4; says:3; facts:2; discerned:2; advices:2; charged:2; sentiments:1; circumstances:1; governed:1; adhered:1; recommended:1; replies:1; smallest:1; translating:1; truths:1; Germunica:1; learners:1; rudiments:1; seemed:1; inclined:1
jw-letter-1738-31-to-his-brother-samuel,john-wesley,31 To His Brother Samuel,letter,1,237,0.0295,0,encourages:2; terms:1; abets:1; minds:1; cited:1; branches:1
jw-letter-1751-16-to-richard-bailey-vicar-of-wrangle,john-wesley,16 To Richard Bailey Vicar Of Wrangle,letter,2,645,0.0295,0,affirmed:1; assaulted:1; abusing:1; drains:1; endangering:1; damaged:1; believed:1; worshipping:1; inflictors:1; writings:1; hears:1; thinks:1; confuting:1; circumstances:1; allowed:1; dictates:1; conditions:1; wiling:1; forrget:1
jw-letter-1775-28-to-miss-march,john-wesley,28 To Miss March,letter,1,373,0.0295,0,wears:1; hair's:1; relating:1; concerns:1; lessens:1; increases:1; tends:1; requires:1; passeth:1; lengthening:1; hovels:1
jw-letter-1777-48-to-mary-bishop,john-wesley,48 To Mary Bishop,letter,2,440,0.0295,0,larger:1; Yerbury:1; breezes:1; hopes:1; admits:1; exceptions:1; employs:1; results:1; intermixed:1; fragments:1; remaining:1; suffered:1; stablish:1
jw-letter-1777-63-to-mary-bishop,john-wesley,63 To Mary Bishop,letter,1,305,0.0295,0,degenerated:3; thirds:2; connecting:1; tossed:1; exhorted:1; recovering:1
jw-letters-1733,john-wesley,Letters 1733,letter,11,3184,0.0295,0,observed:4; pupils:4; says:3; advices:3; Frewin:2; attacked:2; began:2; continues:1; recovering:1; viz:1; satisfies:1; suggested:1; lusts:1; affections:1; putting:1; snares:1; redeemed:1; staying:1; views:1; referred:1
jw-letter-1731-13-to-mrs-pendarves,john-wesley,13 To Mrs Pendarves,letter,3,849,0.0294,0,obligations:1; conversing:1; moments:1; refers:1; Granville's:1; displeases:1; avoided:1; pleases:1; causes:1; affections:1; surprised:1; can't:1; seduced:1; speeches:1; joins:1; asserted:1; maintained:1; purchased:1; phrases:1; Tindal's:1
jw-letter-1739-19-to-james-hutton,john-wesley,19 To James Hutton,letter,4,1326,0.0294,0,began:7; expounding:2; drinketh:2; entries:1; Hanharn:1; exhorted:1; Labbe:1; baptized:1; pitched:1; windows:1; prevented:1; mocked:1; believed:1; hateth:1; deceiveth:1; Weavers':1; bruised:1; assisting:1; Hedges:1; marriages:1
jw-letter-1772-60-to-him-your-every-want,john-wesley,60 To Him Your Every Want,letter,1,34,0.0294,0,ceasing:1
jw-letter-1777-05-to-mrs-woodhouse,john-wesley,05 To Mrs Woodhouse,letter,1,204,0.0294,0,understands:1; neighbors:1; circumstances:1; richer:1; believed:1; stationed:1
jw-letter-1777-11-to-robert-costerdine,john-wesley,11 To Robert Costerdine,letter,1,238,0.0294,0,expects:1; includes:1; volumes:1; variations:1; improvements:1; journeys:1; labors:1
jw-letter-1779-03-to-kitty-warren,john-wesley,03 To Kitty Warren,letter,1,136,0.0294,0,Maund's:1; follies:1; wits':1; workmen:1
jw-letter-1782b-27-to-joseph-taylor,john-wesley,B 27 To Joseph Taylor,letter,1,102,0.0294,0,writes:1; discharged:1; offence:1
jw-letter-1782b-50-to-robert-hall-jun,john-wesley,B 50 To Robert Hall Jun,letter,1,68,0.0294,0,Londoners:1; dined:1
jw-letter-1785a-24-to-the-methodist-conference,john-wesley,A 24 To The Methodist Conference,letter,1,204,0.0294,0,privileges:1; mercies:1; itinerants:1; circumstances:1; stationing:1; disposing:1
jw-letter-1786a-43-to-henry-brooke,john-wesley,A 43 To Henry Brooke,letter,3,849,0.0294,0,increased:2; accusations:2; heart's:1; hundreds:1; attending:1; hearers:1; required:1; hardened:1; began:1; objections:1; urged:1; commended:1; terms:1; steps:1; appointing:1; believed:1; abused:1; circumstances:1; modes:1; helps:1
jw-letter-1788a-27-to-his-nephew-charles-wesley,john-wesley,A 27 To His Nephew Charles Wesley,letter,1,68,0.0294,0,lines:1; pleases:1
jw-letter-1790a-07-to-adam-clarke,john-wesley,A 07 To Adam Clarke,letter,1,238,0.0294,0,persevered:1; owed:1; pounds:1; promised:1; subscribed:1; began:1; guineas:1
jw-letter-1791-27-to-susanna-knapp,john-wesley,27 To Susanna Knapp,letter,1,102,0.0294,0,waxes:1; plans:1; journeys:1
jw-sermon-018,john-wesley,The Marks of the New Birth,sermon,17,4844,0.0293,0,baptized:7; neighbour:5; implied:3; believed:3; addest:3; beareth:3; consolations:3; privileges:2; termed:2; reconciled:2; implies:2; fulfilled:2; purifieth:2; thanked:2; adds:2; remaineth:2; follows:2; committing:2; passeth:2; feeleth:2
jw-sermon-087,john-wesley,The Danger of Riches,sermon,18,5977,0.0293,0,necessaries:8; conveniences:7; coverings:4; endeavours:3; tends:3; endeavouring:3; increased:3; consequences:2; followed:2; preaches:2; includes:2; purposes:2; clearest:2; shows:2; neighbour:2; senses:2; avoiding:2; believed:2; richest:2; largest:2
jw-sermon-119,john-wesley,Sermon 119,sermon,8,2388,0.0293,0,barns:4; required:4; mayest:4; hears:2; says:1; possesseth:1; relates:1; occurred:1; consisted:1; asking:1; fists:1; shades:1; caverns:1; wailing:1; gnashing:1; applauding:1; neighbour's:1; wants:1; necessaries:1; entrusted:1
jw-letter-1731-15-to-mrs-pendarves,john-wesley,15 To Mrs Pendarves,letter,3,1092,0.0293,0,can't:2; deserves:1; transfused:1; remembers:1; blesses:1; approved:1; experiencing:1; noblest:1; purposes:1; thinks:1; constituted:1; objects:1; softer:1; sharpest:1; embodied:1; allowed:1; attempts:1; attaining:1; sullied:1; stains:1
jw-letter-1732-01-to-his-mother,john-wesley,01 To His Mother,letter,4,1125,0.0293,0,receivers:2; affections:2; trans:1; approved:1; truths:1; discerned:1; writings:1; assisted:1; partaking:1; tends:1; languages:1; renounced:1; sleepest:1; attaining:1; surest:1; shortest:1; recurs:1; interceded:1; prevailed:1; bestowed:1
jw-letter-1747-03-to-mr-howell-harris-at-trevecca-near-hay-brecknock,john-wesley,03 To Mr Howell Harris At Trevecca Near Hay Brecknock,letter,13,3827,0.0293,0,beareth:4; testified:4; laymen:4; requires:2; proves:2; absurdities:2; operates:2; testifies:2; happened:2; irregulars:2; irregularities:2; parishioners:2; asked:1; Ridentem:1; dicere:1; verum:1; vetat':1; commutations:1; warned:1; occurs:1
jw-letter-1771-43-to-the-countess-of-huntingdon,john-wesley,43 To The Countess Of Huntingdon,letter,2,682,0.0293,0,lines:6; obtaining:2; began:1; inciting:1; testified:1; wellnigh:1; preaches:1; writings:1; referred:1; contained:1; confirms:1; maintained:1; depends:1; doeth:1
jw-letter-1774-35-to-miss-j-c-march,john-wesley,35 To Miss J C March,letter,1,341,0.0293,0,truths:1; contains:1; tempers:1; sensations:1; renewed:1; circumstances:1; attending:1; mazes:1; enabled:1; talked:1
jw-letter-1782a-05-to-hester-anne-roe,john-wesley,A 05 To Hester Anne Roe,letter,1,205,0.0293,0,mouths:1; says:1; hopes:1; quickened:1; Macdesfield:1; pusseth:1
jw-treatise-brief-thoughts-on-christian-perfection,john-wesley,Treatise Brief Thoughts On Christian Perfection,treatise,1,273,0.0293,0,occurred:1; neighbour:1; tempers:1; expressions:1; quotus:1; arroget:1; annus:1; lines:1
jw-letter-1736-14-to-his-brother-samuel,john-wesley,14 To His Brother Samuel,letter,4,1199,0.0292,0,attained:4; helps:3; hindered:1; writings:1; approved:1; writers:1; Molinos:1; finds:1; enjoined:1; divested:1; deified:1; distractions:1; renounced:1; swallowed:1; virtues:1; superiors:1; ceasing:1; puffs':1; tries:1; definitions:1
jw-letter-1767-38-to-mrs-woodhouse,john-wesley,38 To Mrs Woodhouse,letter,1,171,0.0292,0,attained:1; reasonings:1; disputings:1; ceasing:1; circumstances:1
jw-letter-1776-43-to-mrs-dickinson,john-wesley,43 To Mrs Dickinson,letter,1,171,0.0292,0,se'nnight:1; lines:1; supervisors:1; Pond's:1; concerns:1
jw-letter-1779-35-to-mrs-woodhouse,john-wesley,35 To Mrs Woodhouse,letter,1,171,0.0292,0,oddities:1; Gerv:1; strengthens:1; smiths:1; irons:1
jw-treatise-collection-of-prayers-for-families,john-wesley,Treatise Collection Of Prayers For Families,treatise,29,10563,0.0292,0,mercies:18; benefits:7; minds:5; affections:5; iniquities:5; redeemed:4; cares:4; suffered:4; abusing:4; tion:3; labours:3; opportunities:3; governed:3; kingdoms:3; endeavours:3; doers:3; lips:3; endeavouring:3; hopes:3; sendest:3
jw-letters-1741,john-wesley,Letters 1741,letter,12,4216,0.0292,0,began:7; seemed:4; placed:3; awaked:3; can't:2; laymen:2; regarded:2; expressions:2; purged:1; shows:1; facts:1; premises:1; Hecame:1; miscarried:1; respects:1; errors:1; Marschall:1; inclined:1; refers:1; adorned:1
jw-sermon-008,john-wesley,The First Fruits of the Spirit,sermon,17,4746,0.0291,0,neighbour:4; condemneth:4; condemns:4; wilful:4; infirmities:3; surprised:3; forgiven:2; beareth:2; inferences:2; uses:2; lusts:2; lusteth:2; affections:2; layeth:2; loses:2; remaineth:2; babes:2; failings:2; panteth:2; overtaken:2
jw-letter-1734-01-to-richard-morgan,john-wesley,01 To Richard Morgan,letter,7,1824,0.0291,0,sentiments:2; laughed:2; says:2; steps:2; snares:2; buying:1; necessaries:1; evenings:1; permits:1; believed:1; whores:1; o'clock:1; consists:1; emaciated:1; brasier's:1; denies:1; letter's:1; foresaw:1; libertines:1; ff:1
jw-letter-1762-10-to-matthew-lowes-london-march-11-1762,john-wesley,10 To Matthew Lowes London March 11 1762,letter,1,103,0.0291,0,enclosed:1; relates:1; subscribed:1
jw-letter-1774-60-to-thomas-stedman,john-wesley,60 To Thomas Stedman,letter,1,378,0.0291,0,Orton:1; grandmother's:1; Annesley's:1; youngest:1; balances:1; pretence:1; fulfilled:1; pressed:1; relates:1; demoniacs:1; apparitions:1
jw-letter-1786b-04-to-sarah-mkim,john-wesley,B 04 To Sarah Mkim,letter,1,103,0.0291,0,M'Kim:2; BRISTOI:1
jw-letter-1790a-43-to-henry-moore,john-wesley,A 43 To Henry Moore,letter,1,172,0.0291,0,depended:1; weathercocks:1; abolishing:1; o'clock:1; senses:1
jw-letter-1790b-05-to-mrs-cock,john-wesley,B 05 To Mrs Cock,letter,1,172,0.0291,0,tares:2; enabled:1; sows:1; suffered:1
cw-duke-bloody-issue-1744,charles-wesley,Bloody Issue (1744),hymn,23,1580,0.0291,0,updated:2; dates:2; raged:2; brothers:2; identified:2; claimed:2; edn:2; reigns:2; veins:2; desp'rate:2; labours:2; garment's:2; deigns:2; press'd:2; weigh'd:2; us'd:2; look'd:2; forgiven:2; Issues:2; poison'd:2
cw-021-hymn-to-god-the-sanctifier,charles-wesley,021 Hymn To God The Sanctifier,hymn,1,345,0.029,0,quick'ning:2; atoning:2; forgiven:1; inhabits:1; light's:1; mercies:1; steps:1; toys:1
jw-letter-1738-21-to-his-brother-samuel,john-wesley,21 To His Brother Samuel,letter,4,1171,0.029,0,reigned:2; believed:2; implies:2; fulfilled:2; believes:1; lines:1; transcribed:1; proofs:1; heart's:1; est:1; hactenus:1; feci:1; amounts:1; mihi:1; vivere:1; Heaut:1; bringeth:1; pfa:1; pste:1; producing:1
jw-letter-1760-10-to-john-berridge-editors-introductory-notes-1760,john-wesley,10 To John Berridge Editors Introductory Notes 1760,letter,4,964,0.029,0,obtruded:2; Disce:1; docendus:1; adhuc:1; quae:1; censet:1; amiculus:1; mentioning:1; particulars:1; casts:1; overrules:1; hardest:1; retained:1; hair's:1; doubted:1; observed:1; trusted:1; peritos:1; sua:1; arte:1
jw-letter-1770-36-to-richard-locke,john-wesley,36 To Richard Locke,letter,1,138,0.029,0,observed:1; hearers:1; Highbridge:1; neighbourhood:1
jw-letter-1771-07-to-thomas-wride,john-wesley,07 To Thomas Wride,letter,1,138,0.029,0,ceased:1; inquired:1; interposed:1; hopes:1
jw-letter-1773-29-to-thomas-wride,john-wesley,29 To Thomas Wride,letter,1,69,0.029,0,pounds:1; shillings:1
jw-letter-1779-60-to-mr---,john-wesley,60 To Mr   ,letter,1,69,0.029,0,procured:1; Kingswod:1
jw-letter-1782a-27-to-ann-bolton,john-wesley,A 27 To Ann Bolton,letter,1,207,0.029,0,fines:1; dated:1; sharpeneth:1; Grandison:1; promised:1; Thrupp:1
jw-letter-1789b-23-to-mrs-armstrong,john-wesley,B 23 To Mrs Armstrong,letter,1,207,0.029,0,Moate:2; pleasantest:1; honored:1; opportunities:1; kinds:1
cw-love-divine,charles-wesley,"Love Divine, All Loves Excelling",hymn,5,346,0.0289,0,excelling:2; mercies:2; promised:2; sinning:2; ceasing:2
cw-042-a-prayer-against-the-power-of-sin,charles-wesley,042 A Prayer Against The Power Of Sin,hymn,1,415,0.0289,0,o'erturn:3; wand'ring:1; threating:1; promis'd:1; mercies:1; med'cine:1; troubles:1; know'st:1; o'ercome:1; ties:1
jw-letter-1748-01-to-ebenezer-blackwell,john-wesley,01 To Ebenezer Blackwell,letter,1,277,0.0289,0,Saturday's:1; subscribed:1; doors:1; increases:1; increased:1; enabled:1; faces:1; other's:1
jw-letter-1748-28-to-john-bennet,john-wesley,28 To John Bennet,letter,16,5024,0.0289,0,offence:7; cheaper:5; says:4; herbs:3; wants:3; proposed:3; pounds:2; motives:2; inducing:2; urged:2; hurts:2; impaired:2; families:2; agrees:2; abstaining:2; viz:2; standeth:2; consequences:2; subscriptions:1; Webster's:1
jw-letter-1767-07-to-the-editor-of-lloyds-evening-post,john-wesley,07 To The Editor Of Lloyds Evening Post,letter,2,554,0.0289,0,attained:2; says:2; attacked:1; readers:1; fingers:1; entitled:1; practices:1; minds:1; Rusticulus:1; excused:1; affirms:1; brutum:1; fulmen:1; mercies:1
jw-letter-1772-24-to-john-mason,john-wesley,24 To John Mason,letter,1,173,0.0289,0,writes:1; terms:1; advisers:1; neglected:1; inclined:1
jw-letter-1776-04-to-ann-bolton,john-wesley,04 To Ann Bolton,letter,1,173,0.0289,0,opportunities:2; conceived:1; exercising:1; noblest:1
jw-letter-1789a-52-to-mrs-armstrong,john-wesley,A 52 To Mrs Armstrong,letter,1,173,0.0289,0,straws:1; trifles:1; mentioning:1; Rutledge:1; putting:1
jw-letters-1746,john-wesley,Letters 1746,letter,110,36344,0.0289,0,facts:18; charged:14; required:14; allowed:11; errors:9; ordinances:9; consequences:9; acted:8; implies:8; happened:8; circumstances:8; respects:7; began:7; represented:7; terms:7; rejecting:7; followed:7; degrees:6; relating:6; cited:6
jw-sermon-004,john-wesley,Scriptural Christianity,sermon,22,6764,0.0288,0,tongues:8; believed:7; neighbour:4; ff:4; began:2; men's:2; individuals:2; increased:2; entreated:2; lips:2; calleth:2; glorified:2; testified:2; perils:2; tempers:2; cares:2; triflers:2; occurs:1; Parthians:1; Elamites:1
jw-letter-1756b-22-to-samuel-furly,john-wesley,B 22 To Samuel Furly,letter,1,208,0.0288,0,Delco:1; dehinc:1; omnes:1; animo:1; mulieres:1; they're:1
jw-letter-1772-18-to-samuel-sparrow,john-wesley,18 To Samuel Sparrow,letter,1,104,0.0288,0,contains:1; sentiments:1; reduces:1
jw-letter-1772-27-to-his-brother-charles,john-wesley,27 To His Brother Charles,letter,1,278,0.0288,0,curam:1; animarum:1; implied:1; says:1; Eia:1; rumpe:1; moras:1; 'Errwsqe:1
jw-letter-1777-26-to-hannah-ball,john-wesley,26 To Hannah Ball,letter,1,139,0.0288,0,hindrances:1; implied:1; regulating:1; tempers:1
jw-letter-1785b-41-to-robert-carr-brackenbury,john-wesley,B 41 To Robert Carr Brackenbury,letter,1,104,0.0288,0,lips:1; beasts:1; increases:1
jw-treatise-dialogue-antinomian-and-friend,john-wesley,Treatise Dialogue Antinomian And Friend,treatise,11,4173,0.0288,0,qualities:8; ordinances:6; dispositions:6; consciences:6; neighbour:4; required:3; says:3; blotted:3; viz:3; believed:2; submitting:2; neces:2; sary:2; ance:2; uses:2; ceremonies:2; abolished:2; redeemed:2; practise:2; sinned:2
jw-letters-1735,john-wesley,Letters 1735,letter,14,4069,0.0288,0,says:3; lusts:3; propositions:2; mindedness:2; Tilly's:2; folks:1; supose:1; empowered:1; senses:1; rites:1; constituted:1; dispenses:1; succeeded:1; Lucasian:1; Revived:1; centuries:1; denying:1; trifles:1; believes:1; frees:1
cw-duke-prayers-for-condemned-malefactors-1785,charles-wesley,Prayers for Condemned Malefactors (1785),hymn-collection,5,1633,0.0288,0,redeeming:3; lifts:2; forgiven:2; updated:1; ministering:1; accompanied:1; earliest:1; largest:1; issued:1; seventies:1; Cruickshank:1; wand'ring:1; sorest:1; severest:1; Felons:1; repenting:1; thieves:1; Sinai's:1; thund'rings:1; Conviction's:1
jw-letter-1776-21-to-mary-bishop,john-wesley,21 To Mary Bishop,letter,3,628,0.0287,0,required:2; paved:2; supplied:1; brother's:1; mysteries:1; writers:1; glorified:1; defines:1; holiest:1; sitteth:1; myriads:1; constituted:1; organs:1; encumbered:1; nobler:1; proves:1
jw-letter-1782b-22-to-joseph-taylor,john-wesley,B 22 To Joseph Taylor,letter,1,174,0.0287,0,laborers:1; opportunities:1; dispersing:1; Rogers's:1; steps:1
jw-letters-1737,john-wesley,Letters 1737,letter,18,5161,0.0287,0,labors:4; can't:3; expended:3; assisting:2; favors:2; lowest:2; pleasures:2; distinctions:2; conquered:2; repented:2; views:1; conditions:1; conveniences:1; supplying:1; settlements:1; kinds:1; inconveniences:1; heavier:1; enabled:1; instruments:1
jw-sermon-041,john-wesley,Wandering Thoughts,sermon,12,3875,0.0286,0,occasioned:8; sorts:5; wanders:4; tempers:4; associations:3; ideas:3; organs:3; cases:3; affirmed:2; senses:2; weapons:2; runs:2; consequences:2; minds:2; causes:2; follows:2; continues:2; interruptions:2; maintained:1; arises:1
jw-sermon-120,john-wesley,On the Wedding Garment,sermon,9,2797,0.0286,0,camest:3; gnashing:3; ordinances:3; inferred:2; robes:2; trifles:2; availeth:2; parables:1; guests:1; expositors:1; comments:1; backs:1; imagined:1; occurred:1; annotators:1; Burkitt:1; readers:1; passages:1; texts:1; opportunities:1
cw-033-second-hymn-to-christ,charles-wesley,033 Second Hymn To Christ,hymn,1,210,0.0286,0,world's:1; crucify'd:1; pangs:1; heart's:1; pow'r:1; immerst:1
cw-038-desiring-christ,charles-wesley,038 Desiring Christ,hymn,1,315,0.0286,0,know'st:2; expell:1; edn:1; waken'd:1; footsteps:1; wings:1; tempest's:1; wishes:1
cw-070-to-be-sung-at-meals,charles-wesley,070 To Be Sung At Meals,hymn,1,140,0.0286,0,supplies:1; imparts:1; cravings:1; pines:1
jw-letter-1761-16-to-john-hosmer,john-wesley,16 To John Hosmer,letter,1,385,0.0286,0,objections:3; anticipated:1; implied:1; descendants:1; fulfilling:1; adverted:1; faculties:1; transgressions:1; mistakes:1
jw-letter-1763-08-to-samuel-furly,john-wesley,08 To Samuel Furly,letter,1,280,0.0286,0,particulars:1; repented:1; requires:1; replies:1; started:1; borrowed:1; outshoots:1; loses:1
jw-letter-1772-59-to-mrs-bennis,john-wesley,59 To Mrs Bennis,letter,1,105,0.0286,0,belongs:1; imaginations:1; holiest:1
jw-letter-1773-58-to-john-valton,john-wesley,58 To John Valton,letter,1,140,0.0286,0,pounds:2; requires:1; weekdays:1
jw-letter-1782a-08-to-john-valton,john-wesley,A 08 To John Valton,letter,1,245,0.0286,0,pleases:2; sheets:1; spared:1; holiest:1; suffered:1; restraints:1
jw-letter-1783a-13-to-george-blackall,john-wesley,A 13 To George Blackall,letter,1,140,0.0286,0,Blackall:1; labors:1; purified:1; enabled:1
jw-letter-1788a-09-to-his-brother-charles,john-wesley,A 09 To His Brother Charles,letter,1,35,0.0286,0,charges:1
cw-101-the-communion-of-saints-part-iii-john-1720-etc,charles-wesley,101 The Communion Of Saints Part Iii John 1720 Etc,hymn,3,632,0.0285,0,etc:2; eccho'd:2; changes:2; glories:2; shew'd:2; will'd:2; ador'd:2; see'st:2; declar'd:2
jw-letter-1757-15-to-samuel-walker,john-wesley,15 To Samuel Walker,letter,9,2775,0.0285,0,advantages:4; offence:2; increased:2; preaches:2; Conon:2; visited:2; effected:2; visits:2; communicants:2; lips:2; REVEEREND:1; mentioning:1; interests:1; obliges:1; motives:1; sentiments:1; people's:1; forgiven:1; reconciled:1; intimated:1
jw-letter-1774-11-to-ann-bolton,john-wesley,11 To Ann Bolton,letter,1,281,0.0285,0,promised:1; succeeds:1; encourages:1; wisest:1; kindest:1; examined:1; fever's:1; papers:1
jw-letter-1785b-09-to-his-brother-charles,john-wesley,B 09 To His Brother Charles,letter,3,737,0.0285,0,sacraments:2; mitred:1; proposed:1; doubts:1; seemed:1; exercised:1; remaining:1; ordinances:1; opportunities:1; pressed:1; occurs:1; credentium:1; containing:1; properties:1; wellnigh:1; vanished:1; quoted:1; frighted:1; 'mitred:1; hair's:1
jw-treatise-address-to-the-clergy,john-wesley,Treatise Address To The Clergy,treatise,25,9373,0.0285,0,endowments:6; tempers:5; executing:5; objections:3; hearers:3; supplied:3; endued:3; maxims:3; attained:3; pleaded:3; larger:3; requires:2; devices:2; tongues:2; ideas:2; passages:2; ture:2; excused:2; circumstances:2; combinations:2
jw-letter-1731-08-to-mrs-pendarves,john-wesley,08 To Mrs Pendarves,letter,5,1408,0.0284,0,can't:3; allowed:3; tends:2; sincerest:1; favors:1; intentions:1; obligations:1; footsteps:1; faults:1; returns:1; betraying:1; imperfections:1; deduced:1; Overton's:1; advances:1; sorts:1; hindering:1; promotes:1; attends:1; acquainting:1
jw-letter-1739-15-to-james-hutton,john-wesley,15 To James Hutton,letter,4,1164,0.0284,0,seized:2; observed:2; began:2; wishes:1; pangs:1; redoubled:1; revived:1; owned:1; cheeks:1; lips:1; brows:1; believed:1; steps:1; dropped:1; occurred:1; stretching:1; overtaken:1; roared:1; sweats:1; heavings:1
jw-letter-1740-05-to-the-church-at-herrnhut,john-wesley,05 To The Church At Herrnhut,letter,8,2812,0.0284,0,viz:3; ordinances:3; relating:2; affirmed:2; professions:2; relates:2; reproving:2; vadere:2; vult:2; replied:2; termed:2; sendeth:1; affirms:1; wanderings:1; motions:1; follows:1; duties:1; subjoined:1; required:1; newspapers:1
jw-letter-1745-11-to-his-brother-charles,john-wesley,11 To His Brother Charles,letter,10,3562,0.0284,0,interpreted:4; insisted:4; truths:4; differing:4; objections:3; texts:3; adversaries:3; singularities:3; entitled:2; imposed:2; expressions:2; writings:2; rites:2; instilling:2; charged:2; defeated:1; redoubled:1; townsmen:1; neighbors:1; Dated:1
jw-letter-1767-36-to-mrs-moon,john-wesley,36 To Mrs Moon,letter,1,317,0.0284,0,vouchsafes:1; conflicts:1; faileth:1; laboured:1; tares:1; endeavours:1; blameable:1; neighbourhood:1; conversed:1
jw-letter-1787-50-to-zachariah-yewdull,john-wesley,50 To Zachariah Yewdull,letter,1,141,0.0284,0,terms:1; dovecote:1; fleas:1; pounds:1
jw-catholic-spirit,john-wesley,Catholic Spirit,sermon,14,4806,0.0283,0,worshipping:7; neighbour:3; Jehonadab's:3; baptized:3; latitudinarianism:3; lighted:2; saluted:2; hindrances:2; modes:2; proposed:2; minds:2; believes:2; offence:2; implies:2; differed:2; implied:2; neighbours:2; infirmities:2; faults:2; joins:2
jw-sermon-044,john-wesley,Original Sin,sermon,15,4773,0.0283,0,vices:5; allowed:3; includes:3; beasts:3; inferences:2; imaginations:2; motions:2; continues:2; opens:2; faculties:2; pleasures:2; appetites:2; objects:2; healed:2; pictures:1; writings:1; descriptions:1; researches:1; entrusted:1; abounded:1
jw-sermon-118,john-wesley,Sermon 118,sermon,12,3531,0.0283,0,pleasures:3; darkened:3; says:2; affections:2; recommends:2; ceasing:2; observes:2; circumstances:2; profited:2; causes:2; wretches:2; wings:1; insisting:1; warns:1; endeavours:1; presses:1; excelled:1; equalled:1; considers:1; recited:1
jw-sermon-121,john-wesley,Sermon 121,sermon,11,3255,0.0283,0,vanished:5; shadows:3; ideas:3; awaketh:2; required:2; attempted:2; ends:2; follows:2; sleepest:2; objects:2; weapons:2; considers:1; styles:1; nothing's:1; flights:1; dreamed:1; talked:1; properties:1; occasioned:1; particulars:1
cw-051-at-meals,charles-wesley,051 At Meals,hymn,1,106,0.0283,0,Enjoy'd:1; mouths:1; nobler:1
cw-080-hymn-to-christ-the-prophet,charles-wesley,080 Hymn To Christ The Prophet,hymn,1,707,0.0283,0,bestow'd:1; Prefigur'd:1; shew'd:1; stars:1; imparted:1; lustre:1; borrow'd:1; chearing:1; beams:1; Display'd:1; ador'd:1; reveal'd:1; tribes:1; cam'st:1; Descended:1; anointing:1; minds:1; choicest:1; inroll'd:1; pastures:1
jw-letter-1750-07-to-the-sheffield-society,john-wesley,07 To The Sheffield Society,letter,1,106,0.0283,0,complaints:1; clamour:1; infirmities:1
jw-letter-1763-19-to-duncan-wright,john-wesley,19 To Duncan Wright,letter,1,106,0.0283,0,additions:1; became:1; ensuing:1
jw-letter-1768-20-to-robert-costerdine,john-wesley,20 To Robert Costerdine,letter,1,106,0.0283,0,Shaw's:1; ensuing:1; volumes:1
jw-letter-1785a-17-to-zechariah-yewdell,john-wesley,A 17 To Zechariah Yewdell,letter,1,106,0.0283,0,Yewdell:1; pounds:1; subscribed:1
jw-treatise-a-remarkable-providence,john-wesley,Treatise A Remarkable Providence,treatise,1,318,0.0283,0,Chapoon:1; proposed:1; walked:1; BROTHERs':1; sTEPs:1; day's:1; asked:1; detecting:1; villany:1
jw-sermon-034,john-wesley,"The Original, Nature, Properties, and Use of the Law",sermon,20,5930,0.0282,0,says:6; motions:2; properties:2; uses:2; beings:2; endued:2; darkened:2; showed:2; terms:2; ths:2; fitnesses:2; wills:2; depends:2; atoning:2; fulfilled:2; apprehending:1; passes:1; alludes:1; explications:1; weighs:1
jw-letter-1739-32-to-nathanael-price,john-wesley,32 To Nathanael Price,letter,3,745,0.0282,0,proposed:2; beasts:1; began:1; highways:1; hedges:1; cursing:1; rightings:1; entreated:1; rooms:1; poorer:1; hindered:1; constrains:1; feedeth:1; remembered:1; attends:1; overseers:1; entertained:1; followed:1; Glascot's:1; refers:1
jw-letter-1753-03-to-jonathan-maskew,john-wesley,03 To Jonathan Maskew,letter,1,142,0.0282,0,wanted:2; staying:1; promised:1
jw-letter-1753-14-to-samuel-lloyd,john-wesley,14 To Samuel Lloyd,letter,1,71,0.0282,0,Larwood's:1; crosses:1
jw-letter-1756b-01-to-william-dodd,john-wesley,B 01 To William Dodd,letter,8,2408,0.0282,0,infirmities:2; consequences:2; babes:2; cited:2; committing:2; says:2; viz:2; premises:2; sinning:2; proves:2; refers:2; writers:1; defending:1; employments:1; occurs:1; writings:1; opponents:1; occurred:1; degrees:1; kinds:1
jw-letter-1765-07-to-john-newton,john-wesley,07 To John Newton,letter,2,673,0.0282,0,offence:2; commenced:1; expressions:1; other's:1; hinders:1; disfiguring:1; distorting:1; sentiments:1; phrases:1; breaches:1; favourable:1; enlightning:1; sanctifying:1; reigning:1; says:1; lines:1; Oulney:1; Bucks:1
jw-letter-1775-67-to-james-rouquet,john-wesley,67 To James Rouquet,letter,1,71,0.0282,0,bookseller's:1; merits:1
jw-letter-1784a-14-to-samuel-bardsley,john-wesley,A 14 To Samuel Bardsley,letter,1,142,0.0282,0,conceived:1; Garside:1; persists:1; conversed:1
jw-letters-1738,john-wesley,Letters 1738,letter,51,16370,0.0282,0,monitors:9; reproved:7; papers:5; says:5; walked:5; cases:4; maxims:4; can't:4; asked:3; stirred:3; suffered:3; notices:3; wanted:3; discerned:3; began:3; proposed:3; believed:3; laborers:3; hitteth:2; steps:2
jw-letter-1736-10-to-george-whitefield-and-his-friends-at-oxford,john-wesley,10 To George Whitefield And His Friends At Oxford,letter,2,534,0.0281,0,parishioners:1; settlements:1; mollia:1; ternpora:1; fandi:1; workings:1; degrees:1; doers:1; publishing:1; countrymen:1; fadeth:1; seemeth:1; dispositions:1; adults:1; kingdoms:1
jw-letter-1769-43-to-hannah-ball,john-wesley,43 To Hannah Ball,letter,1,178,0.0281,0,showed:2; observed:1; seemed:1; enabled:1
jw-letter-1780a-07-to-the-printer-of-the-public-advertiser,john-wesley,A 07 To The Printer Of The Public Advertiser,letter,3,995,0.0281,0,heretics:2; dispensing:2; acknowledges:2; entitled:1; pronounces:1; disclaimed:1; tolerated:1; heretics':1; sweeps:1; spider's:1; granting:1; pardons:1; centuries:1; rebellions:1; treasons:1; holds:1; seminaries:1; converts:1; apprehended:1; asked:1
jw-letter-1781a-21-to-hester-ann-roe,john-wesley,A 21 To Hester Ann Roe,letter,1,285,0.0281,0,excludes:2; attained:1; attends:1; writings:1; degrees:1; sinning:1; cleaves:1
jw-letters-1727,john-wesley,Letters 1727,letter,6,1888,0.0281,0,Brutorum:1; Caesare:1; truths:1; centuries:1; allowed:1; argued:1; beasts:1; disputed:1; replied:1; criticized:1; controversies:1; Beeching:1; rewards:1; attaining:1; rewarded:1; registers:1; butit:1; Gunn:1; Octoboer:1; Weeksy:1
jw-letter-1738-18-to-benjamin-ingham,john-wesley,18 To Benjamin Ingham,letter,2,750,0.028,0,adversaries:1; fiercest:1; opposers:1; ingrafted:1; bitterest:1; compelled:1; secrets:1; owned:1; endeavors:1; escaping:1; knees:1; justifieth:1; testified:1; healed:1; shared:1; referred:1; events:1; lovefeast:1; walked:1; convinces:1
jw-letter-1739-11-to-james-hutton,john-wesley,11 To James Hutton,letter,4,1073,0.028,0,began:5; expounding:3; expounded:2; BRETEREN:1; hearers:1; talked:1; recovering:1; bruised:1; transcribed:1; increased:1; faults:1; healed:1; revived:1; Weavers':1; earlier:1; hindered:1; thirsteth:1; pits:1; containing:1; doors:1
jw-letter-1752-07-to-ebenezer-blackwell,john-wesley,07 To Ebenezer Blackwell,letter,2,465,0.028,0,embarked:1; assaulted:1; rioters:1; clearest:1; packed:1; principled:1; copies:1; particulars:1; forwarded:1; flead:1; bruised:1; flayed:1; wishes:1
jw-letter-1774-05-to-mrs-bennis,john-wesley,05 To Mrs Bennis,letter,1,321,0.028,0,degrees:1; wanderings:1; Harper's:1; resembled:1; troubles:1; hindrances:1; doubts:1; dispositions:1; imparting:1
jw-letter-1780a-16-to-robert-carr-brackenbury,john-wesley,A 16 To Robert Carr Brackenbury,letter,1,107,0.028,0,employing:1; purposes:1; journeys:1
jw-letter-1784b-19-to-mrs-johnson,john-wesley,B 19 To Mrs Johnson,letter,1,107,0.028,0,ensued:1; preparing:1; moments:1
jw-letter-1785b-25-to-francis-asbury,john-wesley,B 25 To Francis Asbury,letter,1,250,0.028,0,prospers:1; labors:1; visited:1; impressions:1; awakened:1; supplied:1; increased:1
jw-letter-1788a-41-to-peard-dickinson,john-wesley,A 41 To Peard Dickinson,letter,1,214,0.028,0,volumes:2; steps:1; expected:1; fears:1; shillings:1
jw-letter-1789a-86-to-samuel-bardsley,john-wesley,A 86 To Samuel Bardsley,letter,1,143,0.028,0,seemed:1; expected:1; laborers:1; counsels:1
jw-letter-1789b-46-to-george-baldwin,john-wesley,B 46 To George Baldwin,letter,1,107,0.028,0,yokefellows:1; compelled:1; neglected:1
jw-letter-1775-47-to-damaris-perronet,john-wesley,47 To Damaris Perronet,letter,1,179,0.0279,0,ends:1; doeth:1; dreamed:1; putting:1; vanished:1
jw-letter-1778-52-to-mrs-crosby,john-wesley,52 To Mrs Crosby,letter,1,215,0.0279,0,sitteth:1; floods:1; ghre:1; orospers:1; stirred:1; Robinsons:1
jw-letter-1788b-43-to-the-rev-mr-heath,john-wesley,B 43 To The Rev Mr Heath,letter,1,179,0.0279,0,transmitted:1; charged:1; unhinged:1; discouraged:1; expected:1
jw-letter-1789a-53-to-mrs-freeman,john-wesley,A 53 To Mrs Freeman,letter,1,179,0.0279,0,artfull:1; wishes:1; demonstrates:1; began:1; bawls:1
jw-letters-1755,john-wesley,Letters 1755,letter,28,9203,0.0279,0,says:4; observed:4; laymen:4; awakened:3; pounds:3; can't:3; proposed:3; began:3; objections:3; writings:2; adversaries:2; languages:2; degrees:2; ends:2; entitled:2; ff:2; allowed:2; Howson:2; concessions:2; obliges:2
jw-sermon-031,john-wesley,Upon Our Lord's Sermon on the Mount XI,sermon,11,3600,0.0278,0,leadeth:17; properties:3; fears:3; hinderances:2; deepest:2; hopes:2; arxhsqe:2; workers:2; warned:1; dangers:1; novices:1; presses:1; repeats:1; expressions:1; lips:1; rises:1; broader:1; circumstances:1; tempers:1; leavens:1
jw-letter-1730-01-to-his-mother,john-wesley,01 To His Mother,letter,4,1006,0.0278,0,contained:2; says:2; Remedies:1; believes:1; expects:1; understandings:1; affections:1; differs:1; belongs:1; doesn't:1; contradistinguishes:1; hopes:1; inquires:1; clearest:1; iniquities:1; discovers:1; signifies:1; records:1; effected:1; Cary's:1
jw-letter-1741-04-to-dr-butler-bishop-of-bristol,john-wesley,04 To Dr Butler Bishop Of Bristol,letter,1,72,0.0278,0,baptized:1; requires:1
jw-letter-1751-21-to-john-downes,john-wesley,21 To John Downes,letter,1,324,0.0278,0,Herrington:1; Herrington':1; straitened:1; Atchinson:1; neithr:1; relaxing:1; vegetables:1; roasted:1; dated:1
jw-letter-1751-22-to-ebenezer-blackwell,john-wesley,22 To Ebenezer Blackwell,letter,8,2521,0.0278,0,hearers:5; increases:3; enforcing:2; intermixing:2; enlightens:2; preaches:2; delayed:1; compiled:1; gospdel:1; 'begets:1; 'sustains:1; guides':1; 'convinces:1; begetting:1; devide:1; mixing:1; strongest:1; closest:1; forgiven:1; suffered:1
jw-letter-1753-05-to-ebenezer-blackwell,john-wesley,05 To Ebenezer Blackwell,letter,1,360,0.0278,0,observed:2; encourages:1; offence:1; prevented:1; executing:1; deigns:1; gained:1; laborers:1; says:1
jw-letter-1753-07-to-ebenezer-blackwell,john-wesley,07 To Ebenezer Blackwell,letter,3,792,0.0278,0,temporals:2; acted:2; branches:1; recited:1; outlines:1; began:1; burthen:1; requiring:1; wanted:1; charged:1; palaces:1; producing:1; conveniences:1; follows:1; debts:1; obligations:1; recommended:1; increased:1; encumbrances:1; followed:1
jw-letter-1761-15-to-mrs-booth,john-wesley,15 To Mrs Booth,letter,1,108,0.0278,0,Tizard:2; became:1
jw-letter-1767-06-to-lady-maxwell,john-wesley,06 To Lady Maxwell,letter,1,360,0.0278,0,apprehensions:1; fears:1; suggested:1; infirmities:1; remembers:1; larger:1; fixes:1; shows:1; hears:1; obliges:1
jw-letter-1775-60-to-thomas-rankin,john-wesley,60 To Thomas Rankin,letter,2,431,0.0278,0,newspapers:2; ports:2; owned:1; degrees:1; largest:1; occasioned:1; troubles:1; sharpened:1; copies:1; measures:1
jw-letter-1777-21-to-penelope-newman,john-wesley,21 To Penelope Newman,letter,1,108,0.0278,0,proposed:1; allotted:1; bestowed:1
jw-letter-1777-44-to-alexander-clark,john-wesley,44 To Alexander Clark,letter,1,108,0.0278,0,chooses:1; thinks:1; determines:1
jw-letter-1787-41-to-thomas-wride,john-wesley,41 To Thomas Wride,letter,1,108,0.0278,0,liquors:1; overbalanced:1; endorses:1
jw-letter-1788a-08-to-robert-dull,john-wesley,A 08 To Robert Dull,letter,1,36,0.0278,0,guineas:1
jw-letter-1788b-34-to-john-atlay,john-wesley,B 34 To John Atlay,letter,1,108,0.0278,0,quitting:1; conditions:1; preferring:1
jw-letter-1789b-39-to-richard-rodda,john-wesley,B 39 To Richard Rodda,letter,1,180,0.0278,0,wanted:2; Somemet:1; Byerly:1; exerted:1
jw-letter-1790a-48-to-henry-moore,john-wesley,A 48 To Henry Moore,letter,1,180,0.0278,0,remaining:1; affirms:1; relinquished:1; certifying:1; Queene:1
cw-002-hymn-ii,charles-wesley,002 Hymn Ii,hymn,2,504,0.0278,0,forsook:2; banish'd:2; backslidings:2; increas'd:2; bonds:2; releas'd:2; forgiven:2
cw-gp-02-gloria-patri-ii,charles-wesley,Gp 02 Gloria Patri Ii,hymn,2,216,0.0278,0,t'ward:2; sav'st:2; strives:2
jw-sermon-029,john-wesley,Upon Our Lord's Sermon on the Mount IX,sermon,20,6610,0.0277,0,implies:7; conformed:4; affections:4; minds:3; termed:3; fowls:2; barns:2; feedeth:2; lilies:2; arrayed:2; served:2; children's:2; hates:2; purchased:2; transformed:2; obeying:2; undertakings:2; designs:2; larger:2; shows:2
cw-044-written-in-stress-of-temptation,charles-wesley,044 Written In Stress Of Temptation,hymn,1,614,0.0277,0,bleeds:2; temptation's:1; groans:1; Tophet's:1; hopes:1; Hopes:1; sentenc'd:1; edn:1; miseries:1; relentings:1; meltings:1; returns:1; fears:1; bruised:1; faintest:1; wings:1
jw-treatise-word-in-season-advice-to-englishman,john-wesley,Treatise Word In Season Advice To Englishman,treatise,6,2167,0.0277,0,evils:3; countrymen:2; warned:2; claimed:2; remnant's:2; killed:1; doors:1; seized:1; homest:1; quenched:1; safer:1; siderate:1; iniquities:1; thefts:1; dissimu:1; lating:1; robberies:1; sodomies:1; murders:1; villanies:1
jw-letter-roman-catholic,john-wesley,A Letter to a Roman Catholic,letter,9,2902,0.0276,0,honors:3; monsters:2; tempers:2; pleaseth:2; believes:2; lips:2; obeys:2; dealings:2; tempts:2; finds:2; dwelleth:2; stories:1; consequences:1; inclines:1; barbarities:1; named:1; neighbors:1; countrymen:1; tenderest:1; studying:1
jw-letter-1745-03-to-robert-young,john-wesley,03 To Robert Young,letter,3,1125,0.0276,0,began:2; heretics:2; schismatics:2; walked:2; thinks:2; assaulting:1; begged:1; replied:1; represented:1; introducing:1; practicing:1; viz:1; stirred:1; outlaws:1; particulars:1; advising:1; communications:1; walkers:1; overseers:1; beareth:1
jw-letter-1751-14-to-james-wheatley,john-wesley,14 To James Wheatley,letter,3,1014,0.0276,0,says:3; betrayed:1; proofs:1; named:1; behaved:1; lowest:1; practicing:1; consequences:1; fragments:1; brothers:1; became:1; depends:1; suffered:1; discarded:1; minds:1; pupils:1; walkers:1; triflers:1; ppa:1; busybodies:1
jw-letter-1752-01-to-the-society-at-monyash-derbyshire,john-wesley,01 To The Society At Monyash Derbyshire,letter,1,145,0.0276,0,Monyash:1; sharpest:1; murmurings:1; disputings:1
jw-letter-1756b-05-to-ebenezer-blackwell,john-wesley,B 05 To Ebenezer Blackwell,letter,1,254,0.0276,0,apprehensions:1; seaports:1; preparations:1; dined:1; Moreland's:1; promised:1; remembered:1
jw-letter-1765-05-to-the-printer-of-the-st-jamess-chronicle-london-f,john-wesley,05 To The Printer Of The St Jamess Chronicle London F,letter,2,435,0.0276,0,deserves:1; papers:1; authors:1; examined:1; credentials:1; promised:1; motives:1; languages:1; prevailed:1; buying:1; procured:1; performed:1
jw-letter-1772-61-to-philothea-briggs,john-wesley,61 To Philothea Briggs,letter,2,399,0.0276,0,senses:2; straitened:1; losers:1; sallies:1; observed:1; manifestations:1; asked:1; dictating:1; hinders:1; ceasing:1
jw-letter-1773-05-to-john-fletcher,john-wesley,05 To John Fletcher,letter,2,653,0.0276,0,kingdoms:1; continues:1; increases:1; adversaries:1; mouths:1; foreseen:1; superest:1; Lachesi:1; torqueat:1; pedibus:1; meis:1; dextram:1; subeunte:1; bacillo:1; assisting:1; implies:1; crosses:1; conferring:1
jw-letter-1780a-11-to-lancelot-harrison,john-wesley,A 11 To Lancelot Harrison,letter,1,145,0.0276,0,conversions:1; deaths:1; marriages:1; recommending:1
jw-letter-1786b-25-to-henry-moore,john-wesley,B 25 To Henry Moore,letter,1,181,0.0276,0,Novernber:1; preaches:1; Plunkett:1; hazards:1; lines:1
jw-letter-1788a-02-to-duncan-wright,john-wesley,A 02 To Duncan Wright,letter,1,145,0.0276,0,redounds:1; noblest:1; specimens:1; guineas:1
jw-letter-1788a-24-to-sarah-mallet,john-wesley,A 24 To Sarah Mallet,letter,1,254,0.0276,0,prospers:1; dangers:1; snares:1; cleaves:1; flatterers:1; dejections:1; straitened:1
jw-letter-1788a-42-to-adam-clarke,john-wesley,A 42 To Adam Clarke,letter,1,181,0.0276,0,suffered:1; yards:1; gained:1; Bisson's:1; surprised:1
jw-letter-1789a-05-to-mrs-tighe,john-wesley,A 05 To Mrs Tighe,letter,1,145,0.0276,0,stationed:1; Havant:1; quitting:1; consequences:1
jw-letter-1739-06-to-james-hutton,john-wesley,06 To James Hutton,letter,2,619,0.0275,0,BRISlOL:1; says:1; reached:1; expounding:1; hides:1; hopes:1; attains:1; overtook:1; preparing:1; withdrew:1; 'saveth:1; Calne:1; talked:1; expounded:1; Weavers':1; straitened:1; praised:1
jw-letter-1739-20-to-james-hutton,john-wesley,20 To James Hutton,letter,3,982,0.0275,0,Weavers':2; exhorted:1; sleepest:1; month's:1; Compston's:1; lovefeast:1; breakfasted:1; Champion's:1; concluded:1; Priestdown:1; larger:1; stripes:1; healed:1; Fishponds:1; men's:1; began:1; expounded:1; Haydon's:1; baptized:1; shocked:1
jw-letter-1767-41-to-miss-g-wood,john-wesley,41 To Miss G Wood,letter,1,291,0.0275,0,surprised:1; respects:1; wishes:1; VIN:1; advices:1; trifles:1; freest:1; tends:1
jw-letter-1769-33-to-miss-march,john-wesley,33 To Miss March,letter,2,654,0.0275,0,devices:2; enabled:2; lines:1; servant's:1; steps:1; mercies:1; influences:1; arrived:1; conversing:1; angel's:1; assaults:1; surprised:1; approaches:1; remaineth:1; contains:1; relating:1
jw-letter-1774-17-to-mrs-bennis,john-wesley,17 To Mrs Bennis,letter,1,291,0.0275,0,wants:1; Perfect's:1; preaches:1; finest:1; writers:1; enabled:1; Hawksworth:1; discouraged:1
jw-letter-1775-58-to-his-brother-charles,john-wesley,58 To His Brother Charles,letter,1,255,0.0275,0,dined:2; asked:1; replied:1; dated:1; Wraxall's:1; writes:1
jw-letter-1784b-07-to-elizabeth-ritchie,john-wesley,B 07 To Elizabeth Ritchie,letter,2,400,0.0275,0,uses:2; TRACWN:1; surprised:1; labors:1; finds:1; increased:1; ceases:1; intermits:1; loses:1; talents:1
jw-letter-1790a-05-to-daniel-jackson,john-wesley,A 05 To Daniel Jackson,letter,1,109,0.0275,0,hindered:1; Farrant:1; continues:1
cw-duke-hymn-for-condemned-prisoners-1742,charles-wesley,Hymn for Condemned Prisoners  (1742),hymn,2,436,0.0275,0,accompanied:2; ledgers:2; brothers:2; located:2; placed:2; copies:2
jw-sermon-021,john-wesley,Upon Our Lords Sermon on the Mount I,sermon,24,6435,0.0274,0,disciples:5; begins:5; particulars:4; circumstances:3; renewed:3; forgiven:3; uttered:2; sayings:2; mistakes:2; comments:2; contained:2; branches:2; glosses:2; shows:2; increased:2; atoning:2; implies:2; ends:2; remaineth:2; miseries:2
jw-sermon-140,john-wesley,Sermon 140,sermon,12,3720,0.0274,0,consequences:5; evils:4; needeth:4; instruments:2; prevailed:2; neighbours:2; brother's:2; affections:2; noblest:2; neighbours':1; befals:1; befalls:1; designs:1; suffers:1; concerns:1; reaches:1; excepted:1; doeth:1; reigneth:1; remembers:1
jw-letter-1756b-03-to-richard-tompson,john-wesley,B 03 To Richard Tompson,letter,1,219,0.0274,0,concessions:1; inclined:1; exceptions:1; implies:1; referred:1; concealing:1
jw-letter-1765-26-to-william-orpe,john-wesley,26 To William Orpe,letter,1,146,0.0274,0,wellnigh:1; quenched:1; scourged:1; Dickenson's:1
jw-letter-1785b-49-to-john-mckersey-and-james-byron,john-wesley,B 49 To John Mckersey And James Byron,letter,1,146,0.0274,0,McKersey:1; singers:1; observed:1; Wride's:1
jw-letter-1786a-35-to-thomas-carlill,john-wesley,A 35 To Thomas Carlill,letter,1,73,0.0274,0,pounds:1; prettiest:1
jw-sermon-081,john-wesley,In What Sense Are We to Leave the World,sermon,15,4868,0.0273,0,requires:12; fornicators:5; observed:4; conversing:4; degrees:4; relates:3; characters:3; consequences:3; expected:3; kingdoms:2; steps:2; respects:2; cases:2; adulterers:2; callings:2; forbids:2; vigour:2; escaped:2; cursing:2; swearing:2
jw-letter-1746-01-to-mrs-hutton,john-wesley,01 To Mrs Hutton,letter,1,110,0.0273,0,Pimm:2; reproved:1
jw-letter-1771-31-to-mrs-bennis,john-wesley,31 To Mrs Bennis,letter,1,293,0.0273,0,perplexities:2; disappoints:1; planteth:1; watereth:1; anointing:1; doubts:1; improved:1
jw-letter-1775-36-to-hannah-ball,john-wesley,36 To Hannah Ball,letter,1,110,0.0273,0,apprehended:1; hindered:1; attending:1
jw-letter-1777-22-to-miss-march,john-wesley,22 To Miss March,letter,2,440,0.0273,0,anointing:2; agrees:1; seemed:1; overtaken:1; cases:1; forbids:1; tends:1; implies:1; preserving:1; encompassed:1; mercies:1
jw-letter-1782a-12-to-francis-wolfe,john-wesley,A 12 To Francis Wolfe,letter,1,110,0.0273,0,hearers:1; liquors:1; Belten:1
jw-letters-1740,john-wesley,Letters 1740,letter,14,4243,0.0273,0,replied:3; viz:3; ordinances:3; mixing:2; relating:2; affirmed:2; professions:2; relates:2; reproving:2; vadere:2; vult:2; termed:2; Huton:1; Newman's:1; says:1; ventured:1; pupils:1; consulted:1; plots:1; permitting:1
jw-letter-1731-02-to-mrs-pendarves,john-wesley,02 To Mrs Pendarves,letter,2,772,0.0272,0,can't:2; apprehensions:2; shows:2; expectations:2; fears:1; owning:1; advantages:1; enjoyed:1; endeavoring:1; failings:1; observed:1; replies:1; moment's:1; talked:1; serves:1; neglected:1; regained:1
jw-letter-1757-21-to-mrs-ryan,john-wesley,21 To Mrs Ryan,letter,2,405,0.0272,0,refreshed:1; censured:1; managing:1; assisting:1; quickening:1; directing:1; reproving:1; ceasing:1; diverted:1; hindered:1; cared:1
jw-letter-1773-72-to-mary-bishop,john-wesley,72 To Mary Bishop,letter,1,331,0.0272,0,kingdoms:1; wisest:1; became:1; steps:1; commended:1; receives:1; avails:1; doeth:1; instruments:1
jw-letter-1789a-08-to-walter-churchey,john-wesley,A 08 To Walter Churchey,letter,1,147,0.0272,0,copies:2; subscribers:2
jw-sermon-085,john-wesley,On Working Out Our Own Salvation,sermon,12,3391,0.0271,0,truths:5; implies:4; termed:3; shows:2; qelein:2; energein:2; follows:2; rendered:2; begins:2; branches:2; increases:2; steps:2; nobis:2; traces:1; showed:1; renewing:1; authors:1; discerned:1; improved:1; generations:1
cw-106-hebrews-49-there-remaineth-therefore-a-rest-to-the-people-of-god,charles-wesley,106 Hebrews 49 There Remaineth Therefore A Rest To The People Of God,hymn,1,553,0.0271,0,remaineth:2; edn:2; blasphem'd:1; profan'd:1; havock:1; people's:1; reigns:1; soul's:1; pow'rs:1; rav'nous:1; releas'd:1; know'st:1; delay'd:1
jw-letter-1761-22-to-ebenezer-blackwell,john-wesley,22 To Ebenezer Blackwell,letter,1,295,0.0271,0,se'nnight:2; encompassed:1; hindrances:1; remaining:1; offence:1; compromised:1; cleared:1
jw-letter-1765-09-to-john-newton,john-wesley,09 To John Newton,letter,4,1404,0.0271,0,foundations:4; opposes:2; says:2; plainest:1; dictates:1; contradistinguished:1; dissented:1; particulars':1; embraced:1; expelled:1; withdrew:1; inquiries:1; hair's:1; stares:1; moments:1; longed:1; began:1; unius:1; libri:1; groaned:1
jw-letter-1776-45-to-john-crook,john-wesley,45 To John Crook,letter,1,221,0.0271,0,methods:2; despising:1; opponents:1; appealed:1; belongs:1
jw-letter-1779-62-to-alexander-knox,john-wesley,62 To Alexander Knox,letter,1,295,0.0271,0,convinces:1; observed:1; rises:1; veins:1; careth:1; helps:1; infirmities:1; purifying:1
jw-letter-1756b-08-to-his-wife,john-wesley,B 08 To His Wife,letter,2,630,0.027,0,Birket:2; shinings:1; copies:1; remitted:1; payments:1; pounds:1; subscribers:1; implies:1; Wyat:1; debts:1; fleets:1; sights:1; endearor:1; papers:1; Norton's:1; refers:1
jw-letter-1756b-11-to-robert-marsden,john-wesley,B 11 To Robert Marsden,letter,1,185,0.027,0,undertakes:2; branches:1; wants:1; petitions:1
jw-letter-1777-29-to-mary-bishop,john-wesley,29 To Mary Bishop,letter,1,148,0.027,0,implies:1; month's:1; precautions:1; recovering:1
jw-letter-1781a-31-to-john-atlay,john-wesley,A 31 To John Atlay,letter,1,296,0.027,0,WHITHAVEN:1; placed:1; additions:1; displaced:1; Consciences':1; forgiven:1; says:1; truths:1
jw-letter-1782a-39-to-john-bredin,john-wesley,A 39 To John Bredin,letter,1,185,0.027,0,volumes:2; McKenny:2; Haslett:1
jw-letter-1783a-18-to-john-mason,john-wesley,A 18 To John Mason,letter,1,111,0.027,0,bonds:1; everybody's:1; nobody's:1
jw-letter-1788a-36-to-mrs-charles-wesley,john-wesley,A 36 To Mrs Charles Wesley,letter,1,148,0.027,0,MACCLESFIELDD:1; informing:1; brother's:1; delayed:1
jw-letter-1790b-42-to-mrs-cock,john-wesley,B 42 To Mrs Cock,letter,1,259,0.027,0,counsels:1; talked:1; conversed:1; preparing:1; cares:1; hopes:1; consolations:1
jw-sermon-005,john-wesley,Justification by Faith,sermon,16,5060,0.0269,0,justifieth:7; forgiven:5; terms:4; reconciled:4; believes:4; required:3; became:3; offence:3; iniquities:3; observed:3; suffered:2; implies:2; showeth:2; says:2; doeth:2; merits:2; viz:2; feelest:2; contains:1; condemns:1
jw-sermon-036,john-wesley,The Law Established Through Faith II,sermon,12,3873,0.0269,0,establishing:4; neighbour:4; fulfilling:3; affections:3; wisest:2; iniquities:2; swallowed:2; observes:2; arises:2; purifieth:2; attained:2; colour:1; magnifying:1; destroying:1; supersedes:1; perverting:1; truths:1; abolished:1; nailed:1; allowed:1
jw-sermon-095,john-wesley,Sermon 095,sermon,18,5468,0.0269,0,says:3; gratifies:3; senses:3; governs:3; humour:3; introduced:2; requires:2; minds:2; beasts:2; practise:2; governed:2; squalling:2; praised:2; writers:2; weaned:2; comfits:2; playthings:2; toys:2; buckles:2; ornaments:2
cw-085-after-a-relapse-into-sin,charles-wesley,085 After A Relapse Into Sin,hymn,1,260,0.0269,0,purified:1; chear:1; debt's:1; discharg'd:1; ransom's:1; bleeds:1; pard'ning:1
jw-letter-1746-04-to-mrshutton,john-wesley,04 To Mrshutton,letter,13,4425,0.0269,0,happened:5; faculties:3; mischiefs:3; errors:2; terms:2; doeth:2; commutations:2; objected:2; inspires:2; operates:2; curses:2; countries:2; frequented:2; disciples:2; ends:2; belonged:1; favours:1; acknowledges:1; circumstances:1; endeavoring:1
jw-letter-1768-62-to-dr-brown,john-wesley,62 To Dr Brown,letter,2,558,0.0269,0,converts:2; adorning:1; excepted:1; usages:1; volumes:1; guides:1; instructors:1; Affections:1; Eloisa:1; Abelard:1; quoted:1; blanks:1; enjoyments:1; 'Sauntring:1
jw-letter-1771-54-to-miss-march,john-wesley,54 To Miss March,letter,2,521,0.0269,0,termed:2; designs:1; sections:1; volumes:1; required:1; renewed:1; circumstances:1; enabled:1; unbelievers:1; justifieth:1; sanctifieth:1; supplies:1; wants:1
jw-letter-1775-26-to-mary-bosanquet,john-wesley,26 To Mary Bosanquet,letter,1,223,0.0269,0,wanted:1; asked:1; depends:1; circumstances:1; hiding:1; Knares:1
jw-letter-1775-66-to-his-brother-charles,john-wesley,66 To His Brother Charles,letter,1,372,0.0269,0,Evan's:1; argumentum:1; palmarium:1; grows:1; ipsa:1; reduxit:1; gratiam:1; Southcote:1; se'nnight:1; sinned:1
jw-letter-1782a-36-to-john-atlay,john-wesley,A 36 To John Atlay,letter,1,223,0.0269,0,travelers:1; Broadbent's:1; supplies:1; adds:1; Estimates:1; endorses:1
jw-letter-1789b-49-to-mary-smith,john-wesley,B 49 To Mary Smith,letter,1,186,0.0269,0,enables:1; enjoyed:1; Janey:1; wfil:1; repels:1
jw-letters-1743,john-wesley,Letters 1743,letter,5,1526,0.0269,0,breakers:2; imagined:1; expected:1; Emmy:1; debts:1; circumstances:1; straits:1; profited:1; tempers:1; advantages:1; enjoyed:1; whores:1; murderers:1; excepted:1; discharges:1; pressed:1; occurred:1; yielded:1; sorts:1; swearers:1
jw-letter-1756b-15-to-samuel-walker,john-wesley,B 15 To Samuel Walker,letter,5,1566,0.0268,0,readers:4; followed:3; inspectors:2; became:2; talents:2; proceeded:1; walked:1; regulations:1; labors:1; itinerants:1; foresaw:1; fewer:1; expected:1; behaved:1; becometh:1; steps:1; consequences:1; advices:1; interests:1; observed:1
jw-letter-1778-51-to-hannah-ball,john-wesley,51 To Hannah Ball,letter,1,224,0.0268,0,crosses:2; particulars:1; increases:1; seasons:1; says:1
jw-letter-1785a-03-to-john-johnson,john-wesley,A 03 To John Johnson,letter,1,149,0.0268,0,Gardner:1; wanted:1; enabled:1; healed:1
jw-letter-1789b-40-to-john-mason,john-wesley,B 40 To John Mason,letter,1,112,0.0268,0,increases:1; awakens:1; brother's:1
jw-letter-1790b-32-to-james-macdonald,john-wesley,B 32 To James Macdonald,letter,1,112,0.0268,0,Macdonald:1; neglected:1; deniest:1
jw-treatise-thoughts-on-imputed-righteousness,john-wesley,Treatise Thoughts On Imputed Righteousness,treatise,5,1492,0.0268,0,expressions:3; righte:2; ousness:2; texts:2; says:2; imputing:2; cerning:1; believes:1; quarrels:1; obtained:1; delivering:1; submitted:1; termed:1; implied:1; fection:1; believed:1; justifieth:1; became:1; attained:1; includes:1
jw-letters-1763,john-wesley,Letters 1763,letter,25,8294,0.0268,0,became:4; believed:4; performed:4; surprised:3; seemed:3; requires:3; charges:2; baptized:2; impressions:2; named:2; talked:2; hopes:2; renounced:2; Colston:2; countenanced:2; bereaved:2; says:2; occurred:2; shoulders:2; relates:2
jw-letter-1738-23-to-benjamin-ingram-and-james-hutton,john-wesley,23 To Benjamin Ingram And James Hutton,letter,2,600,0.0267,0,HUTON:1; begins:1; gownsmen:1; establishing:1; insists:1; referred:1; inquirers:1; says:1; writes:1; Hutchtrigs:1; hopes:1; can't:1; burdened:1; debts:1; hazards:1; needed:1
jw-letter-1748-15-to-william-mondet,john-wesley,15 To William Mondet,letter,2,412,0.0267,0,required:2; people's:2; subscribed:1; Binns:1; comparing:1; conceived:1; advertised:1; refused:1; month's:1
jw-letter-1757-06-to-ebezezer-blackwell,john-wesley,06 To Ebezezer Blackwell,letter,1,375,0.0267,0,burthen:3; Ebezezer:1; hopes:1; interchanged:1; concerns:1; shoulders:1; enclosed:1; breakfasted:1
jw-letter-1763-04-to-his-brother-charles,john-wesley,04 To His Brother Charles,letter,2,450,0.0267,0,Colston:2; embarked:1; Biggs's:1; renounced:1; Colston's:1; dated:1; closing:1; preparing:1; eukairws:1; akairws:1; Ranters:1
jw-letter-1763-26-to-christopher-hopper,john-wesley,26 To Christopher Hopper,letter,1,187,0.0267,0,burthen:1; remained:1; payments:1; Cannongate:1; eightpence:1
jw-letter-1771-30-to-mrs-marston,john-wesley,30 To Mrs Marston,letter,1,225,0.0267,0,Conflicts:1; purified:1; longsuffering:1; stationed:1; began:1; ceasing:1
jw-letter-1776-15-to-mrs-woodhouse,john-wesley,15 To Mrs Woodhouse,letter,1,150,0.0267,0,endeavoring:1; pulled:1; threatened:1; Republicans:1
jw-letter-1776-62-to-john-mason,john-wesley,62 To John Mason,letter,1,187,0.0267,0,considers:1; shows:1; offence:1; affects:1; cancelled:1
jw-letter-1778-49-to-mrs-woodhouse,john-wesley,49 To Mrs Woodhouse,letter,1,150,0.0267,0,asked:1; animals:1; hair's:1; other's:1
jw-letter-1781a-02-to-brian-bury-collins,john-wesley,A 02 To Brian Bury Collins,letter,1,300,0.0267,0,visited:1; wanted:1; asking:1; enclosed:1; North's:1; Stormont:1; seemed:1; hopes:1
jw-letter-1782b-40-to-joseph-benson,john-wesley,B 40 To Joseph Benson,letter,4,1123,0.0267,0,revenues:3; patrons:2; suffered:2; annexed:1; lands:1; claimed:1; placed:1; entrusted:1; asking:1; canceled:1; contributions:1; placing:1; displacing:1; insisted:1; procured:1; counselors:1; objected:1; refused:1; urged:1; averring:1
jw-letter-1786b-07-to-josiah-dornford,john-wesley,B 07 To Josiah Dornford,letter,1,75,0.0267,0,talents:1; raiseth:1
jw-letter-1789a-03-to-duncan-mcallum,john-wesley,A 03 To Duncan Mcallum,letter,1,150,0.0267,0,Findlater:1; Earl's:1; estates:1; surprised:1
jw-letter-1789a-44-to-mrs-armstrong,john-wesley,A 44 To Mrs Armstrong,letter,1,150,0.0267,0,endeavoring:1; peacemakers:1; wanted:1; Rutledge:1
jw-letter-1790a-19-to-william-black,john-wesley,A 19 To William Black,letter,1,187,0.0267,0,jealousies:1; hopes:1; generations:1; openings:1; leadings:1
jw-sermon-080,john-wesley,On Friendship with the World,sermon,16,5066,0.0266,0,consequences:4; adulterers:3; adulteresses:3; observed:3; increased:3; desireth:2; conformed:2; required:2; ordinances:2; placed:2; terms:2; requires:2; addressed:2; says:2; draws:2; tends:2; excepted:2; degrees:2; improved:2; arises:1
jw-letter-1775-10-to-miss-march,john-wesley,10 To Miss March,letter,1,188,0.0266,0,heightening:1; burthen:1; attained:1; treads:1; extremes:1
jw-letter-1785a-34-to-alexander-knox,john-wesley,A 34 To Alexander Knox,letter,2,413,0.0266,0,matured:1; malls:1; wisest:1; cooping:1; neglecting:1; ordinances:1; hazards:1; hinders:1; tries:1; methods:1; burthen:1
jw-letter-1788a-31-to-william-black,john-wesley,A 31 To William Black,letter,1,263,0.0266,0,placed:1; opportunities:1; demoniacs:1; weakens:1; excites:1; chooses:1; objections:1
jw-treatise-rules-of-the-band-societies,john-wesley,Treatise Rules Of The Band Societies,treatise,2,714,0.0266,0,faults:4; prescribed:2; rings:2; healed:1; suited:1; proposed:1; asked:1; overcometh:1; buying:1; ornaments:1; necklaces:1; ruffles:1; patterns:1; ordinances:1
jw-sermon-098,john-wesley,On Visiting the Sick,sermon,16,4484,0.0265,0,visited:7; performed:3; wants:3; necessaries:3; conveniences:3; ministering:3; ordinances:2; termed:2; practise:2; neglected:2; implied:2; affections:2; Princesses:2; performing:2; opportunities:2; believed:2; neighbour:2; discouraged:2; neighbour's:2; necessities:2
cw-007-morning-hymn-another-1,charles-wesley,007 Morning Hymn Another 1,hymn,1,151,0.0265,0,chearless:1; day's:1; beams:1; footsteps:1
cw-043-after-a-relapse-into-sin,charles-wesley,043 After A Relapse Into Sin,hymn,1,264,0.0265,0,reserv'd:1; profan'd:1; pretious:1; pangs:1; disarms:1; lingers:1; relentings:1
jw-letter-1740-01-to-james-huton,john-wesley,01 To James Huton,letter,3,641,0.0265,0,Huton:1; Newman's:1; says:1; ventured:1; pupils:1; consulted:1; plots:1; permitting:1; wanted:1; longsuffering:1; talked:1; asking:1; mixing:1; diffusing:1; windings:1; turnings:1; foldings:1
jw-letter-1751-05-to-ebenezer-blackwell,john-wesley,05 To Ebenezer Blackwell,letter,1,226,0.0265,0,reached:1; convinces:1; deserting:1; spells:1; can't:1; asking:1
jw-letter-1771-44-to-thomas-wride,john-wesley,44 To Thomas Wride,letter,1,151,0.0265,0,pounds:1; Littledale:1; wants:1; debts:1
jw-letter-1773-63-to-hannah-ball,john-wesley,63 To Hannah Ball,letter,1,151,0.0265,0,receives:1; admits:1; degrees:1; calleth:1
jw-letter-1774-62-to-mr---------,john-wesley,62 To Mr         ,letter,1,113,0.0265,0,Ingram's:1; writes:1; adversaries:1
jw-letter-1780b-19-to-mrs-colbeck-see-note-vol-iv-161,john-wesley,B 19 To Mrs Colbeck See Note Vol Iv 161,letter,1,113,0.0265,0,couples:1; hindrances:1; rooms:1
jw-letters-1761,john-wesley,Letters 1761,letter,45,14520,0.0265,0,practices:7; congregations:5; suffered:4; says:4; began:4; objections:4; demonstrated:4; characters:4; assisted:4; propagated:3; circumstances:3; differs:3; ingredients:3; writings:3; neighbour:3; founded:3; conveyed:3; anathematized:3; allowed:3; heals:3
jw-letters-1789b,john-wesley,Letters 1789B,letter,32,11110,0.0265,0,hops:23; pounds:9; larger:3; refused:3; wanted:3; stationing:3; surprised:3; ministrations:3; opportunities:2; Mowbray:2; steps:2; enabled:2; quamdiu:2; gesserint:2; subscriptions:2; subscribed:2; promised:2; referred:2; subscribers:2; increased:2
jw-letter-1737-02-to-john-hutchings,john-wesley,02 To John Hutchings,letter,2,454,0.0264,0,views:1; conditions:1; conveniences:1; assisting:1; supplying:1; settlements:1; labors:1; kinds:1; inconveniences:1; heavier:1; enabled:1; instruments:1
jw-letter-1758-01-to-micaiah-towgood,john-wesley,01 To Micaiah Towgood,letter,6,2042,0.0264,0,claimed:4; terms:4; yielded:3; obeying:3; enjoined:3; proposed:2; rites:2; ceremonies:2; affirmed:2; requires:2; relating:2; White's:1; renounced:1; contains:1; objections:1; protesting:1; decreeing:1; appointing:1; circumstantials:1; Allowed:1
jw-letter-1771-53-to-his-brother-charles,john-wesley,53 To His Brother Charles,letter,1,303,0.0264,0,merere:1; meritum:1; asking:1; relating:1; expended:1; opposers:1; agrees:1; sentiments:1
jw-letter-1775-04-to-elizabeth-ritchie,john-wesley,04 To Elizabeth Ritchie,letter,1,227,0.0264,0,dwelleth:2; writers:1; dispensations:1; placed:1; authors:1
jw-treatise-word-to-a-swearer,john-wesley,Treatise Word To A Swearer,treatise,3,795,0.0264,0,filleth:1; wings:1; observes:1; compasseth:1; counteth:1; steps:1; cquainted:1; readest:1; hearest:1; lightnings:1; arrows:1; hinders:1; lips:1; spakest:1; burnings:1; shouldest:1; sinned:1; tempers:1; mightest:1; believes:1
jw-treatise-some-account-of-dr-dodd,john-wesley,Treatise Some Account Of Dr Dodd,treatise,3,1059,0.0264,0,seemed:5; began:2; represented:1; imprisoned:1; wanted:1; behaved:1; gained:1; wretches:1; turnkeys:1; replied:1; conversed:1; circumstances:1; posed:1; asked:1; referred:1; surprised:1; felons:1; catched:1; commended:1; observed:1
jw-sermon-063,john-wesley,The General Spread of the Gospel,sermon,17,4868,0.0263,0,countries:5; truths:3; lands:3; remaining:2; degrees:2; walked:2; affections:2; assisted:2; cases:2; nobis:2; branches:2; tempers:2; followed:2; concluded:2; covers:1; remembered:1; basest:1; beasts:1; corrupters:1; pretence:1
jw-letter-1763-11-to-mrs,john-wesley,11 To Mrs,letter,1,38,0.0263,0,prospers:1
jw-letter-1770-53-to-ann-bolton,john-wesley,53 To Ann Bolton,letter,1,190,0.0263,0,assaulted:1; interviews:1; favoured:1; Cooper's:1; nursed:1
jw-letter-1784a-05-to-walter-sellon,john-wesley,A 05 To Walter Sellon,letter,1,152,0.0263,0,infirmities:2; affirms:1; outlived:1
jw-letter-1787-18-to-jonathan-crowther,john-wesley,18 To Jonathan Crowther,letter,1,152,0.0263,0,prospers:1; labors:1; blackberries:1; guineas:1
jw-letter-1787-46-to-mary-cooke,john-wesley,46 To Mary Cooke,letter,1,152,0.0263,0,manifestations:1; consolations:1; preceded:1; countries:1
jw-letter-1791-05-to-thomas-taylor,john-wesley,05 To Thomas Taylor,letter,1,152,0.0263,0,workings:1; bloweth:1; listeth:1; hearest:1
cw-001-hymn-i,charles-wesley,001 Hymn I,hymn,2,1218,0.0263,0,labour'd:2; Shipwreck'd:2; offence:2; knees:2; strivings:2; harbour'd:2; relentings:2; check'd:2; returns:2; mourns:2; viler:2; worlds:2; benefits:2; apostates:2; subdu'd:2; gain'd:2
cw-gp-09-gloria-patri-ix,charles-wesley,Gp 09 Gloria Patri Ix,hymn,2,380,0.0263,0,whispers:2; wings:2; strives:2; began:2; attracting:2
jw-letters-1756a,john-wesley,Letters 1756A,letter,66,22009,0.0263,0,properties:18; workings:8; says:7; elements:7; terms:6; began:6; punishments:6; pleaseth:5; baptized:5; tends:5; writings:4; asserted:4; expressions:4; shows:4; consequences:4; figures:4; sinned:4; qualities:4; degrees:4; assertions:4
jw-letter-1733-03-to-his-mother,john-wesley,03 To His Mother,letter,3,801,0.0262,0,advices:2; pupils:2; offence:1; elected:1; visited:1; Puthey:1; attacked:1; expectations:1; began:1; throats:1; hates:1; tries:1; observances:1; entrusted:1; recommended:1; proposed:1; cases:1; longsuffering:1; falsehoods:1
jw-letter-1777-01-to-joseph-benson,john-wesley,01 To Joseph Benson,letter,1,229,0.0262,0,tickets:1; writes:1; particulars:1; enabled:1; threatened:1; increases:1
jw-letters-1760,john-wesley,Letters 1760,letter,45,15207,0.0262,0,cleared:5; humour:4; hurts:4; became:3; circumstances:3; particulars:3; began:3; killed:3; hearers:3; merits:3; says:3; refuted:3; charged:3; shows:2; retained:2; steps:2; promised:2; lines:2; surprised:2; obtruded:2
jw-letters-1774,john-wesley,Letters 1774,letter,62,21711,0.0262,0,pounds:9; enabled:7; seemed:6; circumstances:6; suffered:5; believed:5; discouraged:4; degrees:4; expected:4; observed:4; staying:4; terms:4; talents:3; pretence:3; papers:3; occurred:3; conversing:3; lines:3; truths:3; observes:3
cw-depth-of-mercy,charles-wesley,Depth of Mercy,hymn,6,230,0.0261,0,provoked:2; profaned:2; shows:2
jw-letter-1755-16-to-ebenezer-blackwell,john-wesley,16 To Ebenezer Blackwell,letter,2,383,0.0261,0,hindered:1; vakt:1; belongs:1; pacquet:1; contained:1; lines:1; Knill:1; began:1; particulars:1; affections:1
jw-letter-1756a-13-to-ebenezer-blackwell,john-wesley,A 13 To Ebenezer Blackwell,letter,1,306,0.0261,0,hazards:1; freemen:1; promised:1; managing:1; elections:1; embittering:1; fires:1; quenched:1
jw-letter-1771-69-to-hannah-ball,john-wesley,69 To Hannah Ball,letter,1,153,0.0261,0,receives:1; admits:1; degrees:1; calleth:1
jw-letter-1773-36-to-his-brother-charles-londonderry-may-30-1773,john-wesley,36 To His Brother Charles Londonderry May 30 1773,letter,1,230,0.0261,0,foresaw:1; objections:1; brother's:1; mobs:1; vivimus:1; vivamus:1
jw-letter-1778-41-to-william-church,john-wesley,41 To William Church,letter,1,115,0.0261,0,tickets:1; wears:1; ruffles:1
jw-letter-1781a-39-to-william-tunney,john-wesley,A 39 To William Tunney,letter,1,115,0.0261,0,objected:1; interfered:1; shoulders:1
jw-letter-1788b-63-to-henry-moore,john-wesley,B 63 To Henry Moore,letter,1,115,0.0261,0,imposed:1; behaved:1; pounds:1
jw-letter-1789a-60-to-the-printer-of-the-dublin-chronicle,john-wesley,A 60 To The Printer Of The Dublin Chronicle,letter,4,1417,0.0261,0,began:4; observed:2; senses:2; consequences:2; happens:1; contradicts:1; pupils:1; magistrate's:1; evenings:1; esteemed:1; conversing:1; Secker:1; steps:1; referred:1; proposed:1; officiating:1; frighted:1; wellnigh:1; occasioned:1; leaped:1
jw-letters-1757,john-wesley,Letters 1757,letter,35,11789,0.0261,0,believes:6; advantages:5; burthen:4; required:4; became:3; finds:3; offence:3; visited:3; effected:3; lips:3; seasons:2; writings:2; respects:2; Dorthy:2; influenced:2; suffered:2; conversing:2; sentiments:2; increased:2; preaches:2
cw-015-waiting-for-christ,charles-wesley,015 Waiting For Christ,hymn,1,308,0.026,0,requires:1; constrains:1; causest:1; expunged:1; edn:1; objected:1; replied:1; wheels:1
jw-letter-1737-17-to-mrs-williamson,john-wesley,17 To Mrs Williamson,letter,1,154,0.026,0,repented:2; neighbors:1; mysteries:1
jw-letter-1756a-12-to-james-west,john-wesley,A 12 To James West,letter,1,192,0.026,0,rafting:1; apprehended:1; contributions:1; needed:1; sergeants:1
jw-letter-1776-64-to-joseph-benson,john-wesley,64 To Joseph Benson,letter,1,154,0.026,0,gathereth:1; scattereth:1; hurts:1; burthen:1
jw-letter-1778-38-to-his-wife,john-wesley,38 To His Wife,letter,1,192,0.026,0,faults:3; intimates:1; concludes:1
jw-letter-1784a-10-to-mrs-parker,john-wesley,A 10 To Mrs Parker,letter,2,500,0.026,0,discarding:2; promised:2; rejecteth:2; owned:1; faces:1; walked:1; relating:1; Periods:1; seemeth:1; maintaining:1
jw-letter-1785b-14-to-thomas-wride,john-wesley,B 14 To Thomas Wride,letter,1,77,0.026,0,redeeming:1; Wilde:1
jw-letter-1785b-48-to-mary-cooke,john-wesley,B 48 To Mary Cooke,letter,2,423,0.026,0,reasonings:2; affections:1; workings:1; wanderings:1; promised:1; mazes:1; uses:1; attends:1; holier:1; wishes:1
jw-letter-1789b-53-to-hannah-ball,john-wesley,B 53 To Hannah Ball,letter,1,192,0.026,0,enabled:1; kinds:1; honored:1; honors:1; conformed:1
cw-010-to-the-same-revd-mr-whitefield-before-his-voyage,charles-wesley,010 To The Same Revd Mr Whitefield Before His Voyage,hymn,1,347,0.0259,0,may'st:1; danger's:1; Detained:1; edn:1; loins:1; repel'd:1; ling'ring:1; racks:1; fires:1
cw-002-a-prayer-for-the-light-of-life,charles-wesley,002 A Prayer For The Light Of Life,hymn,1,116,0.0259,0,diseas'd:1; quickning:1; plac'd:1
jw-letter-1745-08-to-the-author-of-the-craftsman,john-wesley,08 To The Author Of The Craftsman,letter,3,734,0.0259,0,founded:2; exercising:2; regenerated:1; pressed:1; assertions:1; represents:1; beasts:1; wolves:1; wheels:1; crimes:1; virtues:1; contained:1; producing:1; writings:1; deepest:1; pardoned:1; merits:1
jw-letter-1759-05-to-dorothy-furly-norwich-march-6-1759,john-wesley,05 To Dorothy Furly Norwich March 6 1759,letter,1,193,0.0259,0,healed:1; designs:1; weaned:1; circumstances:1; subdues:1
jw-letter-1764-01-to-samuel-furly-london-january-14-1764,john-wesley,01 To Samuel Furly London January 14 1764,letter,1,116,0.0259,0,widening:1; implied:1; men's:1
jw-letter-1767-26-to-peggy-dale,john-wesley,26 To Peggy Dale,letter,1,193,0.0259,0,increased:2; pays:1; kinds:1; closing:1
jw-letter-1772-13-to-hannah-ball,john-wesley,13 To Hannah Ball,letter,1,116,0.0259,0,labours:1; se'nnight:1; dissensions:1
jw-letter-1786b-10-to-samuel-bradburn,john-wesley,B 10 To Samuel Bradburn,letter,1,116,0.0259,0,allowed:1; abetted:1; malcontents:1
jw-treatise-answer-to-a-report,john-wesley,Treatise Answer To A Report,treatise,1,309,0.0259,0,professing:1; reported:1; inquired:1; indiffer:1; ent:1; falsehoods:1; Attorneys:1; umbodied:1
cw-014-hebrews-122,charles-wesley,014 Hebrews 122,hymn,1,194,0.0258,0,edn:4; creates:1
jw-letter-1756a-01-to-william-law,john-wesley,A 01 To William Law,letter,55,18049,0.0258,0,properties:17; workings:8; elements:7; terms:6; says:6; punishments:6; pleaseth:5; tends:5; writings:4; asserted:4; figures:4; sinned:4; qualities:4; assertions:4; inflicted:4; beings:3; expressions:3; became:3; shows:3; consequences:3
jw-letter-1762-08-to-christopher-hopper-london-march-i-1762,john-wesley,08 To Christopher Hopper London March I 1762,letter,1,155,0.0258,0,commotions:1; minds:1; hindering:1; guineas:1
jw-letter-1773-59-to-philothea-briggs,john-wesley,59 To Philothea Briggs,letter,1,233,0.0258,0,enabled:1; ceasing:1; remaining:1; softened:1; Cadogan:1; se'nnight:1
jw-letter-1743-01-to-mrs-harper-emilia-wesley,john-wesley,01 To Mrs Harper Emilia Wesley,letter,2,505,0.0257,0,imagined:1; expected:1; Emmy:1; debts:1; circumstances:1; straits:1; profited:1; tempers:1; advantages:1; enjoyed:1; whores:1; murderers:1; excepted:1
jw-letter-1786b-17-to-freeborn-garrettson,john-wesley,B 17 To Freeborn Garrettson,letter,1,272,0.0257,0,refreshed:1; other's:1; supplying:1; Wanted:1; disciples:1; laborers:1; world's:1
cw-020-after-preaching,charles-wesley,020 After Preaching,hymn,1,117,0.0256,0,publishest:1; imparts:1; wish'd:1
cw-074-after-a-journey,charles-wesley,074 After A Journey,hymn,1,117,0.0256,0,callest:1; whispers:1; preserving:1
jw-letter-1761-20-to-alexander-coates,john-wesley,20 To Alexander Coates,letter,2,702,0.0256,0,heals:2; contradicted:2; Relly's:1; exalts:1; tempers:1; says:1; belongs:1; authors:1; writings:1; exclamations:1; attained:1; burthen:1; atoning:1; glories:1; rights:1; privileges:1
jw-letter-1763-02-to-the-editor-of-the-london-chronicle,john-wesley,02 To The Editor Of The London Chronicle,letter,1,273,0.0256,0,applauded:1; affirmed:1; fullest:1; talked:1; hopes:1; occasioned:1; steps:1
jw-letter-1764-25-to-ebenezer-blackwell-liverpool-july-14-1764,john-wesley,25 To Ebenezer Blackwell Liverpool July 14 1764,letter,1,313,0.0256,0,informs:1; expected:1; apprehensions:1; nobler:1; avails:1; passes:1; eternity's:1; wants:1
jw-letter-1769-52-to-mary-bishop,john-wesley,52 To Mary Bishop,letter,1,352,0.0256,0,piques:1; audiences:1; doeth:1; exceptions:1; pleases:1; anointing:1; says:1; mistresses:1; occurred:1
jw-letter-1770-28-to-george-merryweather,john-wesley,28 To George Merryweather,letter,1,117,0.0256,0,stationing:1; ensuing:1; says:1
jw-letter-1774-38-to-miss-lewin,john-wesley,38 To Miss Lewin,letter,1,156,0.0256,0,Lewin:1; attained:1; detained:1; Justiciaries:1
jw-letter-1775-13-to-thomas-rankin,john-wesley,13 To Thomas Rankin,letter,2,546,0.0256,0,counsels:1; improved:1; incited:1; lengthening:1; makers:1; solicitations:1; another's:1; steps:1; delayed:1; blesses:1; excused:1; troubles:1; Faults:1; Bowden:1
jw-letter-1779-12-to-hester-ann-roe,john-wesley,12 To Hester Ann Roe,letter,1,312,0.0256,0,REIGNETH:1; disposes:1; hindrances:1; oftener:1; opportunities:1; repents:1; discussed:1; visited:1
jw-letter-1781a-05-to-edwal-jackson-in-barnard-castle,john-wesley,A 05 To Edwal Jackson In Barnard Castle,letter,1,313,0.0256,0,Edwal:1; criticized:1; misrepresentations:1; facts:1; circumstances:1; abhors:1; referred:1; attacked:1
jw-letter-1781a-06-to-samuel-bardsley,john-wesley,A 06 To Samuel Bardsley,letter,1,156,0.0256,0,Birks:2; Woodcroft:1; devices:1
jw-letter-1782a-44-to-john-atlay,john-wesley,A 44 To John Atlay,letter,1,117,0.0256,0,pounds:2; marvellous:1
jw-letter-1788a-40-to-his-niece-sarah-wesley,john-wesley,A 40 To His Niece Sarah Wesley,letter,1,117,0.0256,0,prolonged:1; pleasures:1; disembodied:1
cw-014-the-means-of-grace,charles-wesley,014 The Means Of Grace,hymn,1,588,0.0255,0,Grav'n:1; softest:1; groans:1; seem'd:1; pray'd:1; preach'd:1; pow'r:1; requires:1; rested:1; heighth:1; ador'd:1; bid'st:1; receives:1; vigour:1; efforts:1
jw-letter-1739-18-to-james-hutton,john-wesley,18 To James Hutton,letter,3,824,0.0255,0,overtook:2; preparing:1; exhorted:1; expounding:1; Dibble's:1; workmen:1; pounds:1; recommending:1; agonies:1; began:1; Labbe:1; objections:1; astonished:1; Weavers':1; concluded:1; awakened:1; finest:1; gayest:1; pangs:1; Hobburn:1
jw-letter-1772-31-to-his-brother-charles,john-wesley,31 To His Brother Charles,letter,1,314,0.0255,0,Wildman:1; totus:1; illo:1; Totus:1; illis:1; occupied:1; papers:1; occurs:1
jw-letter-1774-22-to-hannah-ball,john-wesley,22 To Hannah Ball,letter,1,157,0.0255,0,pleases:1; survivors:1; opportunities:1; conversing:1
jw-letter-1778-05-to-ann-bolton,john-wesley,05 To Ann Bolton,letter,1,275,0.0255,0,prospered:2; detained:1; Withey:1; orphans:1; Woffe:1; strikes:1
jw-letter-1781b-26-to-john-bredin,john-wesley,B 26 To John Bredin,letter,1,157,0.0255,0,advantages:1; attending:1; nurseries:1; electrified:1
jw-letter-1782b-20-to-ellen-gretton,john-wesley,B 20 To Ellen Gretton,letter,1,157,0.0255,0,pleases:1; cured:1; constitutions:1; lemons:1
jw-letter-1783a-32-to-his-brother-charles,john-wesley,A 32 To His Brother Charles,letter,1,235,0.0255,0,accompanied:1; hopes:1; loses:1; owns:1; concluded:1; loyalists:1
jw-letter-1785a-09-to-robert-carr-brackenbury,john-wesley,A 09 To Robert Carr Brackenbury,letter,1,275,0.0255,0,labors:2; Languedoc:1; Normandy:1; opportunities:1; paths:1; prays:1
jw-treatise-letter-on-preaching-christ,john-wesley,Treatise Letter On Preaching Christ,treatise,8,2704,0.0255,0,hearers:6; increases:3; enforcing:2; sustains:2; vigour:2; intermixing:2; necessities:2; enlightens:2; unbelievers:2; sweetmeats:2; Cordials:2; delayed:1; begets:1; guides:1; convinces:1; begetting:1; mixing:1; strongest:1; closest:1; forgiven:1
jw-letter-1751-20-to-his-brother-charles,john-wesley,20 To His Brother Charles,letter,1,276,0.0254,0,pounds:1; guaranteed:1; folks:1; lepers:1; Brewers:1; wondered:1; expected:1
jw-letter-1755-19-to-samuel-walker,john-wesley,19 To Samuel Walker,letter,4,1141,0.0254,0,sentiments:2; hopes:1; papers:1; publishing:1; observed:1; insisted:1; debated:1; proceeded:1; compositions:1; required:1; Decretals:1; objections:1; ipso:1; facto:1; denounced:1; executing:1; tolerated:1; ministrations:1; premises:1; increased:1
jw-letter-1759-15-to-dr-taylor-of-norwich-editors-introductory-notes,john-wesley,15 To Dr Taylor Of Norwich Editors Introductory Notes,letter,2,433,0.0254,0,believed:2; sentiments:1; asked:1; leonem:1; amounts:1; rectifying:1; truths:1; imaginations:1; other's:1; converts:1
jw-letter-1780a-13-to-thomas-taylor,john-wesley,A 13 To Thomas Taylor,letter,2,512,0.0254,0,conditions:2; awakened:1; violates:1; ipso:1; facto:1; thinks:1; disjoined:1; exercised:1; joins:1; intentions:1; acted:1; representing:1
jw-letter-1784a-20-to-arthur-keene,john-wesley,A 20 To Arthur Keene,letter,1,276,0.0254,0,penned:1; stirred:1; hopes:1; visited:1; Cuffe:1; Rachael:1; recommended:1
jw-letter-1788a-38-to-peard-dickinson,john-wesley,A 38 To Peard Dickinson,letter,1,276,0.0254,0,Bradburn's:1; deposited:1; contains:1; brother's:1; advantages:1; reaped:1; sakes:1
jw-letter-1790a-45-to-his-niece-sarah-wesley,john-wesley,A 45 To His Niece Sarah Wesley,letter,2,433,0.0254,0,pleasantest:1; spots:1; reached:1; increases:1; homes:1; attends:1; writes:1; lines:1; awaits:1; cornfort:1; affecy:1
cw-038-hymn-to-the-holy-ghost-part-ii-second,charles-wesley,038 Hymn To The Holy Ghost Part Ii Second,hymn,1,237,0.0253,0,quick'ning:2; deepest:1; forgiv'n:1; larger:1; pow'rs:1
jw-letter-1756b-06-to-his-wife,john-wesley,B 06 To His Wife,letter,2,435,0.0253,0,WAERFORD:1; shattered:1; newspapers:1; recovers:1; lengthening:1; kindest:1; notices:1; mouths:1; dreamed:1; issues:1; printers:1
jw-letter-1767-37-to-james-oddie,john-wesley,37 To James Oddie,letter,1,198,0.0253,0,Hewitson:1; Lipton:1; Joblin:1; poorer:1; dropped:1
jw-letter-1775-53-to-samuel-bradburn,john-wesley,53 To Samuel Bradburn,letter,1,79,0.0253,0,replied:1; quoted:1
jw-letter-1775-80-to-caleb-evans,john-wesley,80 To Caleb Evans,letter,1,356,0.0253,0,observed:2; 'doubted:1; measures:1; recommended:1; borrowed:1; merits:1; asserted:1; believed:1
jw-letter-1791-13-to-william-torrie,john-wesley,13 To William Torrie,letter,1,79,0.0253,0,Torrie:1; TORRIE:1
jw-letters-1780b,john-wesley,Letters 1780B,letter,19,6400,0.0253,0,says:5; autospace:4; heretics:3; asserts:3; observed:2; disclaimed:2; vows:2; contains:2; arraigned:2; minds:2; urged:2; regicides:2; forma:2; professionis:2; fidei:2; MsoNormal:2; wants:2; rooms:2; fears:2; conditions:2
cw-069-1-john-23,charles-wesley,069 1 John 23,hymn,1,119,0.0252,0,forgiven:1; sinn'd:1; pardon's:1
jw-letter-1739-04-to-james-hervey,john-wesley,04 To James Hervey,letter,4,1112,0.0252,0,another's:2; parishes:2; disclaimed:1; terms:1; urged:1; confronted:1; standeth:1; acted:1; visited:1; pupils:1; viz:1; interfered:1; people's:1; intermeddled:1; expounded':1; men's:1; forbids:1; attends:1; fulfilling:1; concurs:1
jw-letter-1764-17-to-his-brother-charles-haddington-may-25-1764,john-wesley,17 To His Brother Charles Haddington May 25 1764,letter,1,238,0.0252,0,professo:1; gladiatorio:1; animo:1; stories:1; foresaw:1; attained:1
jw-letter-1774-63-to-thomas-wride,john-wesley,63 To Thomas Wride,letter,1,119,0.0252,0,alleged:1; degrees:1; disclaimed:1
jw-letter-1785b-53-to-mrs-bradburn,john-wesley,B 53 To Mrs Bradburn,letter,1,119,0.0252,0,lines:1; melts:1; overcoming:1
jw-letter-1787-30-to-david-gordon,john-wesley,30 To David Gordon,letter,1,119,0.0252,0,expected:1; stationed:1; disabling:1
jw-letter-1788b-10-to-john-crook,john-wesley,B 10 To John Crook,letter,1,119,0.0252,0,pounds:1; allowed:1; prolonged:1
jw-letter-1790a-13-to-adam-clarke,john-wesley,A 13 To Adam Clarke,letter,1,119,0.0252,0,o'clock:1; Durbin's:1; shocks:1
jw-letters-1765,john-wesley,Letters 1765,letter,37,12280,0.0252,0,planets:9; says:6; larger:5; worlds:5; suns:4; seconds:4; began:4; foundations:4; stars:3; wisest:3; fears:3; degrees:3; astronomers:2; depends:2; Keil:2; seas:2; parallaxes:2; ignotum:2; particulars:2; facts:2
jw-letter-1737-06-to-william-wogan,john-wesley,06 To William Wogan,letter,2,558,0.0251,0,cheerfullest:1; etapea:1; hearers:1; ptte:1; steeped:1; impregnated:1; laughed:1; expresses:1; clears:1; conversing:1; mihi:1; erunt:1; artes:1; accompanying:1
jw-letter-1744-06-to-mrs-hutton,john-wesley,06 To Mrs Hutton,letter,2,518,0.0251,0,favors:1; allowed:1; facts:1; differed:1; observed:1; worshipper:1; brother's:1; hundreds:1; served:1; poorest:1; Huttons:1; Teachings:1; teachings:1
jw-letter-1779-05-to-elizabeth-morgan,john-wesley,05 To Elizabeth Morgan,letter,1,279,0.0251,0,fears:2; redeeming:1; dispelled:1; talents:1; entrusted:1; says:1
jw-letter-1781b-44-to-thomas-davenport,john-wesley,B 44 To Thomas Davenport,letter,1,199,0.0251,0,justifieth:2; subscribed:1; lancing:1; meets:1
jw-sermon-032,john-wesley,Upon Our Lord's Sermon on the Mount XII,sermon,13,4040,0.025,0,bringeth:10; sheep's:5; wolves:4; grapes:4; figs:4; thistles:4; watchmen:2; commissioned:2; escaped:2; truths:2; passages:2; neighbour:2; terms:2; tempers:2; hearers:2; disciples:2; peoples:1; regions:1; drowns:1; generations:1
jw-sermon-048,john-wesley,Self-Denial,sermon,16,4833,0.025,0,denying:6; circumstances:4; practise:4; particulars:4; disciples:3; drinks:2; terms:2; understandings:2; wanted:2; follows:2; hears:2; begins:2; writers:2; Practise:2; imagined:1; directing:1; enjoined:1; regards:1; meats:1; senses:1
jw-letter-1750-02-to-dr-lavington-bishop-of-exeter,john-wesley,02 To Dr Lavington Bishop Of Exeter,letter,17,5514,0.025,0,quotations:4; writings:4; sentences:4; says:4; lines:4; renewed:3; producing:2; suffered:2; cited:2; 'putting:2; pretence:2; hardships:2; runs:2; appearances:2; believed:2; pamphlets:1; undertaken:1; fanaticisms:1; writers:1; burthen:1
jw-letter-1759-13-to-clayton-carthy-editors-introductory-notes-1759,john-wesley,13 To Clayton Carthy Editors Introductory Notes 1759,letter,1,200,0.025,0,transcribing:1; papers:1; incurred:1; defending:1; husband's:1
jw-letter-1775-45-to-his-brother-charles,john-wesley,45 To His Brother Charles,letter,1,160,0.025,0,concluded:1; began:1; behaved:1; Castleman:1
jw-letter-1777-53-to-walter-churchey,john-wesley,53 To Walter Churchey,letter,1,120,0.025,0,wits:1; objections:1; productions:1
jw-letter-1777-58-to-mrs-barton,john-wesley,58 To Mrs Barton,letter,1,200,0.025,0,discouragement's:1; Hurrell's:1; workmen:1; serves:1; failed:1
jw-letter-1786a-44-to-jasper-winscom,john-wesley,A 44 To Jasper Winscom,letter,1,80,0.025,0,costs:1; commencing:1
jw-letter-1786b-08-to-elizabeth-briggs,john-wesley,B 08 To Elizabeth Briggs,letter,1,120,0.025,0,papers:2; informing:1
jw-letter-1788b-13-to-ann-taylor,john-wesley,B 13 To Ann Taylor,letter,1,120,0.025,0,conversing:1; opportunities:1; enabled:1
jw-letter-1788b-27-to-his-niece-sarah-wesley,john-wesley,B 27 To His Niece Sarah Wesley,letter,1,280,0.025,0,imbibing:1; pores:1; increases:1; degrees:1; brother's:1; collecting:1; delivers:1
jw-letter-1789a-22-to-john-stretton,john-wesley,A 22 To John Stretton,letter,1,240,0.025,0,objections:2; Brians:1; Woods:1; concerns:1; acted:1
cw-010-hymn-x,charles-wesley,010 Hymn X,hymn,2,960,0.025,0,ends:2; pass'd:2; excepted:2; int'rest:2; devil's:2; reigns:2; veins:2; drinks:2; reprobates:2; reprobating:2; seeks:2; fowler's:2
jw-letters-1775,john-wesley,Letters 1775,letter,55,19270,0.025,0,troops:10; papers:7; asked:6; measures:6; pounds:5; degrees:5; placed:4; advantages:4; expected:4; promised:4; troubles:4; circumstances:4; respects:4; tempers:4; waiving:4; neighbors:4; ships:4; merits:4; surveys:4; observed:4
jw-sermon-014,john-wesley,The Repentance of Believers,sermon,20,6107,0.0249,0,neighbour:7; tempers:6; cleaves:5; believed:4; respects:4; defects:4; uncleannesses:4; shows:3; remaining:3; belongs:3; atoning:3; cleansed:3; imagined:2; finds:2; terms:2; faults:2; endeavouring:2; omissions:2; promised:2; says:2
jw-letter-1725-01-to-his-mother,john-wesley,01 To His Mother,letter,3,723,0.0249,0,Buckden:1; guineas:1; says:1; quotes:1; Lambinet:1; can't:1; decreed:1; pleasures:1; implies:1; affirms:1; paths:1; destined:1; converts:1; tenets:1; asserts:1; chasteneth:1; sinned:1; brothers:1
jw-letter-1747-07-to-ebenezer-blackwell,john-wesley,07 To Ebenezer Blackwell,letter,1,281,0.0249,0,apprehended:1; opposers:1; reveling:1; cursing:1; swearing:1; wishes:1; measures:1
jw-letter-1752-02-to-ebenezer-blackwell,john-wesley,02 To Ebenezer Blackwell,letter,2,402,0.0249,0,visited:1; placed:1; appealed:1; cows:1; occasioned:1; Sewers:1; drains:1; smallest:1; opportunities:1; attends:1
jw-letter-1789a-23-to-george-holder,john-wesley,A 23 To George Holder,letter,1,201,0.0249,0,plans:1; wanted:1; followed:1; Laco:1; subscribers:1
jw-letters-1767,john-wesley,Letters 1767,letter,36,11882,0.0249,0,says:4; attained:4; fears:4; reasonings:4; conversing:4; wants:3; lovefeast:3; increased:3; shoulders:3; debts:2; correspondents:2; particulars:2; may'st:2; opportunities:2; supplied:2; pickthanks:2; avoided:2; infirmities:2; larger:2; excused:2
jw-letters-1777,john-wesley,Letters 1777,letter,39,13187,0.0249,0,circumstances:4; observed:4; tempers:4; pounds:4; terms:4; larger:4; papers:3; mercies:3; asked:3; subscribers:3; journeys:3; suffered:3; says:3; contributions:3; degenerated:3; tickets:2; writes:2; particulars:2; understands:2; volumes:2
jw-sermon-010,john-wesley,"The Witness of the Spirit, Discourse I",sermon,17,5088,0.0248,0,rejoices:4; senses:4; beareth:3; neighbour:3; enables:2; texts:2; tempers:2; lips:2; blotted:2; observed:2; deepest:2; quickened:2; mayst:2; forgiven:2; affirmed:1; wrested:1; presumed:1; endeavours:1; methods:1; surprised:1
jw-sermon-045,john-wesley,The New Birth,sermon,19,5562,0.0248,0,baptized:9; tempers:4; wilful:4; begins:4; affections:3; grows:3; neighbours:3; signified:3; termed:2; relating:2; inferences:2; eatest:2; deprived:2; became:2; appetites:2; wisest:2; objects:2; hears:2; exercised:2; senses:2
jw-letter-1771-11-to-lady-maxwell,john-wesley,11 To Lady Maxwell,letter,2,403,0.0248,0,steeled:1; impressions:1; seemed:1; hearers:1; truths:1; termed:1; reproached:1; Courcy's:1; suffered:1; stablish:1
jw-letter-1771-40-to-mary-bosanquet,john-wesley,40 To Mary Bosanquet,letter,1,121,0.0248,0,termed:1; cases:1; exceptions:1
jw-letter-1784a-28-to-james-rogers,john-wesley,A 28 To James Rogers,letter,1,121,0.0248,0,ABEEDEEN:1; objected:1; expressions:1
jw-letter-1788b-49-to-thomas-carlill,john-wesley,B 49 To Thomas Carlill,letter,1,121,0.0248,0,Noveraber:1; suffered:1; staying:1
jw-letter-1727-02-to-his-mother,john-wesley,02 To His Mother,letter,4,1173,0.0247,0,supplied:1; creditors':1; happens:1; accidents:1; allotting:1; imperfections:1; begins:1; ends:1; pleasures:1; proceeded:1; habits:1; advantages:1; proposed:1; annexed:1; debts:1; Skiptonin:1; founded:1; Ermystead:1; Potts's:1; Cantabrigiensis:1
jw-letter-1733-01-to-his-mother,john-wesley,01 To His Mother,letter,2,526,0.0247,0,continues:1; recovering:1; says:1; viz:1; satisfies:1; suggested:1; lusts:1; affections:1; putting:1; snares:1; advices:1; observed:1; redeemed:1
jw-letter-1738-16-to-arthur-bedford,john-wesley,16 To Arthur Bedford,letter,4,1134,0.0247,0,entitled:1; propositions:1; weakened:1; distempers:1; desertions:1; believed:1; prevented:1; ignoratio:1; denchi:1; asserting:1; shows:1; chooses:1; faiths:1; pfa:1; pste:1; larger:1; counsels:1; promised:1; enabling:1; consequences:1
jw-letter-1749-03-to-james-edmundson,john-wesley,03 To James Edmundson,letter,1,81,0.0247,0,Edmundson:1; sinned:1
jw-letter-1755-10-to-dr-sherlock-bishop-of-london,john-wesley,10 To Dr Sherlock Bishop Of London,letter,1,81,0.0247,0,invites:1; replied:1
jw-letter-1779-07-to-samuel-wells,john-wesley,07 To Samuel Wells,letter,1,243,0.0247,0,required:1; 'required:1; repeating:1; requires:1; belonged:1; addressing:1
jw-letter-1788a-53-to-mrs-rogers,john-wesley,A 53 To Mrs Rogers,letter,1,243,0.0247,0,attained:1; genteeler:1; Forbes's:1; dulls:1; grows:1; services:1
jw-sermon-076,john-wesley,On Perfection,sermon,18,5819,0.0246,0,affections:8; says:5; objections:4; tempers:4; attained:4; opposers:3; infirmities:3; longsuffering:3; renewed:3; enjoyed:3; observed:3; runs:2; complying:2; neighbour:2; expresses:2; implies:2; allowed:2; recited:2; implied:2; ceasing:2
jw-letter-1760-28-to-the-editor-of-lloyds-evening-post-to-mr-somebod,john-wesley,28 To The Editor Of Lloyds Evening Post To Mr Somebod,letter,4,1221,0.0246,0,duties:2; animadversions:1; arguing:1; pounded:1; theatre:1; cleared:1; affects:1; circumstances':1; apostatized:1; contained:1; sentences:1; Methodistical:1; proofs:1; refrained:1; quoting:1; expected:1; says:1; heightened:1; prompts:1; esteeming:1
jw-letter-1764-05-to-samuel-furly-lewisham-march-6-1764,john-wesley,05 To Samuel Furly Lewisham March 6 1764,letter,2,448,0.0246,0,implied:1; suppositions:1; lingering:1; contributed:1; attacked:1; distributing:1; imitating:1; consists:1; avoided:1; glares:1; shocks:1
jw-letter-1769-27-to-mrs-bennis,john-wesley,27 To Mrs Bennis,letter,1,244,0.0246,0,papers:1; tempers:1; hopes:1; fears:1; tends:1; doubted:1
jw-letter-1770-01-to-mrs-crosby,john-wesley,01 To Mrs Crosby,letter,3,1018,0.0246,0,denying:2; proposed:2; attained:1; returns:1; termed:1; straitened:1; softer:1; expressions:1; obliges:1; circumstances:1; occurred:1; particularized:1; implied:1; imagined:1; misrepresented:1; observed:1; ranks:1; conformed:1; dishonour:1; uses:1
jw-letter-1772-01-to-philothea-briggs,john-wesley,01 To Philothea Briggs,letter,1,203,0.0246,0,vigour:1; purposes:1; contained:1; minds:1; liberties:1
jw-letter-1781b-36-to-robert-carr-brackenbury,john-wesley,B 36 To Robert Carr Brackenbury,letter,1,244,0.0246,0,hopes:2; surgeons:1; inches:1; yards:1; other's:1
jw-letter-1785a-18-to-his-brother-charles,john-wesley,A 18 To His Brother Charles,letter,1,203,0.0246,0,lines:1; dispensations:1; regarded:1; borders:1; raiseth:1
jw-letter-1789b-62-to-john-dickins,john-wesley,B 62 To John Dickins,letter,1,203,0.0246,0,Joliffe:1; continues:1; forbids:1; enjoins:1; slouch'd:1
jw-letter-1790b-27-to-jasper-robinson,john-wesley,B 27 To Jasper Robinson,letter,1,122,0.0246,0,balances:1; Ramshaw's:1; changing:1
jw-letters-1790a,john-wesley,Letters 1790A,letter,27,9223,0.0246,0,hopes:3; o'clock:3; discharged:3; pounds:2; thinks:2; senses:2; continues:2; subscribed:2; began:2; dated:2; remaining:2; proprietors:2; writes:2; failed:2; followed:2; Pretyman:2; Tomline:2; gelideque:2; increases:2; juries:2
cw-043-acts-429,charles-wesley,043 Acts 429,hymn,1,245,0.0245,0,battles:1; day's:1; threatning:1; edn:1; harshest:1; truths:1
jw-letter-1748-08-to-ebenezer-blackwell,john-wesley,08 To Ebenezer Blackwell,letter,1,327,0.0245,0,inquired:1; Warr:1; Belchier's:1; represented:1; dined:1; renewed:1; can't:1; detained:1
jw-letter-1754-02-to-samuel-furly,john-wesley,02 To Samuel Furly,letter,1,286,0.0245,0,authors:2; natured:1; triflers:1; Ruins:1; named:1; dangers:1
jw-letter-1755-15-to-ebenezer-blackwell,john-wesley,15 To Ebenezer Blackwell,letter,1,326,0.0245,0,burthen:2; confirms:1; endeavors:1; chains:1; journeys:1; tike:1; disposing:1
jw-letter-1760-23-to-his-brother-charles-plymouth-dock-september-28-,john-wesley,23 To His Brother Charles Plymouth Dock September 28 ,letter,2,449,0.0245,0,sufficit:1; procured:1; shows:1; brothers:1; strictures:1; dealings:1; suffered:1; performs:1; disinherited:1; asked:1; addressed:1
jw-letter-1767-30-to-christopher-hopper,john-wesley,30 To Christopher Hopper,letter,1,326,0.0245,0,Belford:1; hearers:1; seemed:1; renounces:1; viz:1; Linlithgow:1; Burrawytowys:1; believed:1
jw-letter-1772-70-to-his-brother-charles,john-wesley,70 To His Brother Charles,letter,1,245,0.0245,0,robbed:1; visited:1; fortnight's:1; begins:1; inculcating:1; tends:1
jw-letter-1776-23-to-samuel-bradburn,john-wesley,23 To Samuel Bradburn,letter,1,163,0.0245,0,says:1; proposing:1; schemes':1; agonies:1
jw-letter-1778-44-to-alexander-knox,john-wesley,44 To Alexander Knox,letter,1,163,0.0245,0,concerns:1; directing:1; wants:1; affects:1
jw-letter-1781a-44-to-mrs-hall,john-wesley,A 44 To Mrs Hall,letter,1,204,0.0245,0,Boswell:1; mentions:1; Sherriff's:1; wears:1; surprised:1
jw-letter-1782b-44-to-hannah-ball,john-wesley,B 44 To Hannah Ball,letter,1,163,0.0245,0,labors:1; promised:1; Rhodda:1; preaches:1
jw-letter-1788b-29-to-joseph-benson,john-wesley,B 29 To Joseph Benson,letter,2,530,0.0245,0,controversies:1; people's:1; mazes:1; glorified:1; intellects:1; plunged:1; reasonings:1; pounds:1; chapters:1; says:1; copies:1; promised:1; accuses:1
jw-sermon-001,john-wesley,Salvation by Faith,sermon,13,4136,0.0244,0,believes:3; believed:3; merits:3; continues:2; grows:2; commendeth:2; objections:2; acknowledges:2; ff:2; infirmities:2; branches:2; repented:2; forgiven:2; bestowed:1; mercies:1; stamped:1; impressed:1; concerns:1; requireth:1; glorifying:1
jw-sermon-024,john-wesley,Upon Our Lord's Sermon on the Mount IV,sermon,22,6801,0.0244,0,worshipping:4; conversing:4; branches:3; terms:3; hiding:3; fulfilling:3; renewed:2; transformed:2; ths:2; autou:2; ardour:2; vigour:2; minds:2; subjoins:2; objections:2; shows:2; implies:2; tempers:2; granted:2; proposed:2
jw-letter-1738-12-to-his-brother-samuel,john-wesley,12 To His Brother Samuel,letter,2,533,0.0244,0,walked:1; animates:1; purifies:1; blasphemed:1; ridiculing:1; another's:1; burdens:1; occurred:1; searcheth:1; wants:1; defects:1; infirmities:1; opportunities:1
jw-letter-1738-32-to-james-hutton,john-wesley,32 To James Hutton,letter,2,451,0.0244,0,gownsmen:1; joins:1; monitors:1; reproved:1; consciences:1; cases:1; tends:1; forbids:1; inferences:1; consequences:1; spoons:1
jw-letter-1741-07-to-mr-james-hutton-bookseller-in-little,john-wesley,07 To Mr James Hutton Bookseller In Little,letter,1,82,0.0244,0,scruples:1; administering:1
jw-letter-1748-13-to-john-toltschig,john-wesley,13 To John Toltschig,letter,1,123,0.0244,0,bonds:1; covenants:1; month's:1
jw-letter-1765-20-to-richard-walsh,john-wesley,20 To Richard Walsh,letter,1,82,0.0244,0,Coombs:1; Weyworth:1
jw-letter-1782b-17-to-mrs-cooper,john-wesley,B 17 To Mrs Cooper,letter,1,41,0.0244,0,HARRIETT:1
jw-letter-1785a-10-to-captain-richard-williams,john-wesley,A 10 To Captain Richard Williams,letter,1,82,0.0244,0,labors:1; occurs:1
jw-letter-1788a-44-to-his-niece-sarah-wesley,john-wesley,A 44 To His Niece Sarah Wesley,letter,1,164,0.0244,0,encumbered:1; attained:1; supplied:1; iniquities:1
jw-letter-1788b-42-to-joseph-cownley,john-wesley,B 42 To Joseph Cownley,letter,1,287,0.0244,0,faults:1; relates:1; remedied:1; says:1; garments:1; charges:1; Cowriley:1
jw-letter-1789b-61-to-thomas-rutherford,john-wesley,B 61 To Thomas Rutherford,letter,1,82,0.0244,0,Newland:1; larger:1
jw-treatise-word-to-a-condemned-malefactor,john-wesley,Treatise Word To A Condemned Malefactor,treatise,4,1393,0.0244,0,walked:4; enabling:2; fetters:1; bars:1; keepers:1; lands:1; pleasures:1; accompanied:1; ulder:1; cnter:1; neighbour:1; cared:1; hairs:1; spews:1; alienated:1; abomina:1; tions:1; punished:1; quenched:1; forgiven:1
jw-sermon-115,john-wesley,Sermon 115,sermon,13,3538,0.0243,0,sacraments:8; observed:4; termed:3; congregations:3; viz:2; urged:2; belonged:2; presided:2; terms:2; dreamed:2; commissioned:2; occurred:1; introduced:1; deviated:1; texts:1; laymen:1; asked:1; endeavours:1; traces:1; allowed:1
jw-sermon-132,john-wesley,Sermon 132,sermon,16,4779,0.0243,0,began:5; contained:4; neighbour:3; evenings:2; detained:2; sentiments:2; writings:2; wanted:2; pretence:2; revivals:2; congregations:2; disclaimed:2; wishes:2; dwelleth:2; Charges:1; denies:1; affirms:1; incurring:1; neighbouring:1; asked:1
cw-031-psalm-1436-my-soul-gaspeth-for-thee-as-a-thirsty-land,charles-wesley,031 Psalm 1436 My Soul Gaspeth For Thee As A Thirsty Land,hymn,1,247,0.0243,0,gaspeth:2; loosen'd:1; cxliii:1; showers:1; know'st:1
jw-letter-1782b-48-to-mr------,john-wesley,B 48 To Mr      ,letter,1,288,0.0243,0,enabled:1; dispensations:1; vindicating:1; claiming:1; wisest:1; acquaintances:1; requires:1
cw-011-hymn-xi,charles-wesley,011 Hymn Xi,hymn,2,658,0.0243,0,atoning:2; charms:2; hears:2; lips:2; dances:2; drinks:2; pass'd:2; redeeming:2
jw-letters-1772,john-wesley,Letters 1772,letter,52,17947,0.0243,0,pounds:8; taxes:6; ceasing:5; inclined:4; observed:4; provisions:4; causes:4; oats:4; farmers:4; journeys:3; enabled:3; circumstances:3; writes:3; cases:3; faults:3; writers:3; senses:3; tends:3; asked:3; countrymen:3
jw-letter-1739-26-to-james-hervey,john-wesley,26 To James Hervey,letter,1,207,0.0242,0,stories:1; prevailed:1; pleaseth:1; mayest:1; hideth:1
jw-letter-1756a-05-to-samuel-furly,john-wesley,A 05 To Samuel Furly,letter,1,165,0.0242,0,occasioned:1; reached:1; consisting:1; can't:1
jw-letter-1773-77-to-hannah-ball,john-wesley,77 To Hannah Ball,letter,1,165,0.0242,0,hazards:1; Westrup:1; fears:1; calleth:1
jw-letter-1777-55-to-joseph-benson,john-wesley,55 To Joseph Benson,letter,1,165,0.0242,0,exists:2; conceived:1; serves:1
jw-letter-1782a-02-to-ellen-gretton,john-wesley,A 02 To Ellen Gretton,letter,1,207,0.0242,0,shoed:2; chastening:1; rebuked:1; Cocking's:1
jw-letter-1782a-14-to-thomas-hanson,john-wesley,A 14 To Thomas Hanson,letter,1,124,0.0242,0,observed:1; oftener:1; proposed:1
jw-letter-1790b-23-to-his-niece-sarah-wesley,john-wesley,B 23 To His Niece Sarah Wesley,letter,1,248,0.0242,0,BRISSTOL:1; Twickenham:1; 'Scorbutick:1; refers:1; prescribed:1; month's:1
jw-letter-1757-16-to-dorothy-furly,john-wesley,16 To Dorothy Furly,letter,1,374,0.0241,0,noting:1; putting:1; gentlewomen:1; aims:1; destroying:1; cisterns:1; avoided:1; hazards:1; awakened:1
jw-letter-1764-44-to-his-brother-charles,john-wesley,44 To His Brother Charles,letter,1,249,0.0241,0,asked:1; protects:1; began:1; Billo:1; neatest:1; correctest:1
jw-letter-1771-76-to-mrs-bennis,john-wesley,76 To Mrs Bennis,letter,2,457,0.0241,0,dispensations:1; opens:1; embodied:1; playing:1; keys:1; principalities:1; attained:1; roughest:1; strongest:1; hopes:1; halts:1
jw-letter-1772-45-to-hannah-ball,john-wesley,45 To Hannah Ball,letter,1,166,0.0241,0,occurred:1; interpreted:1; sanctifying:1; refers:1
jw-letter-1781a-22-to-his-niece-sarah-wesley,john-wesley,A 22 To His Niece Sarah Wesley,letter,1,249,0.0241,0,lines:1; begins:1; lieth:1; wings:1; resteth:1; writes:1
jw-letter-1783b-03-to-john-evan,john-wesley,B 03 To John Evan,letter,1,83,0.0241,0,lines:1; Lowbridge:1
jw-treatise-extract-on-moravian-brethren,john-wesley,Treatise Extract On Moravian Brethren,treatise,3,1080,0.0241,0,viz:2; duties:2; regards:2; notwith:2; vian:1; hunters:1; 'abolished:1; justi:1; fied:1; tures:1; propositions:1; neces:1; sary:1; merits:1; suffered:1; proves:1; abolished:1; declara:1; tion:1; tempers:1
jw-letters-1786b,john-wesley,Letters 1786B,letter,22,7387,0.0241,0,lines:4; pounds:4; staying:2; M'Kim:2; Torry:2; papers:2; moments:2; hates:2; subscribers:2; asked:2; depended:2; hazards:2; gained:2; imagined:1; Moorhouse's:1; redirected:1; brothers:1; BRISTOI:1; violated:1; molests:1
cw-039-1-corinthians-1011-these-things-were-written-for-our-instruction,charles-wesley,039 1 Corinthians 1011 These Things Were Written For Our Instruction,hymn,1,416,0.024,0,go'st:1; shew'd:1; abhor'd:1; see'st:1; wither'd:1; know'st:1; trespasses:1; quick'ning:1; distemper'd:1; neck'd:1
jw-letter-1746-06-to-benjamin-ingham,john-wesley,06 To Benjamin Ingham,letter,5,1499,0.024,0,asked:3; merits:2; inconsistencies:2; applies:1; Bowers's:1; required:1; acted:1; confessed:1; faults:1; asking:1; replied:1; allowed:1; mentions:1; particulars:1; represented:1; reconciled:1; fails:1; longed:1; abused:1; towns:1
jw-letter-1748-27-to-john-bennet,john-wesley,27 To John Bennet,letter,1,250,0.024,0,terms:2; rises:1; requires:1; publishing:1; terrified:1
jw-letter-1756b-14-to-nicholas-norton,john-wesley,B 14 To Nicholas Norton,letter,7,2502,0.024,0,administering:4; sacraments:3; tolerating:2; fundamentals:2; accusing:2; denying:1; alleged:1; administrating:1; 'thinketh:1; debated:1; disputants:1; persisted:1; evaporated:1; amplifications:1; particulady:1; enjoyed:1; contained:1; terms:1; refused:1; amounts:1
jw-letter-1767-31-to-ann-foard,john-wesley,31 To Ann Foard,letter,1,167,0.024,0,lines:1; hurries:1; sitteth:1; ruleth:1
jw-letter-1778-04-to-thomas-carlill,john-wesley,04 To Thomas Carlill,letter,1,167,0.024,0,Attempted:1; lines:1; maintained:1; subscribers:1
jw-letter-1783b-34-to-mrs-bradburn,john-wesley,B 34 To Mrs Bradburn,letter,1,208,0.024,0,crosses:2; fewer:1; talked:1; resented:1
jw-letter-1784a-03-to-john-valton,john-wesley,A 03 To John Valton,letter,1,167,0.024,0,patients:1; swallowing:1; quantities:1; sentiments:1
jw-letter-1786a-21-to-william-sagar,john-wesley,A 21 To William Sagar,letter,1,125,0.024,0,o'clock:2; Sager:1
jw-letter-1788b-52-to-benjamin-rhodes,john-wesley,B 52 To Benjamin Rhodes,letter,1,125,0.024,0,begins:1; observed:1; changing:1
jw-letter-1789b-56-to-george-holder,john-wesley,B 56 To George Holder,letter,1,125,0.024,0,publishing:1; hindered:1; laborers:1
jw-letters-1784b,john-wesley,Letters 1784B,letter,22,7792,0.024,0,hopes:3; novels:3; believed:3; debts:2; occurs:2; uses:2; loses:2; talents:2; gained:2; taxes:2; appointing:2; laborers:2; inclined:2; wanted:2; cares:2; nobler:2; entrusted:1; issued:1; Hyden:1; helps:1
jw-letter-1755-11-to-his-brother-charles,john-wesley,11 To His Brother Charles,letter,2,545,0.0239,0,expects:1; people's:1; says:1; establishments:1; pulled:1; preaches:1; talents:1; proposed:1; designs:1; talked:1; awakened:1; expected:1; Chas:1
jw-letter-1765-29-to-lady-maxwell,john-wesley,29 To Lady Maxwell,letter,1,335,0.0239,0,fixes:1; suffers:1; declines:1; prevails:1; sentiments:1; Pities:1; says:1; forgiven:1
jw-letter-1779-13-to-elizabeth-ritchie,john-wesley,13 To Elizabeth Ritchie,letter,1,376,0.0239,0,continues:1; verified:1; countries:1; cleanses:1; caring:1; ruins:1; began:1; issued:1; scraps:1
jw-letter-1782a-25-to-mrs-bradburn,john-wesley,A 25 To Mrs Bradburn,letter,1,251,0.0239,0,Parnell's:1; seemed:1; inclined:1; swallowed:1; seemeth:1; prays:1
jw-letter-1784b-23-to-william-black,john-wesley,B 23 To William Black,letter,2,419,0.0239,0,wanted:2; hopes:1; seemed:1; laborers:1; counsels:1; Scurr's:1; Scurr:1; victims:1; repented:1
jw-letter-1786b-22-to-the-rev-mr-l----,john-wesley,B 22 To The Rev Mr L    ,letter,2,460,0.0239,0,asked:2; leaned:1; recommending:1; defending:1; obligations:1; cherished:1; depended:1; flies:1; condescended:1; forgiven:1
jw-letter-1788b-12-to-sarah-mallet,john-wesley,B 12 To Sarah Mallet,letter,2,544,0.0239,0,supplied:2; crosses:1; balances:1; dispraises:1; Tyerman'a:1; maintained:1; stationed:1; complained:1; swallowed:1; families:1; increased:1; straitened:1
jw-letters-1786a,john-wesley,Letters 1786A,letter,20,6832,0.0239,0,hopes:3; believed:3; pleases:3; o'clock:3; cases:3; Stonhouse:2; Cheverell:2; particulars:2; continues:2; labors:2; borders:2; laborers:2; paths:2; impressions:2; Thorney:2; concerts:2; terms:2; Barham:2; attending:2; increased:2
jw-letter-1738-01-to-lady-cox,john-wesley,01 To Lady Cox,letter,3,925,0.0238,0,asked:3; cases:2; notices:2; inquired:1; overbalanced:1; pupils:1; stirred:1; ends:1; suffered:1; remaining:1; recovering:1; steps:1; asketh:1; contradicts:1; impulses:1; tongues:1; 'regenerated:1; expressions:1
jw-letter-1748-11-to-john-cennick,john-wesley,11 To John Cennick,letter,1,126,0.0238,0,serves:1; dispatched:1; hinders:1
jw-letter-1749-02-to-john-bennet,john-wesley,02 To John Bennet,letter,1,168,0.0238,0,Darney's:1; neglected:1; Glanville's:1; talked:1
jw-letter-1762-25-to-mrs-moon,john-wesley,25 To Mrs Moon,letter,1,336,0.0238,0,hindered:1; tends:1; natured:1; vigour:1; continues:1; sweetened:1; particulars:1; Romaine's:1
jw-letter-1763-15-to-mrs-maitland,john-wesley,15 To Mrs Maitland,letter,1,294,0.0238,0,Maitland:1; ceasing:1; experiences:1; arguing:1; contended:1; fulfils:1; merits:1
jw-letter-1765-17-to-thomas-rankin,john-wesley,17 To Thomas Rankin,letter,1,126,0.0238,0,proposed:1; legacies:1; Hoskins's:1
jw-letter-1768-50-to-george-cussons,john-wesley,50 To George Cussons,letter,1,210,0.0238,0,visits:1; Pertonhall:1; Beds:1; Cowper's:1; sanctifieth:1
jw-letter-1769-56-to-joseph-benson,john-wesley,56 To Joseph Benson,letter,1,378,0.0238,0,mistakes:2; contains:1; believed:1; deals:1; surprised:1; discouraged:1; reproved:1; reproached:1
jw-letter-1774-48-to-philothea-briggs,john-wesley,48 To Philothea Briggs,letter,1,42,0.0238,0,enabled:1
jw-letter-1776-60-to-joseph-benson,john-wesley,60 To Joseph Benson,letter,1,126,0.0238,0,observed:1; tickets:1; Lumley:1
jw-letters-1759,john-wesley,Letters 1759,letter,31,9737,0.0238,0,papers:12; faults:5; pursues:5; ends:5; maxims:5; terms:4; steps:4; shirts:4; observed:3; circumstances:3; surprised:3; talked:3; pounds:3; says:2; instruments:2; burthen:2; tempers:2; robbed:2; showed:2; humour:2
jw-sermon-096,john-wesley,Sermon 096,sermon,14,4269,0.0237,0,wills:7; requires:4; mothers:3; implied:2; forbids:2; won't:2; minds:2; conquered:2; events:2; practised:2; allowed:1; enumerated:1; authors:1; savages:1; wilds:1; forests:1; strongest:1; breakers:1; reproved:1; traditions:1
cw-063-for-a-minister,charles-wesley,063 For A Minister,hymn,1,295,0.0237,0,Betray'd:1; fowler's:1; know'st:1; Uncall'd:1; fears:1; defenceless:1; danger's:1
jw-letter-1760-21-to-the-editor-of-the-london-chronicle-editors-intr,john-wesley,21 To The Editor Of The London Chronicle Editors Intr,letter,3,803,0.0237,0,dictionaries:2; relating:2; promised:1; adventures:1; readers:1; thinks:1; regarded:1; exchanged:1; writers:1; exposing:1; contradicts:1; seduced:1; believed:1; terms:1; wanted:1; insists:1; philosophers:1
jw-letter-1765-27-to-thomas-rankin-london-november-18-1765,john-wesley,27 To Thomas Rankin London November 18 1765,letter,1,169,0.0237,0,particulars:1; o'clock:1; shillings:1; Garnet's:1
jw-letter-1769-29-to-the-travelling-preachers,john-wesley,29 To The Travelling Preachers,letter,3,675,0.0237,0,vouchsafed:1; counsels:1; work's:1; granted:1; congregations:1; views:1; attracted:1; erected:1; surprised:1; steps:1; dismissed:1; votes:1; ensuing:1; instruments:1; denying:1; contained:1
jw-letter-1782b-05-to-ellen-gretton,john-wesley,B 05 To Ellen Gretton,letter,1,211,0.0237,0,cases:1; required:1; opportunities:1; avoiding:1; acknowledgments:1
jw-letter-1784b-09-to-robert-jones-of-fenmen-castle,john-wesley,B 09 To Robert Jones Of Fenmen Castle,letter,1,169,0.0237,0,Fenmen:1; coxcombs:1; coquettes:1; day's:1
jw-letter-1784b-14-to-his-niece-sarah-wesley,john-wesley,B 14 To His Niece Sarah Wesley,letter,1,169,0.0237,0,folks:1; can't:1; novels:1; romances:1
jw-letter-1787-09-to-thomas-clarkson,john-wesley,09 To Thomas Clarkson,letter,1,211,0.0237,0,conceived:1; perceived:1; writers:1; concluded:1; discouragements:1
jw-letter-1789a-50-to-samual-bradburn,john-wesley,A 50 To Samual Bradburn,letter,1,211,0.0237,0,Samual:1; gospel's:1; Bower's:1; entries:1; merits:1
cw-015-hymn-xv-why-will-ye-die,charles-wesley,015 Hymn Xv Why Will Ye Die,hymn,2,1516,0.0237,0,possess'd:4; beasts:2; ends:2; favours:2; showers:2; nobler:2; reason's:2; mem'ry:2; endu'd:2; Noblest:2; Isr'el:2; favourites:2; richest:2; drawings:2; withstands:2; Mocks:2; pass'd:2
jw-letter-1768-13-to-james-oddie,john-wesley,13 To James Oddie,letter,1,127,0.0236,0,rooms:1; girls:1; hazards:1
jw-letter-1771-91-to-ann-bolton,john-wesley,91 To Ann Bolton,letter,1,127,0.0236,0,fears:1; occasioned:1; Hallward:1
jw-letter-1773-51-to-mrs-bennis,john-wesley,51 To Mrs Bennis,letter,1,212,0.0236,0,endeavors:1; endued:1; cases:1; surfers:1; events:1
jw-letter-1781a-15-to-his-niece-sarah-wesley,john-wesley,A 15 To His Niece Sarah Wesley,letter,2,382,0.0236,0,affixed:1; uses:1; committing:1; kinds:1; dealings:1; pursuing:1; lodges:1; meets:1; Thackeray's:1
jw-letter-1784b-31-to-mrs-crosby,john-wesley,B 31 To Mrs Crosby,letter,1,212,0.0236,0,expected:1; inclined:1; acted:1; owned:1; stationed:1
jw-letter-1785a-21-to-ann-bolton,john-wesley,A 21 To Ann Bolton,letter,1,254,0.0236,0,says:2; extremes:1; chastening:1; events:1; gained:1
jw-letter-1788a-07-to-william-simpson,john-wesley,A 07 To William Simpson,letter,1,127,0.0236,0,owned:1; thinks:1; volumes:1
jw-letter-1789b-36-to-laurence-frost,john-wesley,B 36 To Laurence Frost,letter,1,127,0.0236,0,pounds:2; surprised:1
jw-letters-1768,john-wesley,Letters 1768,letter,45,15583,0.0236,0,pounds:9; debts:6; writes:3; enabled:3; implies:3; seemed:3; hearers:3; volumes:3; objects:3; particulars:3; burthens:3; asked:3; walked:3; surprised:2; subscribed:2; trifles:2; required:2; pleases:2; conversed:2; exceptions:2
jw-letters-1769,john-wesley,Letters 1769,letter,39,13579,0.0236,0,pounds:5; says:5; enabled:4; advantages:4; expected:4; believed:4; seemed:4; hopes:3; larger:3; increased:3; steps:3; surprised:3; contains:3; debts:3; stationed:2; shows:2; assisted:2; subscribed:2; pleases:2; prescribed:2
jw-letters-1770,john-wesley,Letters 1770,letter,40,13532,0.0236,0,says:6; tempers:6; denying:4; terms:4; orphans:3; burthen:3; assaulted:3; fears:3; weaknesses:3; congregations:3; Wrangel:2; Sep:2; preaches:2; attained:2; straitened:2; expressions:2; circumstances:2; proposed:2; observed:2; another's:2
jw-sermon-083,john-wesley,On Patience,sermon,13,3612,0.0235,0,pleases:3; neighbour:3; doubts:3; reigns:2; degrees:2; fears:2; grows:2; bloweth:2; listeth:2; says:1; suffered:1; steps:1; encompassed:1; infirmities:1; exposes:1; Mesech:1; tents:1; wilfully:1; stars:1; unbelievers:1
jw-letter-1757-04-to-his-wife,john-wesley,04 To His Wife,letter,2,383,0.0235,0,talents:1; lacking':1; sharpened:1; arrangements:1; continues:1; finds:1; grows:1; containing:1; gallons:1
jw-letter-1757-22-to-mrs-ryan,john-wesley,22 To Mrs Ryan,letter,1,341,0.0235,0,moment's:2; aches:2; doubted:1; disbelieved:1; hearkening:1; affirmed:1
jw-letter-1759-21-to-richard-tompson-editors-introductory-notes-1759,john-wesley,21 To Richard Tompson Editors Introductory Notes 1759,letter,1,85,0.0235,0,inclined:1; readers:1
jw-letter-1775-52-to-the-earl-of-dartmouth-secretary-of-state-for-th,john-wesley,52 To The Earl Of Dartmouth Secretary Of State For Th,letter,2,511,0.0235,0,shadows:1; manufacturing:1; towns:1; suffered:1; infecting:1; wretches:1; tradesmen:1; bailiffs:1; circumstances:1; began:1; enclosed:1; Wharton:1
jw-letter-1777-60-to-the-assistant-preachers,john-wesley,60 To The Assistant Preachers,letter,1,85,0.0235,0,subscriptions:1; subscribers:1
jw-letter-1781a-14-to-lancelot-harrison,john-wesley,A 14 To Lancelot Harrison,letter,1,85,0.0235,0,borders:1; Holderness:1
jw-letter-1783b-01-to-mrs-barton,john-wesley,B 01 To Mrs Barton,letter,1,213,0.0235,0,arrived:1; maids:1; Barton's:1; says:1; returns:1
jw-letter-1789a-65-to-the-publisher-of-the-dublin-chronicle,john-wesley,A 65 To The Publisher Of The Dublin Chronicle,letter,1,85,0.0235,0,says:1; guts:1
jw-letter-1791-08-to-henry-anderson,john-wesley,08 To Henry Anderson,letter,1,85,0.0235,0,proposed:1; approved:1
jw-letter-1769-49-to-various-friends,john-wesley,49 To Various Friends,letter,2,684,0.0234,0,debts:2; expected:2; circumstances:1; believed:1; contributed:1; amounting:1; increased:1; owed:1; ends:1; enables:1; kingdoms:1; burthen:1; subscriptions:1; subscribed:1
jw-letter-1782a-16-to-ellen-gretton,john-wesley,A 16 To Ellen Gretton,letter,1,256,0.0234,0,remaining:2; pleases:1; weaning:1; changes:1; observed:1
jw-letter-1785b-18-to-mrs-fletcher,john-wesley,B 18 To Mrs Fletcher,letter,1,128,0.0234,0,wanted:1; husband's:1; variations:1
jw-letter-1786a-01-to-rev-mr-root,john-wesley,A 01 To Rev Mr Root,letter,1,128,0.0234,0,Stonhouse:1; won't:1; Cheverell:1
jw-letters-1754,john-wesley,Letters 1754,letter,8,2520,0.0234,0,observed:3; authors:2; opportunities:2; occasioned:2; hospitals:2; pounds:2; commuted:2; instruments:1; allots:1; joins:1; natured:1; triflers:1; Ruins:1; named:1; dangers:1; lines:1; talents:1; entrusted:1; weaker:1; conversing:1
jw-letters-1782a,john-wesley,Letters 1782A,letter,28,9477,0.0234,0,proposed:4; bringeth:4; ensuing:3; surprised:3; pleases:3; seemed:3; shoed:2; says:2; began:2; suffered:2; passages:2; observed:2; oftener:2; remaining:2; advices:2; swallowed:2; expected:2; wanted:2; maidens:2; volumes:2
jw-sermon-006,john-wesley,The Righteousness of Faith,sermon,15,4976,0.0233,0,required:10; submitting:5; requires:5; justifieth:3; obeyed:3; forgiven:3; doeth:2; heart's:2; remaining:2; merits:2; suffered:2; supposes:2; prescribes:2; terms:2; condemns:2; dwelleth:2; lips:2; iniquities:2; blotted:2; reconciled:2
jw-letter-1731-17-to-mrs-pendarves,john-wesley,17 To Mrs Pendarves,letter,4,1029,0.0233,0,can't:2; affections:2; expectations:1; permitting:1; moments:1; rescued:1; engagements:1; chains:1; noblest:1; purposes:1; vanities:1; choicest:1; instruments:1; thinks:1; oftener:1; friend's:1; chooses:1; remaining:1; straitened:1; ceasing:1
jw-letter-1739-28-to-ebenezer-blackwell,john-wesley,28 To Ebenezer Blackwell,letter,1,257,0.0233,0,hour's:1; enclosed:1; owns:1; failed:1; buffeted:1; doors:1
jw-letter-1750-09-to-gilbert-boyce,john-wesley,09 To Gilbert Boyce,letter,4,1159,0.0233,0,evils:2; persuading:2; contains:1; expressions:1; permits:1; causes:1; modes:1; steps:1; helps:1; enjoins:1; forbids:1; practices:1; tends:1; promoting:1; oppugning:1; defending:1; prints:1; brothen:1; publishers:1; assertions:1
jw-letter-1756b-09-to-james-clark,john-wesley,B 09 To James Clark,letter,3,1071,0.0233,0,modes:3; prescribed:2; signifies:2; Langston's:1; allowed:1; Bermingham:1; other's:1; implied:1; proposes:1; differences:1; circumstances:1; hopes:1; writings:1; espoused:1; Stillingfleet's:1; offending:1; Swaddlers:1; terms:1; Holymount:1; lines:1
jw-letter-1768-26-to-ann-bolton,john-wesley,26 To Ann Bolton,letter,1,300,0.0233,0,symptoms:1; loads:1; currants:1; shows:1; directing:1; Hudson's:1; concerns:1
jw-letter-1772-77-to-ann-bolton,john-wesley,77 To Ann Bolton,letter,1,300,0.0233,0,asked:1; faults:1; occasioned:1; favoured:1; manifestations:1; beguiled:1; degrees:1
jw-letter-1776-50-to-hester-ann-roe,john-wesley,50 To Hester Ann Roe,letter,2,429,0.0233,0,dispelled:1; apprehensions:1; Bradock:1; discouraged:1; proposed:1; Boarders:1; pounds:1; relating:1; concerns:1; elapsed:1
jw-letter-1783b-06-to-elizabeth-padbury,john-wesley,B 06 To Elizabeth Padbury,letter,1,129,0.0233,0,punishing:1; seasons:1; permits:1
jw-letter-1783b-15-to-robert-hall-jun,john-wesley,B 15 To Robert Hall Jun,letter,1,86,0.0233,0,purposes:1; se'nnight:1
jw-letter-1788b-11-to-the-trustees-of-dewsbury,john-wesley,B 11 To The Trustees Of Dewsbury,letter,1,86,0.0233,0,peers:1; terms:1
jw-letter-1789a-76-to-arthur-keene,john-wesley,A 76 To Arthur Keene,letter,1,172,0.0233,0,disputing:1; controverted:1; awaketh:1; prays:1
jw-letter-1789b-55-to-jeremiah-brettell,john-wesley,B 55 To Jeremiah Brettell,letter,1,129,0.0233,0,Brettell's:1; profited:1; prolonged:1
jw-treatise-letter-to-thomas-maxfield,john-wesley,Treatise Letter To Thomas Maxfield,treatise,6,2148,0.0233,0,honourably:5; trusted:3; entrusted:3; contentions:2; filthiest:2; follows:2; sentenced:2; slays:2; surprised:1; assertions:1; characters:1; attested:1; began:1; laboured:1; referred:1; wilful:1; Taber:1; specified:1; alleged:1; requires:1
jw-letters-1744,john-wesley,Letters 1744,letter,9,3128,0.0233,0,represented:2; sentiments:2; facts:2; presumed:1; lips:1; remonstrances:1; traduced:1; inclined:1; regards:1; kingdoms:1; calleth:1; victories:1; fulfilled:1; RESIDING:1; putting:1; assisting:1; delayed:1; ends:1; unites:1; respects:1
jw-letter-1731-10-to-his-father,john-wesley,10 To His Father,letter,2,388,0.0232,0,day's:1; uncle's:1; shuns:1; wants:1; supplied:1; diminishing:1; became:1; meddles:1; languages:1
jw-letter-1761-09-to-james-rouquet,john-wesley,09 To James Rouquet,letter,2,474,0.0232,0,consequences:1; wilfully:1; advantages:1; overtures:1; wife's:1; papers:1; uses:1; talked:1; behaves:1; Sall:1; Roqt:1
jw-letter-1761-18-to-mrs-hall,john-wesley,18 To Mrs Hall,letter,1,302,0.0232,0,expected:2; grows:1; cavilled:1; approved:1; wanted:1; larger:1
jw-letter-1772-33-to-philothea-briggs,john-wesley,33 To Philothea Briggs,letter,1,259,0.0232,0,surest:1; inquiries:1; attained:1; Sewell:1; compositions:1; grows:1
jw-sermon-042,john-wesley,Satan's Devices,sermon,18,4940,0.0231,0,endeavours:6; attained:5; promised:3; attempts:3; strikes:3; devices:2; labours:2; intends:2; damps:2; attaining:2; forgiven:2; suffered:2; renewed:2; tempers:2; stars:1; exerted:1; ceasing:1; casts:1; glorifying:1; cleansed:1
jw-letter-1755-24-to-thomas-adam,john-wesley,24 To Thomas Adam,letter,4,997,0.0231,0,laymen:4; steps:1; awakened:1; viewed:1; presbyters:1; cases:1; destroying:1; perverting:1; blaspheming:1; guides:1; countenancing:1; labors:1; Perone:1; 'preaches:1; visited:1; interests:1; examples:1; prohibiting:1; ceasing:1; advices:1
jw-letter-1773-50-to-philothea-briggs,john-wesley,50 To Philothea Briggs,letter,1,346,0.0231,0,clearest:1; doeth:1; smallest:1; awakened:1; talks:1; talked:1; writings:1; preparing:1
jw-letter-1781a-28-to-mrs-benson,john-wesley,A 28 To Mrs Benson,letter,1,130,0.0231,0,acquainting:1; ensuing:1; refused:1
jw-letter-1790b-01-to-the-rev-mr-heath,john-wesley,B 01 To The Rev Mr Heath,letter,1,216,0.0231,0,surprised:1; failed:1; hindered:1; laircissement:1; pounds:1
cw-gp-03-gloria-patri-iii,charles-wesley,Gp 03 Gloria Patri Iii,hymn,2,260,0.0231,0,inclin'd:2; Drawest:2; ador'd:2
jw-letter-1755-01-to-james-hutton,john-wesley,01 To James Hutton,letter,2,478,0.023,0,adversaries:2; wishers:1; writings:1; companies:1; abuses:1; staggered:1; accusations:1; charges:1; listened:1; subjoined:1
jw-letter-1770-12-to-george-whitefield,john-wesley,12 To George Whitefield,letter,2,522,0.023,0,orphans:3; respects:1; seemeth:1; advices:1; swallowed:1; asked:1; requires:1; inquired:1; prizing:1; students:1
jw-letter-1770-46-to-mary-bishop,john-wesley,46 To Mary Bishop,letter,2,391,0.023,0,fears:2; aisles:1; pews:1; backs:1; doubts:1; vanished:1; terms:1; allconquering:1
jw-letter-1785b-20-to-thomas-wride,john-wesley,B 20 To Thomas Wride,letter,1,261,0.023,0,stops:1; acted:1; placed:1; Houlton:1; insisting:1; neglected:1
jw-letter-1789a-47-to-edward-coates,john-wesley,A 47 To Edward Coates,letter,1,174,0.023,0,served:1; strings:1; issued:1; appointing:1
jw-letter-1790b-46-to-robert-carr-brackenbury,john-wesley,B 46 To Robert Carr Brackenbury,letter,1,87,0.023,0,dated:1; adorning:1
jw-letter-1791-18-to-alice-cambridge,john-wesley,18 To Alice Cambridge,letter,1,174,0.023,0,laborers:1; permits:1; hearers:1; magnifying:1
cw-036-second-hymn-to-christ-the-king,charles-wesley,036 Second Hymn To Christ The King,hymn,1,175,0.0229,0,promis'd:1; pray'r:1; controul:1; edn:1
jw-letter-1755-06-to-mrs-hall,john-wesley,06 To Mrs Hall,letter,1,218,0.0229,0,burthensome:1; pounds:1; owes:1; expended:1; measures:1
jw-letter-1755-12-to-richard-tompson,john-wesley,12 To Richard Tompson,letter,1,175,0.0229,0,revising:1; seemed:1; observed:1; assists:1
jw-letter-1757-05-to-dorothy-furly,john-wesley,05 To Dorothy Furly,letter,2,393,0.0229,0,talked:1; wanted:1; walked:1; steps:1; conformed:1; committing:1; omitting:1; betrays:1; writings:1
jw-letter-1761-30-to-elizabeth-hardy,john-wesley,30 To Elizabeth Hardy,letter,2,480,0.0229,0,windings:1; neighbour:1; ceasing:1; shattered:1; pressed:1; organs:1; defects:1; cleansed:1; expressions:1; talked:1; bruised:1
jw-letter-1762-20-to-dorothy-furly-st-ives-september-15-1762,john-wesley,20 To Dorothy Furly St Ives September 15 1762,letter,1,262,0.0229,0,attained:2; talks:1; includes:1; degrees:1; implies:1
jw-letter-1769-17-to-richard-steel,john-wesley,17 To Richard Steel,letter,3,743,0.0229,0,prescribed:2; encompassed:1; requires:1; increased:1; weightier:1; despiseth:1; says:1; mind's:1; rents:1; tatters:1; rags:1; proves:1; degrees:1; saps:1; countries:1; cabins:1
jw-letter-1775-57-to-his-brother-charles,john-wesley,57 To His Brother Charles,letter,1,218,0.0229,0,people's:1; 'Americanus:1; sinned:1; sinning:1; informations:1
jw-letter-1781a-29-to-mary-bishop,john-wesley,A 29 To Mary Bishop,letter,2,480,0.0229,0,hopes:1; neglected:1; observed:1; expectations:1; seemed:1; belonged:1; Castleman:1; Maddern's:1; thinks:1; steps:1; gestures:1
jw-letter-1783b-04-to-elizabeth-ritchie,john-wesley,B 04 To Elizabeth Ritchie,letter,2,437,0.0229,0,seemed:2; conversed:1; Haarlem:1; prolonged:1; visited:1; Friesland:1; Westphalia:1; corresponded:1; expected:1
jw-letter-1785a-08-to-adam-clarke,john-wesley,A 08 To Adam Clarke,letter,1,175,0.0229,0,observed:1; prospers:1; kingdoms:1; annexes:1
jw-letter-1788a-25-to-charles-atmore,john-wesley,A 25 To Charles Atmore,letter,1,175,0.0229,0,journeys:1; importuned:1; attempting:1; neglected:1
jw-letter-1789b-37-to-john-grace,john-wesley,B 37 To John Grace,letter,1,131,0.0229,0,accompanies:1; asking:1; receives:1
cw-017-hymn-xvii-free-grace,charles-wesley,017 Hymn Xvii Free Grace,hymn,2,1308,0.0229,0,inclin'd:2; publishing:2; clos'd:2; drawest:2; suggests:2; gav'st:2; backslidings:2; shew'dst:2; salvation's:2; redeeming:2; reprobates:2; passion's:2; worlds:2; promis'd:2; atoning:2
jw-letters-1764,john-wesley,Letters 1764,letter,51,16517,0.0229,0,says:6; objections:5; observed:5; other's:4; lines:4; delayed:3; writers:3; prays:3; effected:3; began:3; increased:3; wants:3; sentences:3; shillings:3; implied:2; profits:2; attained:2; glares:2; gained:2; hopes:2
jw-letters-1771,john-wesley,Letters 1771,letter,76,26060,0.0229,0,says:8; lines:8; wolves:8; volumes:7; termed:6; hopes:5; tempers:5; wants:5; objections:4; circumstances:4; required:4; expected:3; stationed:3; labours:3; increased:3; asserting:3; hearers:3; suffered:3; continues:3; promised:3
cw-037-a-morning-hymn,charles-wesley,037 A Morning Hymn,hymn,1,220,0.0227,0,attends:2; Usher'd:1; quickning:1; edn:1
jw-letter-1769-15-to-john-valton,john-wesley,15 To John Valton,letter,1,176,0.0227,0,preparing:1; thrusts:1; pleases:1; hearkening:1
jw-letter-1777-14-to-joseph-benson,john-wesley,14 To Joseph Benson,letter,1,132,0.0227,0,individuals:1; tenths:1; Reed's:1
jw-letter-1777-43-to-his-great-niece-patience-ellison,john-wesley,43 To His Great Niece Patience Ellison,letter,1,176,0.0227,0,observes:1; faintest:1; motions:1; triflers:1
jw-letter-1778-28-to-arthur-keene,john-wesley,28 To Arthur Keene,letter,1,88,0.0227,0,stationed:1; ensuing:1
jw-letter-1784a-07-to-thomas-carlill,john-wesley,A 07 To Thomas Carlill,letter,1,88,0.0227,0,laborers:1; suffered:1
jw-letter-1784b-35-to-jeremiah-brettell,john-wesley,B 35 To Jeremiah Brettell,letter,1,88,0.0227,0,prettiest:1; advices:1
jw-letter-1786b-38-to-william-robarts,john-wesley,B 38 To William Robarts,letter,1,132,0.0227,0,paved:1; prevented:1; measures:1
jw-letter-1790a-36-to-george-sykes,john-wesley,A 36 To George Sykes,letter,1,44,0.0227,0,says:1
jw-letter-1757-14-to-dorothy-furly,john-wesley,14 To Dorothy Furly,letter,1,310,0.0226,0,TREMENEARE:1; lessening:1; burthen:1; fails:1; weaknesses:1; cases:1; fulfilling:1
jw-letter-1777-13-to-samuel-bradburn,john-wesley,13 To Samuel Bradburn,letter,1,133,0.0226,0,extremes:1; prosecuted:1; publishes:1
jw-letter-1779-34-to-miss-livingston,john-wesley,34 To Miss Livingston,letter,1,133,0.0226,0,Livingston:1; acted:1; prolonged:1
jw-letter-1781a-16-to-joseph-benson,john-wesley,A 16 To Joseph Benson,letter,1,177,0.0226,0,contradicts:1; stans:1; pede:1; uno:1
jw-letter-1781b-16-to-his-nephew-charles-wesley,john-wesley,B 16 To His Nephew Charles Wesley,letter,1,221,0.0226,0,launching:1; pleases:1; diverted:1; steals:1; inclines:1
jw-letter-1782b-26-to-william-robarts,john-wesley,B 26 To William Robarts,letter,1,133,0.0226,0,replies:1; condemns:1; esteemed:1
jw-letter-1786b-33-to-william-black,john-wesley,B 33 To William Black,letter,1,177,0.0226,0,showers:1; intermissions:1; hopes:1; discouraged:1
jw-letter-1787-16-to-elizabeth-padbury,john-wesley,16 To Elizabeth Padbury,letter,1,177,0.0226,0,refused:1; began:1; expects:1; neighbors:1
jw-letter-1788a-26-to-samuel-bradburn,john-wesley,A 26 To Samuel Bradburn,letter,1,133,0.0226,0,electrified:1; shocked:1; delayed:1
cw-duke-hymn-at-the-sacrament-1747,charles-wesley,Hymn at the Sacrament (1747),hymn,16,620,0.0226,0,updated:2; publishing:2; verified:2; np:2; promis'd:2; hopes:2; stay'st:2
cw-charge-to-keep,charles-wesley,A Charge to Keep I Have,hymn,5,178,0.0225,0,pow'rs:2; realms:2
cw-035-matthew-53-4-6,charles-wesley,035 Matthew 53 4 6,hymn,1,311,0.0225,0,promis'd:1; storms:1; bestow'd:1; lab'ring:1; unutter'd:1; warfare's:1; mourning's:1
jw-letter-1768-48-to-mrs-woodhouse,john-wesley,48 To Mrs Woodhouse,letter,1,267,0.0225,0,behaved:1; begins:1; cured:1; steeping:1; drinks:1; laboured:1
jw-letter-1770-23-to-mary-bishop,john-wesley,23 To Mary Bishop,letter,1,222,0.0225,0,pushed:1; extremes:1; remembers:1; renewed:1; pleases:1
jw-letter-1772-74-to-ann-bolton,john-wesley,74 To Ann Bolton,letter,2,444,0.0225,0,rides:1; affords:1; liquors:1; enjoys:1; dangers:1; natures:1; assaults:1; producing:1; warned:1; leaned:1
jw-letter-1779-43-to-william-ferguson,john-wesley,43 To William Ferguson,letter,1,89,0.0225,0,unsaleable:1; readers:1
jw-letter-1783b-40-to-matthem-mayer,john-wesley,B 40 To Matthem Mayer,letter,1,89,0.0225,0,Matthem:1; chastening:1
jw-letter-1786a-38-to-mrs-brisco,john-wesley,A 38 To Mrs Brisco,letter,1,89,0.0225,0,hindered:1; Oastler:1
jw-letter-1789a-62-to-george-flamank,john-wesley,A 62 To George Flamank,letter,1,89,0.0225,0,PORTAFFERRY:1; misunderstandings:1
jw-letter-1738-07-to-his-mother,john-wesley,07 To His Mother,letter,2,760,0.0224,0,expected:1; Brielle:1; yards:1; cleanest:1; doors:1; steps:1; natives:1; meets:1; Goudart:1; surprised:1; seemed:1; villages:1; hedges:1; Watteville:1; increases:1; became:1; skuyt:1
jw-letter-1745-13-to-the-mayor-of-newcastle-upon-tyne,john-wesley,13 To The Mayor Of Newcastle Upon Tyne,letter,3,714,0.0224,0,objected:2; cowards:2; cannonball:2; entrusted:1; troops:1; encamped:1; cursing:1; swearing:1; expected:1; careth:1; appearing:1; lips:1; whims:1
jw-letter-1774-42-to-jonathan-pritchard,john-wesley,42 To Jonathan Pritchard,letter,1,134,0.0224,0,urges:1; complaints:1; Boughton:1
jw-letter-1774-89-to-miss-march,john-wesley,89 To Miss March,letter,2,402,0.0224,0,seemed:1; awakened:1; hindrances:1; circumstances:1; events:1; finds:1; longest:1; shocks:1; tends:1
jw-letter-1782a-26-to-robert-costerdine,john-wesley,A 26 To Robert Costerdine,letter,1,134,0.0224,0,surprised:1; Whitehouse:1; informs:1
jw-letter-1782b-23-to-mr-joseph-taylor-at-the-preaching-,john-wesley,B 23 To Mr Joseph Taylor At The Preaching ,letter,1,312,0.0224,0,PreachingDate:1; professing:1; reported:1; inquired:1; falsehoods:1; attorneys:1; Hesmer:1
jw-letter-1782b-43-to-the-earl-of-shelburne,john-wesley,B 43 To The Earl Of Shelburne,letter,2,401,0.0224,0,fears:1; encourages:1; lines:1; embodying:1; exercising:1; dropped:1; fourths:1; obligations:1; endeavors:1
jw-letter-1790b-28-to-george-snowden,john-wesley,B 28 To George Snowden,letter,1,134,0.0224,0,superannuated:1; shattered:1; appointing:1
jw-letter-1744-04-to-the-moravian-church,john-wesley,04 To The Moravian Church,letter,4,1076,0.0223,0,RESIDING:1; sentiments:1; putting:1; assisting:1; delayed:1; ends:1; unites:1; respects:1; enabling:1; cursing:1; swearing:1; profaning:1; quarrelling:1; scandals:1; adorning:1; facts:1; occurred:1; endeavored:1; relating:1; believed:1
jw-letter-1762-18-to-samuel-furly-dublin-july-30-1762,john-wesley,18 To Samuel Furly Dublin July 30 1762,letter,2,493,0.0223,0,enabled:2; est:1; nomen':1; sumus:1; pares:1; ceasing:1; cleansed:1; atoning:1; holiest:1; walked:1
jw-letter-1781b-30-to-samuel-bradburn,john-wesley,B 30 To Samuel Bradburn,letter,1,179,0.0223,0,mortgaging:1; opposers:1; wings:1; subscribers:1
jw-letter-1768-38-to-james-morgan,john-wesley,38 To James Morgan,letter,3,809,0.0222,0,tends:2; amounted:1; exceptions:1; forgiven:1; senses:1; misstating:1; disliked:1; writings:1; mourned:1; believed:1; texts:1; asked:1; asketh:1; receiveth:1; hearers:1; wanted:1; steeped:1
jw-letter-1768-41-to-george-merryweather,john-wesley,41 To George Merryweather,letter,1,135,0.0222,0,preaches:1; senses:1; occurs:1
jw-letter-1771-41-to-mrs-crosby,john-wesley,41 To Mrs Crosby,letter,1,135,0.0222,0,stationed:1; facts:1; misinformed:1
jw-letter-1790a-37-to-his-niece-sarah-wesley,john-wesley,A 37 To His Niece Sarah Wesley,letter,1,225,0.0222,0,begins:1; ends:1; respects:1; cases:1; follows:1
jw-letter-1790b-44-to-richard-whatcoat,john-wesley,B 44 To Richard Whatcoat,letter,1,90,0.0222,0,exceeds:1; kingdoms:1
jw-letter-1731-07-to-mrs-pendarves,john-wesley,07 To Mrs Pendarves,letter,2,543,0.0221,0,natured:1; repeating:1; sighed:1; complaints:1; dispositions:1; uses:1; grows:1; livelier:1; soars:1; noblest:1; objects:1; can't:1
jw-letter-1748-17-to-ebenezer-blackwell,john-wesley,17 To Ebenezer Blackwell,letter,1,181,0.0221,0,hindrances:1; seemeth:1; lowest:1; circumstances:1
jw-letter-1751-23-to-john-downes,john-wesley,23 To John Downes,letter,1,181,0.0221,0,Shent's:1; wants:1; pounds:1; spifit:1
jw-letter-1759-03-to-ebenezer-blackwell-editors-introductory-notes-1,john-wesley,03 To Ebenezer Blackwell Editors Introductory Notes 1,letter,3,952,0.0221,0,faults:4; terms:3; picks:1; steals:1; papers:1; says:1; replies:1; entertains:1; people's:1; maintaining:1; won't:1; owned:1; excused:1; stumbled:1; renewed:1; stamped:1
jw-letter-1768-33-to-thomas-adam,john-wesley,33 To Thomas Adam,letter,2,724,0.0221,0,asked:2; replied:2; acted:1; professing:1; misinformed:1; certificates:1; objections:1; bigots:1; mea:1; refert:1; parishioners:1; hinders:1; reaping:1; owns:1
jw-letter-1770-05-to-christopher-hopper,john-wesley,05 To Christopher Hopper,letter,1,136,0.0221,0,terms:2; premises:1
jw-letter-1771-66-to-ann-bolton,john-wesley,66 To Ann Bolton,letter,1,136,0.0221,0,can't:1; marvellously:1; Jaquis:1
jw-letter-1774-92-to-mrs-pywell,john-wesley,92 To Mrs Pywell,letter,1,181,0.0221,0,terms:1; suffered:1; endured:1; 'principalities:1
jw-letter-1776-65-to-william-minethorp,john-wesley,65 To William Minethorp,letter,1,136,0.0221,0,blotted:1; causes:1; presses:1
jw-letter-1782a-43-to-thomas-taylor,john-wesley,A 43 To Thomas Taylor,letter,1,181,0.0221,0,families:1; commanders:1; truths:1; journeys:1
jw-letter-1786b-28-to-william-simpson,john-wesley,B 28 To William Simpson,letter,1,136,0.0221,0,lines:2; Broadbent's:1
jw-letter-1790a-54-to-william-black,john-wesley,A 54 To William Black,letter,1,226,0.0221,0,gets:1; congregations:1; pleases:1; Scurr:1; Dodson:1
cw-come-thou-long-expected-jesus,charles-wesley,"Come, Thou Long-Expected Jesus",hymn,3,182,0.022,0,expected:2; fears:2
jw-letter-1773-44-to-joseph-benson,john-wesley,44 To Joseph Benson,letter,1,182,0.022,0,promised:1; ensuing:1; pste:1; mouths:1
jw-letter-1781b-39-to-various-friends,john-wesley,B 39 To Various Friends,letter,2,409,0.022,0,sentiments:2; opportunities:1; Ckurch:1; required:1; runs:1; induces:1; inculcated:1; profited:1
jw-letter-1782b-06-to-ann-loxdale,john-wesley,B 06 To Ann Loxdale,letter,1,227,0.022,0,expected:1; renewed:1; hopes:1; interests:1; increases:1
jw-letter-1788b-16-to-mrs-charles-wesley,john-wesley,B 16 To Mrs Charles Wesley,letter,1,182,0.022,0,abated:1; Harrogate:1; pounds:1; moneys:1
jw-letter-1790b-41-to-george-holder,john-wesley,B 41 To George Holder,letter,1,182,0.022,0,other's:1; heart's:1; labors:1; Blaghorne:1
jw-treatise-gods-eyes-are-over-all-the-earth,john-wesley,Treatise Gods Eyes Are Over All The Earth,treatise,2,682,0.022,0,asked:5; stairs:2; remembered:1; followed:1; inquiries:1; patients:1; suffers:1; knocked:1; Justice's:1; sighed:1
jw-letters-1778,john-wesley,Letters 1778,letter,37,12434,0.022,0,lines:5; says:5; promised:4; reconciled:3; objections:3; trusted:3; entrusted:3; hopes:3; faults:3; poisoned:2; maintained:2; detained:2; prospered:2; orphans:2; strikes:2; deserves:2; believed:2; turneth:2; contentions:2; filthiest:2
jw-sermon-116,john-wesley,Sermon 116,sermon,13,3878,0.0219,0,wants:3; pounds:3; respects:2; termed:2; kingdoms:2; hearers:2; richer:2; observed:2; Causes:1; proposed:1; relates:1; overspreads:1; healed:1; covers:1; beasts:1; Morea:1; Circassia:1; Mongrelia:1; inhabiting:1; worshipping:1
cw-018-before-reading-the-scriptures-another-2,charles-wesley,018 Before Reading The Scriptures Another 2,hymn,1,137,0.0219,0,glories:1; quick'ning:1; prophetick:1
jw-letter-1759-20-to-mr-jones-editors-introductory-notes-1759,john-wesley,20 To Mr Jones Editors Introductory Notes 1759,letter,1,366,0.0219,0,talked:2; attained:1; required:1; says:1; ceasing:1; alterations:1; additions:1
jw-letter-1760-15-to-samuel-furly-editors-introductory-notes-1760,john-wesley,15 To Samuel Furly Editors Introductory Notes 1760,letter,1,319,0.0219,0,quarter's:1; neighbourhood:1; objections:1; clearest:1; expressions:1; terms:1; contradicts:1
jw-letter-1771-01-to-joseph-benson,john-wesley,01 To Joseph Benson,letter,1,137,0.0219,0,surprised:1; governed:1; blameable:1
jw-letter-1771-05-to-lady-maxwell,john-wesley,05 To Lady Maxwell,letter,3,594,0.0219,0,stationed:1; controverted:1; prejudices:1; labours:1; purposes:1; prevailed:1; caressed:1; neighbours:1; congregations:1; increased:1; increases:1; opens:1; larger:1
jw-letter-1772-58-to-his-niece-sarah-wesley,john-wesley,58 To His Niece Sarah Wesley,letter,1,228,0.0219,0,imaginations:1; archangels:1; preparing:1; forgets:1; natured:1
jw-letter-1790a-38-to-adam-clarke,john-wesley,A 38 To Adam Clarke,letter,1,137,0.0219,0,succeeded:1; plucking:1; hopes:1
jw-letter-1790b-30-to-sarah-rutter,john-wesley,B 30 To Sarah Rutter,letter,1,137,0.0219,0,stirred:1; talents:1; mercies:1
jw-letters-1788a,john-wesley,Letters 1788A,letter,35,11853,0.0219,0,brother's:6; volumes:3; prospers:3; occurs:3; expected:3; suffered:3; neglected:3; lines:3; pleases:3; objections:3; asked:2; hopes:2; threatened:2; guineas:2; fails:2; repairing:2; charges:2; pounds:2; endorses:2; cured:2
jw-letter-1730-05-to-mrs-pendarves,john-wesley,05 To Mrs Pendarves,letter,2,641,0.0218,0,obligations:1; repeating:1; acknowledgements:1; omitting:1; observed:1; requires:1; can't:1; overflowed:1; arrows:1; tenderest:1; deserves:1; wiped:1; imagined:1; recommending:1
jw-letter-1744-01-to-king-george-ii,john-wesley,01 To King George Ii,letter,2,458,0.0218,0,presumed:1; lips:1; remonstrances:1; represented:1; traduced:1; inclined:1; regards:1; kingdoms:1; calleth:1; victories:1
jw-letter-1762-13-to-samuel-furly-may-21-1762,john-wesley,13 To Samuel Furly May 21 1762,letter,2,505,0.0218,0,objections:3; consequences:2; boys:1; disavows:1; infinitum:1; says:1; truths:1; trusts:1
jw-letter-1768-27-to-his-brother-charles,john-wesley,27 To His Brother Charles,letter,1,275,0.0218,0,writes:1; hearers:1; suits:1; asserting:1; quoting:1; Errwso:1
jw-letter-1771-37-to-miss-march,john-wesley,37 To Miss March,letter,2,412,0.0218,0,transgressions:2; dealings:1; granted:1; writers:1; reasonings:1; accompanied:1; provoked':1; hurrying:1
jw-letter-1778-30-to-alexander-knox,john-wesley,30 To Alexander Knox,letter,1,229,0.0218,0,despising:1; preserving:1; 'applauding:1; deals:1; rejoices:1
jw-letter-1790b-35-to-adam-clarke,john-wesley,B 35 To Adam Clarke,letter,1,229,0.0218,0,changing:1; quickening:1; introduced:1; hazards:1; salts:1
jw-letter-1735-03-to-his-brother-samuel,john-wesley,03 To His Brother Samuel,letter,2,414,0.0217,0,propositions:2; relating:1; ordinances:1; contradicting:1; ignoratio:1; implies:1; accepts:1; Wcsley's:1
jw-letter-1748-14-to-his-brother-charles,john-wesley,14 To His Brother Charles,letter,1,184,0.0217,0,Alsop:1; journeys:1; became:1; trusted:1
jw-letter-1759-14-to-sir-james-lowther-newcastle-upon-tyne-june-1-17,john-wesley,14 To Sir James Lowther Newcastle Upon Tyne June 1 17,letter,1,369,0.0217,0,steps:2; mazes:1; fails:1; cases:1; circumstances:1; hopes:1; trappings:1
jw-letter-1761-11-to-george-downing,john-wesley,11 To George Downing,letter,1,369,0.0217,0,amica:1; veritas:1; breakfasted:1; jealousies:1; misunderstandings:1; faces:1; Excuses:1; enabled:1
jw-letter-1765-22-to-mrs-crosby-kingswood-october-5-1765,john-wesley,22 To Mrs Crosby Kingswood October 5 1765,letter,1,184,0.0217,0,doubted:1; walked:1; denying:1; fancying:1
jw-letter-1770-34-to-miss-march,john-wesley,34 To Miss March,letter,2,552,0.0217,0,entrusted:1; comprises:1; wants:1; weaknesses:1; sensations':1; sensations:1; hair's:1; tempers:1; terms:1; continues:1; Advices:1; admonitions:1
jw-letter-1771-29-to-christopher-hopper,john-wesley,29 To Christopher Hopper,letter,1,138,0.0217,0,volumes:2; vols:1
jw-letter-1777-19-to-mrs-johnston-annandale-lisleen,john-wesley,19 To Mrs Johnston Annandale Lisleen,letter,1,323,0.0217,0,observed:1; incited:1; spared:1; employing:1; discouraged:1; owned:1; labors:1
jw-letter-1778-02-to-thomas-taylor,john-wesley,02 To Thomas Taylor,letter,2,507,0.0217,0,poisoned:2; Publishing:1; declamations:1; weapons:1; contains:1; proves:1; willeth:1; pursuing:1; motives:1; spares:1
jw-letter-1778-18-to-thomas-wride,john-wesley,18 To Thomas Wride,letter,1,92,0.0217,0,accout:1; contras:1
jw-letter-1780b-04-to-samuel-bradburn,john-wesley,B 04 To Samuel Bradburn,letter,1,92,0.0217,0,'adventuring:1; theatre':1
jw-letter-1789a-09-to-robert-dull,john-wesley,A 09 To Robert Dull,letter,1,92,0.0217,0,wanted:1; pounds:1
jw-treatise-advice-to-a-soldier,john-wesley,Treatise Advice To A Soldier,treatise,6,2118,0.0217,0,fadeth:2; flames:2; houscs:1; pangs:1; started:1; lips:1; divideth:1; searcheth:1; trieth:1; understands:1; intojudgment:1; Supposest:1; burnings:1; quenched:1; lusts:1; affections:1; vipers:1; pleasures:1; Mayest:1; renewed:1
jw-letter-1771-09-to-walter-churchey,john-wesley,09 To Walter Churchey,letter,1,139,0.0216,0,conversing:1; expelling:1; Refiner's:1
jw-letter-1771-63-to-thomas-wride,john-wesley,63 To Thomas Wride,letter,1,139,0.0216,0,appointments:1; M'Combe:1; M'Combe's:1
jw-letter-1773-39-to-mary-bosanquet,john-wesley,39 To Mary Bosanquet,letter,1,139,0.0216,0,reached:1; remained:1; Harrogate:1
jw-letter-1774-91-to-charles-perronet,john-wesley,91 To Charles Perronet,letter,1,139,0.0216,0,reigning:1; Brigg's:1; figs:1
jw-letter-1775-33-to-thomas-wride,john-wesley,33 To Thomas Wride,letter,1,139,0.0216,0,concerns:1; suffered:1; fishwives:1
jw-letter-1781a-19-to-john-valton,john-wesley,A 19 To John Valton,letter,1,139,0.0216,0,observed:1; admitting:1; jumbling:1
jw-letter-1781b-04-to-mary-bishop,john-wesley,B 04 To Mary Bishop,letter,1,232,0.0216,0,began:1; respects:1; degrees:1; hair's:1; fashions:1
jw-letter-1786a-30-to-his-brother-charles,john-wesley,A 30 To His Brother Charles,letter,2,510,0.0216,0,concerts:2; anage:1; proposed:1; suggested:1; efforts:1; intends:1; libraries:1; friendship's:1; hopes:1; sleepeth:1
jw-sermon-066,john-wesley,The Signs of the Times,sermon,13,3957,0.0215,0,believed:3; hypocrites:2; imagined:2; sceptre:2; fulfilled:2; disciples:2; referred:2; lepers:2; cleansed:2; leavened:2; hardens:2; expected:2; agents:2; instruments:2; pleases:2; runs:1; discerned:1; crieth:1; paths:1; proposed:1
jw-sermon-097,john-wesley,Sermon 097,sermon,12,3760,0.0215,0,guides:8; enjoined:6; shows:3; obeyed:3; ornaments:3; prescribed:2; contained:2; entreated:2; rendered:2; insisted:1; congregations:1; extremes:1; recited:1; ruled:1; fixes:1; entitled:1; Volumes:1; volumes:1; Waiving:1; Applying:1
jw-letter-1763-13-to-miss-march,john-wesley,13 To Miss March,letter,4,1346,0.0215,0,proofs:2; believed:2; touches:1; nicest:1; relates:1; shattered:1; presses:1; facts:1; Branford:1; firstfruits:1; recommended:1; censured:1; defending:1; terms:1; complaining:1; impressions:1; commended:1; refused:1; availed:1; reproved:1
jw-letter-1764-23-to-sarah-moore,john-wesley,23 To Sarah Moore,letter,1,93,0.0215,0,staying:1; circumspectfully:1
jw-letter-1771-42-to-ann-bolton,john-wesley,42 To Ann Bolton,letter,1,186,0.0215,0,flames:1; wants:1; hears:1; troubles:1
jw-letter-1774-40-to-miss-march,john-wesley,40 To Miss March,letter,2,512,0.0215,0,requires:2; fears:2; properties:2; flows:1; produces:1; lines:1; respects:1; Newman's:1
jw-letter-1782a-01-to-joseph-benson,john-wesley,A 01 To Joseph Benson,letter,1,93,0.0215,0,recommending:1; subscribers:1
jw-letter-1786b-13-to-mary-cooke,john-wesley,B 13 To Mary Cooke,letter,1,279,0.0215,0,moments:2; gleams:1; ardors:1; holiest:1; requires:1
jw-letter-1788a-05-to-henry-moore,john-wesley,A 05 To Henry Moore,letter,1,186,0.0215,0,seemeth:1; refers:1; villages:1; attends:1
jw-letter-1788a-74-to-samuel-bradburn,john-wesley,A 74 To Samuel Bradburn,letter,1,93,0.0215,0,se'nnight:1; o'clock:1
jw-letter-1788b-39-to-walter-griffith,john-wesley,B 39 To Walter Griffith,letter,1,93,0.0215,0,offending:1; mildest:1
jw-letter-1789a-71-to-president-heath,john-wesley,A 71 To President Heath,letter,1,279,0.0215,0,pounds:2; ROXANNA:1; wanted:1; lines:1; reigneth:1
jw-letter-1761-05-to-mr-g-r-alias-r-a-alias-m-k-alias-r-w,john-wesley,05 To Mr G R Alias R A Alias M K Alias R W,letter,3,886,0.0214,0,practices:2; attacks:1; pushed:1; contained:1; infested:1; troublers:1; men's:1; proves:1; neighbour:1; affirms:1; sojourning:1; fails:1; 'Shocks:1; evidenced:1; trances:1; ecstasies:1; expressions:1; dogmas:1
jw-letter-1780a-27-to-ann-bolton,john-wesley,A 27 To Ann Bolton,letter,1,234,0.0214,0,chastening:1; rebuked:1; seemeth:1; reasonings:1; instruments:1
cw-007-hymn-vii,charles-wesley,007 Hymn Vii,hymn,2,934,0.0214,0,prays:2; abhors:2; dragg'd:2; moment's:2; intollerable:2; mercies:2; withstands:2; redeeming:2; proffer'd:2; sanctifying:2
jw-sermon-101,john-wesley,Sermon 101,sermon,14,4544,0.0213,0,objections:4; obeying:4; eateth:4; drinketh:4; pretence:4; abates:3; neglected:2; proves:2; excuses:2; mercies:2; required:2; communicants:2; renouncing:2; promised:2; requires:2; hinders:2; receives:2; oftener:2; enjoins:2; pupils:1
cw-097-the-love-feast-part-i,charles-wesley,097 The Love Feast Part I,hymn,5,1502,0.0213,0,voices:4; banish'd:2; glow'd:2; champions:2; pretious:2; quick'ning:2; wishes:2; expected:2; bidden:2; calling's:2; justifies:2; applies:2; Hallows:2; combin'd:2; bonds:2
jw-letter-1748-24-to-ebenezer-blackwell,john-wesley,24 To Ebenezer Blackwell,letter,2,609,0.0213,0,volumes:2; types:2; tends:1; waves:1; floods:1; larger:1; copies:1; inclined:1; swallowed:1; mentioning:1; permits:1
jw-letter-1753-12-to-mr-gillespie,john-wesley,12 To Mr Gillespie,letter,2,423,0.0213,0,evit:1; hopes:1; applying:1; supplied:1; became:1; prevented:1; shows:1; visited:1; conversed:1
jw-letter-1768-46-to-joseph-benson,john-wesley,46 To Joseph Benson,letter,1,141,0.0213,0,volumes:1; Burton's:1; swallowed:1
jw-letter-1773-42-to-mrs-woodhouse,john-wesley,42 To Mrs Woodhouse,letter,1,188,0.0213,0,expected:1; guests:1; tossed:1; joins:1
jw-letter-1774-57-to-penelope-newman,john-wesley,57 To Penelope Newman,letter,1,94,0.0213,0,refreshed:1; occurs:1
jw-letter-1774-85-to-christopher-hopper,john-wesley,85 To Christopher Hopper,letter,1,141,0.0213,0,blanche:1; families:1; pounds:1
jw-letter-1776-38-to-james-barry,john-wesley,38 To James Barry,letter,1,94,0.0213,0,talked:1; suffered:1
jw-letter-1781a-40-to-jeremiah-brettell,john-wesley,A 40 To Jeremiah Brettell,letter,1,141,0.0213,0,pounds:2; Redstone:1
jw-letter-1783b-21-to-mr------,john-wesley,B 21 To Mr      ,letter,1,141,0.0213,0,conversing:1; Lovelace:1; careth:1
jw-letter-1783b-23-to-hannah-ball,john-wesley,B 23 To Hannah Ball,letter,1,141,0.0213,0,says:1; prepareth:1; observes:1
jw-sermon-049,john-wesley,The Cure of Evil-Speaking,sermon,15,4475,0.0212,0,burdened:6; steps:3; gained:2; says:2; termed:2; lips:2; avoided:2; faults:2; cases:2; offenses:2; circumstances:2; observed:2; speakers:2; travaileth:2; regards:1; relating:1; backbiting:1; expressions:1; degrees:1; offence:1
cw-041-the-resignation,charles-wesley,041 The Resignation,hymn,3,944,0.0212,0,tortur'd:2; strugglings:2; agonies:2; controul:2; edn:2; avails:2; wand'ring:2; stoops:2; wav'ring:2; changes:2
jw-letter-1741-06-to-james-hutton,john-wesley,06 To James Hutton,letter,2,472,0.0212,0,requiring:1; acted:1; men's:1; labors:1; burthen:1; bereaving:1; necessitating:1; labours:1; required:1; regarded:1
jw-letter-1755-17-to-christopher-hopper,john-wesley,17 To Christopher Hopper,letter,1,189,0.0212,0,interred:1; ancestors:1; Ryton:1; produces:1
jw-letter-1764-34-to-ann-foard-norwich-october-12-1764,john-wesley,34 To Ann Foard Norwich October 12 1764,letter,2,706,0.0212,0,sanctifying:2; observed:2; follows:1; centuries:1; moments:1; Hooley:1; Hooley's:1; says:1; pleases:1; required:1; thinks:1; devices:1; tempers:1
jw-letter-1768-30-to-miss-march,john-wesley,30 To Miss March,letter,2,424,0.0212,0,inclined:1; circumstances:1; concurred:1; dangers:1; commended:1; excused:1; Brainerd's:1; prevented:1; continues:1
jw-letter-1772-26-to-ann-bolton,john-wesley,26 To Ann Bolton,letter,1,283,0.0212,0,inclined:1; writers':1; rises:1; recommending:1; expressions:1; bigots:1
jw-letter-1774-26-to-mrs-savage,john-wesley,26 To Mrs Savage,letter,1,189,0.0212,0,expected:1; depends:1; adorning:1; prepares:1
jw-letter-1780b-26-to-mary-bosanquet,john-wesley,B 26 To Mary Bosanquet,letter,1,189,0.0212,0,ideas:1; Hufflet:1; Spiralfields:1; Landers:1
jw-letter-1783a-38-to-hannah-ball,john-wesley,A 38 To Hannah Ball,letter,1,236,0.0212,0,mentioning:1; can't:1; visited:1; Wycornbe:1; Batting's:1
jw-letter-1785b-38-to-john-bredin,john-wesley,B 38 To John Bredin,letter,1,189,0.0212,0,pounds:1; hopes:1; procuring:1; concerns:1
jw-letter-1786b-45-to-john-valton,john-wesley,B 45 To John Valton,letter,1,330,0.0212,0,hazards:1; curtains:1; prunes:1; churned:1; steps:1; kingdoms:1; Purnell:1
jw-letter-1788a-29-to-adam-clarke,john-wesley,A 29 To Adam Clarke,letter,1,236,0.0212,0,mistakes:1; avec:1; L'Histoire:1; Sainte:1; owes:1
jw-letters-1785b,john-wesley,Letters 1785B,letter,29,9394,0.0212,0,says:4; circumstances:3; wanted:3; exposing:3; Neill:2; prevented:2; placed:2; pressed:2; writes:2; sacraments:2; pounds:2; Houlton:2; throws:2; observed:2; hopes:2; approved:2; papers:2; materials:2; McKersey:2; reasonings:2
jw-sermon-043,john-wesley,The Scripture Way of Salvation,sermon,15,4650,0.0211,0,believes:13; termed:3; implies:3; remaining:3; discerned:2; implied:2; senses:2; says:2; promised:2; wisest:1; seemed:1; suited:1; proposes:1; soul's:1; rendered:1; consummated:1; drawings:1; enlighteneth:1; consists:1; procured:1
jw-letter-1738-15-to-james-hutton,john-wesley,15 To James Hutton,letter,2,473,0.0211,0,merits:1; judaizing:1; name's:1; compassed:1; waxeth:1; shortened:1; proofs:1; attaining:1; renouncing:1; pretence:1
jw-letter-1741-01-to-his-brother-charles,john-wesley,01 To His Brother Charles,letter,3,759,0.0211,0,can't:2; laymen:2; purged:1; shows:1; facts:1; premises:1; Hecame:1; miscarried:1; respects:1; errors:1; Marschall:1; inclined:1; refers:1; regarded:1
jw-letter-1764-38-to-thomas-rankin,john-wesley,38 To Thomas Rankin,letter,1,142,0.0211,0,mouths:1; gainsayers:1; subscribers':1
jw-letter-1770-24-to-george-merryweather,john-wesley,24 To George Merryweather,letter,1,95,0.0211,0,sweepers:1; fingers:1
jw-letter-1772-68-to-mrs-bennis,john-wesley,68 To Mrs Bennis,letter,1,284,0.0211,0,bestowed:1; dropped:1; prevailed:1; accompanies:1; succeeded:1; followed:1
jw-letter-1773-81-to-ann-bolton,john-wesley,81 To Ann Bolton,letter,1,284,0.0211,0,opportunities:2; startled:1; Laving:1; advantages:1; repented:1
jw-letter-1776-29-to-christopher-hopper,john-wesley,29 To Christopher Hopper,letter,1,95,0.0211,0,fingers:1; expected:1
jw-letter-1777-70-to-thomas-rutherford,john-wesley,70 To Thomas Rutherford,letter,1,95,0.0211,0,acknowledges:1; journeys:1
jw-letter-1779-19-to-samuel-bardsley,john-wesley,19 To Samuel Bardsley,letter,1,95,0.0211,0,spared:1; promised:1
jw-letter-1784a-34-to-joseph-entwisle-and-david-gordon,john-wesley,A 34 To Joseph Entwisle And David Gordon,letter,1,95,0.0211,0,publishing:1; cleanseth:1
jw-letter-1784b-22-to-john-valton,john-wesley,B 22 To John Valton,letter,1,142,0.0211,0,Davison's:1; inclined:1; assaulted:1
jw-letter-1786b-35-to-freeborn-garrettson,john-wesley,B 35 To Freeborn Garrettson,letter,1,332,0.0211,0,labors:1; awakened:1; alarms:1; necessaries:1; granted:1; proposed:1; enclosed:1
jw-letter-1788b-53-to-john-blunt,john-wesley,B 53 To John Blunt,letter,1,190,0.0211,0,entrusted:1; compels:1; conversed:1; improved:1
jw-letter-1789a-82-to-john-dickins,john-wesley,A 82 To John Dickins,letter,1,142,0.0211,0,authors:1; sentences:1; blotted:1
jw-letter-1789b-41-to-thomas-taylor,john-wesley,B 41 To Thomas Taylor,letter,1,95,0.0211,0,approved:1; envies:1
jw-letter-1791-17-to-thomas-broadbent,john-wesley,17 To Thomas Broadbent,letter,1,95,0.0211,0,labors:1; cisterns:1
jw-letters-1781b,john-wesley,Letters 1781B,letter,23,7642,0.0211,0,hopes:4; other's:3; attained:3; requires:3; pounds:3; began:2; attaining:2; hurts:2; weakens:2; labors:2; advantages:2; writes:2; hindered:2; wings:2; talents:2; sentiments:2; justifieth:2; Story's:1; desisted:1; enjoyed:1
jw-letter-1745-06-to-his-brother-charles,john-wesley,06 To His Brother Charles,letter,2,620,0.021,0,Chesterle:1; belonged:1; Commessatorem:1; haud:1; satis:1; commodum:1; reached:1; attained:1; fulfilling:1; offending:1; redeeming:1; wants:1; pleaseth:1
jw-letter-1776-70-to-joseph-benson,john-wesley,70 To Joseph Benson,letter,1,143,0.021,0,oldest:1; opportunities:1; particulars:1
jw-letter-1789b-35-to-mrs-planche,john-wesley,B 35 To Mrs Planche,letter,1,238,0.021,0,Planche:1; seemed:1; relatives:1; putting:1; Addressed:1
jw-treatise-word-to-a-drunkard,john-wesley,Treatise Word To A Drunkard,treatise,3,1055,0.0209,0,excused:2; tempers:1; remained:1; befalling:1; befel:1; asked:1; ravished:1; murdered:1; killed:1; poisoned:1; mitting:1; villanies:1; moments:1; beasts:1; destroying:1; villains:1; one's:1; shouldest:1; meeteth:1; surrounds:1
jw-letters-1773,john-wesley,Letters 1773,letter,49,16666,0.0209,0,pounds:13; burthen:4; says:3; neighbors:3; kingdoms:3; opportunities:3; became:3; tempers:3; events:3; expected:3; senses:2; continues:2; mouths:2; windows:2; hopes:2; asked:2; ceasing:2; subscribed:2; preparing:2; advantages:2
jw-letter-1738-17-to-the-moravians-at-marienborn-and-herrnhut,john-wesley,17 To The Moravians At Marienborn And Herrnhut,letter,1,288,0.0208,0,instructing:1; doubts:1; shadows:1; obeying:1; straitened:1; cases:1
jw-letter-1751-04-to-john-edger-a-poor-weaver-out-of-work-0-5-0-to-l,john-wesley,04 To John Edger A Poor Weaver Out Of Work 0 5 0 To L,letter,1,48,0.0208,0,families:1
jw-letter-1768-54-to-joseph-benson,john-wesley,54 To Joseph Benson,letter,1,144,0.0208,0,follows:1; retards:1; gratifies:1
jw-letter-1772-55-to-alexander-clark,john-wesley,55 To Alexander Clark,letter,1,240,0.0208,0,esteemed:1; Geoghegan:1; tradesmen:1; kingdoms:1; charges:1
jw-letter-1780b-13-to-brian-bury-collins,john-wesley,B 13 To Brian Bury Collins,letter,1,192,0.0208,0,conditions:2; proposed:1; Stevens's:1
jw-letter-1782b-32-to-joseph-taylor,john-wesley,B 32 To Joseph Taylor,letter,1,96,0.0208,0,damaged:2
jw-letter-1783b-05-to-george-gidley,john-wesley,B 05 To George Gidley,letter,1,48,0.0208,0,hopes:1
jw-letter-1786a-31-to-hannah-ball,john-wesley,A 31 To Hannah Ball,letter,1,240,0.0208,0,prospers:1; continues:1; terms:1; particulars:1; shows:1
jw-letter-1789a-31-to-adam-clarke,john-wesley,A 31 To Adam Clarke,letter,1,240,0.0208,0,says:1; molehills:1; aided:1; cyder:1; tempers:1
jw-letters-1779,john-wesley,Letters 1779,letter,29,9781,0.0208,0,writes:3; fears:3; particulars:3; showed:2; follies:2; says:2; requires:2; disposes:2; opportunities:2; visited:2; desisted:2; acted:2; infirmities:2; chooses:2; wanted:2; believed:2; observed:2; accusations:2; inclined:2; subscribers:2
jw-letter-1739-14-to-james-hutton,john-wesley,14 To James Hutton,letter,4,1302,0.0207,0,proposed:2; postponed:2; seized:2; pangs:2; walked:1; began:1; Feachem:1; Dolling:1; o'clock:1; placed:1; conjured:1; perverting:1; questioned:1; dined:1; Purver's:1; enabled:1; waked:1; doubted:1; Weavers':1; followed:1
jw-letter-1747-06-to-the-clergyman-at-tredinny,john-wesley,06 To The Clergyman At Tredinny,letter,1,145,0.0207,0,surprised:1; affirming:1; pounds:1
jw-letter-1764-19-to-matthew-errington,john-wesley,19 To Matthew Errington,letter,1,193,0.0207,0,Miltons:2; Bp:1; Errington's:1
jw-letter-1773-47-to-christopher-hopper,john-wesley,47 To Christopher Hopper,letter,1,145,0.0207,0,Preaches':1; pounds:1; steps:1
jw-letter-1774-84-to-miss-march,john-wesley,84 To Miss March,letter,2,435,0.0207,0,ideas:2; safer:1; neighbors:1; characters:1; Ryan's:1; authors:1; kinds:1; conceptions:1
jw-letter-1777-23-to-lady-maxwell,john-wesley,23 To Lady Maxwell,letter,1,241,0.0207,0,requires:1; conveying:1; enjoyed:1; attained:1; Gow:1
jw-letter-1779-41-to-thomas-wride,john-wesley,41 To Thomas Wride,letter,1,145,0.0207,0,fears:1; hearers:1; lips:1
jw-letter-1781b-35-to-hannah-ball,john-wesley,B 35 To Hannah Ball,letter,1,145,0.0207,0,'Suffered:1; suffered:1; hopes:1
jw-letter-1782b-30-to-hester-ann-roe,john-wesley,B 30 To Hester Ann Roe,letter,1,241,0.0207,0,Macelesfield:1; detained:1; consists:1; laborers:1; minds:1
jw-letter-1787-42-to-jane-bisson,john-wesley,42 To Jane Bisson,letter,1,193,0.0207,0,enabled:1; ceasing:1; warms:1; doubted:1
jw-letter-1788b-14-to-mrs-ward,john-wesley,B 14 To Mrs Ward,letter,1,193,0.0207,0,misrepresented:1; urged:1; entertains:1; oddities:1
jw-letter-1790a-44-to-arthur-keene,john-wesley,A 44 To Arthur Keene,letter,1,193,0.0207,0,ties:1; walked:1; renounced:1; discharged:1
jw-letter-1750-04-to-john-bennet,john-wesley,04 To John Bennet,letter,2,436,0.0206,0,person's:1; occasioned:1; bearers:1; traced:1; lips:1; believed:1; required:1; sharpest:1; throws:1
jw-letter-1759-22-to-the-editor-of-lloyds-evening-post-editors-intro,john-wesley,22 To The Editor Of Lloyds Evening Post Editors Intro,letter,2,436,0.0206,0,sweeter:2; observed:2; rooms:1; shoals:1; showed:1; apartments:1; loaves:1
jw-letter-1760-06-to-lady-rawdon-editors-introductory-notes-1760,john-wesley,06 To Lady Rawdon Editors Introductory Notes 1760,letter,2,630,0.0206,0,thieves:1; natured:1; repelled:1; attacks:1; touches:1; strokes:1; insinuations:1; sapped:1; steps:1; trifles:1; holiest:1; benefits:1; impaired:1
jw-letter-1771-10-to-the-editor-of-lloyds-evening-post,john-wesley,10 To The Editor Of Lloyds Evening Post,letter,3,973,0.0206,0,says:3; asserting:2; pamphlets:1; objections:1; papers:1; attacking:1; offence:1; showed:1; lingering:1; charged:1; volumes:1; asserted:1; insisted:1; merits:1; discussed:1; ascribed:1; refuted:1
jw-letter-1772-40-to-philothea-briggs,john-wesley,40 To Philothea Briggs,letter,2,388,0.0206,0,se'nnight:1; weaknesses:1; faults:1; larger:1; 'doeth:1; adds:1; cases:1; inculcated:1
jw-letter-1774-39-to-mary-bishop,john-wesley,39 To Mary Bishop,letter,1,194,0.0206,0,observed:1; reproving:1; minds:1; expected:1
jw-letter-1775-83-to-the-earl-of-dartmouth-lord-privy-seal,john-wesley,83 To The Earl Of Dartmouth Lord Privy Seal,letter,2,486,0.0206,0,corrections:1; papers:1; perused:1; objections:1; troubles:1; forefathers:1; placed:1; depends:1; counsels:1; prays:1
jw-letter-1777-66-to-mrs-crosby,john-wesley,66 To Mrs Crosby,letter,1,194,0.0206,0,larger:1; retrenching:1; admits:1; exceptions:1
jw-letter-1781b-08-to-francis-wolfe,john-wesley,B 08 To Francis Wolfe,letter,1,97,0.0206,0,labors:1; reappointed:1
jw-letter-1784b-08-to-his-nephew-samuel-wesley,john-wesley,B 08 To His Nephew Samuel Wesley,letter,2,631,0.0206,0,TRECWN:1; observed:1; weightier:1; opportunities:1; believed:1; Bellamine:1; renewed:1; diverted:1; practices:1; modes:1; zealots:1; guides:1; shoals:1
jw-letter-1786b-32-to-william-simpson,john-wesley,B 32 To William Simpson,letter,1,97,0.0206,0,contentions:1; complaints:1
jw-letter-1787-19-to-james-barry,john-wesley,19 To James Barry,letter,1,389,0.0206,0,asked:1; can't:1; replied:1; 'Can't:1; cards':1; cards:1; amusements:1; expects:1
jw-letters-1784a,john-wesley,Letters 1784A,letter,18,6265,0.0206,0,towns:4; infirmities:2; discarding:2; promised:2; rejecteth:2; walked:2; shows:2; hopes:2; visited:2; surprised:2; labors:2; believes:1; Bethhal:1; Lelivre's:1; Histoire:1; du:1; Mthodisme:1; dans:1; conveniences:1; patients:1
jw-letter-1736-13-to-mr-verelst-the-date-and-the-person-to-whom-when,john-wesley,13 To Mr Verelst The Date And The Person To Whom When,letter,1,244,0.0205,0,expectations:1; wisest:1; regulating:1; prevailing:1; administering:1
jw-letter-1773-60-to-john-valton,john-wesley,60 To John Valton,letter,1,146,0.0205,0,verted:1; became:1; se'nnight:1
jw-letter-1776-36-to-william-severn,john-wesley,36 To William Severn,letter,1,244,0.0205,0,remaining:1; stationed:1; burthen:1; termed:1; natured:1
jw-letter-1777-36-to-elizabeth-ritchie,john-wesley,36 To Elizabeth Ritchie,letter,1,195,0.0205,0,respects:2; increased:1; says:1
jw-letter-1787-26-to-granville-sharp,john-wesley,26 To Granville Sharp,letter,1,341,0.0205,0,fasque:2; encumbered:1; infatuated:1; procuring:1; informers:1; sailors:1
cw-christ-whose-glory,charles-wesley,"Christ, Whose Glory Fills the Skies",hymn,4,196,0.0204,0,day's:2; beams:2
jw-letter-1737-13-to-mr-verelst-the-date-and-the-person-to-whom-this,john-wesley,13 To Mr Verelst The Date And The Person To Whom This,letter,1,245,0.0204,0,expectations:1; wisest:1; regulating:1; prevailing:1; administering:1
jw-letter-1780b-12-to-penelope-newman,john-wesley,B 12 To Penelope Newman,letter,1,245,0.0204,0,offence:1; began:1; says:1; shortened:1; shows:1
jw-letter-1782b-04-to-penelope-newman,john-wesley,B 04 To Penelope Newman,letter,1,98,0.0204,0,prepares:1; mayest:1
jw-letter-1783b-12-to-thomas-welch,john-wesley,B 12 To Thomas Welch,letter,1,98,0.0204,0,Welch:1; behaving:1
jw-letter-1786b-05-to-the-mayor-of-liverpool,john-wesley,B 05 To The Mayor Of Liverpool,letter,1,98,0.0204,0,violated:1; molests:1
jw-letter-1786b-36-to-samuel-bradburn,john-wesley,B 36 To Samuel Bradburn,letter,2,539,0.0204,0,neglected:1; gained:1; respects:1; depended:1; expected:1; cured:1; neighbors:1; terms:1; relating:1; facts:1; observed:1
jw-letter-1787-43-to-robert-carr-brackenbury,john-wesley,43 To Robert Carr Brackenbury,letter,1,98,0.0204,0,labors:1; hopes:1
jw-letter-1788a-52-to-william-whitestone,john-wesley,A 52 To William Whitestone,letter,1,98,0.0204,0,concluded:1; reconciled:1
jw-letter-1790b-22-to-robert-carr-brackenbury,john-wesley,B 22 To Robert Carr Brackenbury,letter,1,294,0.0204,0,wanted:1; shows:1; ventured:1; Dieuside:1; propagating:1; journeys:1
jw-letter-1737-15-to-mrs-williamson-sophia-hopkey,john-wesley,15 To Mrs Williamson Sophia Hopkey,letter,1,296,0.0203,0,conquered:2; asked:1; Mellichamp:1; Sophy's:1; facts:1
jw-letter-1738-05-to-william-law,john-wesley,05 To William Law,letter,3,790,0.0203,0,began:3; elements:1; treatises:1; allowed:1; exhorted:1; stirred:1; obtaining:1; warring:1; groaned:1; complaining:1; discerned:1; cleanseth:1; dwelleth:1; mercies:1
jw-letter-1770-26-to-mrs-bennis,john-wesley,26 To Mrs Bennis,letter,1,296,0.0203,0,hinders:1; reigning:1; denying:1; perfection's:1; adhered:1; burthen:1
jw-letter-1771-18-to-joseph-pilmoor,john-wesley,18 To Joseph Pilmoor,letter,1,246,0.0203,0,correspondents:1; asserts:1; writings:1; procured:1; misrepresented:1
jw-letter-1783b-38-to-captain-richard-williams,john-wesley,B 38 To Captain Richard Williams,letter,1,148,0.0203,0,lines:1; papers:1; Kirly:1
jw-letter-1786a-09-to-samuel-bradburn,john-wesley,A 09 To Samuel Bradburn,letter,1,148,0.0203,0,springeth:1; reigneth:1; seemeth:1
jw-treatise-word-to-a-freeholder,john-wesley,Treatise Word To A Freeholder,treatise,3,935,0.0203,0,depended:2; talks:2; ensuing:1; wilful:1; uses:1; ordinances:1; excused:1; rejoices:1; esteemed:1; respects:1; dignities:1; whoring:1; cursing:1; swearing:1; Heathem:1; fears:1; seeks:1
jw-letter-1731-06-to-mrs-pendarves,john-wesley,06 To Mrs Pendarves,letter,3,693,0.0202,0,neglected:2; avoided:1; delayed:1; hemmed:1; requested:1; replies:1; repents:1; placed:1; remembered:1; abbreviations:1; objections:1; conversing:1; joins:1
jw-letter-1738-11-to-his-brother-charles,john-wesley,11 To His Brother Charles,letter,1,198,0.0202,0,uncle's:1; Solms:1; expectations:1; examples:1
jw-letter-1768-37-to-lawrence-coughlan,john-wesley,37 To Lawrence Coughlan,letter,3,744,0.0202,0,neighbour:2; walked:2; providences:1; suffered:1; writings:1; consisted:1; stamped:1; enabling:1; waked:1; 'encompassed:1; testified:1; opposers:1; enabled:1
jw-letter-1769-04-to-samuel-levick,john-wesley,04 To Samuel Levick,letter,1,99,0.0202,0,assisted:1; purchased:1
jw-letter-1773-19-to-mrs-moon,john-wesley,19 To Mrs Moon,letter,1,198,0.0202,0,governs:1; permits:1; secrets:1; meets:1
jw-letter-1774-36-to-elizabeth-ritchie,john-wesley,36 To Elizabeth Ritchie,letter,1,248,0.0202,0,observes:1; dealings:1; uses:1; talents:1; devices:1
jw-letter-1774-78-to-john-simpson,john-wesley,78 To John Simpson,letter,1,247,0.0202,0,proposed:1; readest:1; disputing:1; intellects:1; warned:1
jw-letter-1775-34-to-ann-bolton,john-wesley,34 To Ann Bolton,letter,1,99,0.0202,0,wanted:1; o'clock:1
jw-letter-1775-74-to-samuel-bardsley,john-wesley,74 To Samuel Bardsley,letter,1,99,0.0202,0,guineas:1; deducted:1
jw-letter-1779-51-to-samuel-bradburn,john-wesley,51 To Samuel Bradburn,letter,1,198,0.0202,0,stirred:1; awakened:1; fullest:1; Humpson:1
jw-letter-1781a-11-to-elizabeth-morgan,john-wesley,A 11 To Elizabeth Morgan,letter,1,247,0.0202,0,surprised:1; upholds:1; paths:1; permits:1; informs:1
jw-letter-1786a-14-to-peter-walker,john-wesley,A 14 To Peter Walker,letter,1,99,0.0202,0,laborers:1; believed:1
jw-letter-1786a-32-to-lancelot-harrison,john-wesley,A 32 To Lancelot Harrison,letter,1,99,0.0202,0,disturbances:1; attested:1
jw-letter-1788a-21-to-his-brother-charles,john-wesley,A 21 To His Brother Charles,letter,1,99,0.0202,0,ventured:1; needed:1
jw-letter-1788a-23-to-his-niece-sarah-wesley,john-wesley,A 23 To His Niece Sarah Wesley,letter,1,198,0.0202,0,roasted:1; brother's:1; brothers:1; asking:1
jw-letter-1789a-26-to-walter-churchey,john-wesley,A 26 To Walter Churchey,letter,1,198,0.0202,0,volumes:1; brother's:1; expunged:1; pounds:1
jw-letter-1773-83-to-mrs-pywell,john-wesley,83 To Mrs Pywell,letter,1,149,0.0201,0,requests:1; y's:1; believed:1
jw-letter-1775-22-to-richard-morgan,john-wesley,22 To Richard Morgan,letter,1,298,0.0201,0,conversed:1; intents:1; purposes:1; humored:1; hinders:1; bono:1
jw-letter-1777-39-to-alexander-mather,john-wesley,39 To Alexander Mather,letter,1,149,0.0201,0,enervated:1; suffered:1; laymen:1
jw-letter-1784a-26-to-hannah-ball,john-wesley,A 26 To Hannah Ball,letter,1,149,0.0201,0,controls:1; flows:1; faileth:1
jw-letter-1787-28-to-alexander-mather,john-wesley,28 To Alexander Mather,letter,1,149,0.0201,0,concessions:1; says:1; hindered:1
jw-letter-1787-29-to-robert-carr-brackenbury,john-wesley,29 To Robert Carr Brackenbury,letter,1,199,0.0201,0,thinks:1; repented:1; discussed:1; lines:1
jw-treatise-prayers-for-children,john-wesley,Treatise Prayers For Children,treatise,16,5915,0.0201,0,mercies:14; dangers:7; bestowed:6; lips:4; evils:3; merits:3; wings:3; makest:2; mayest:2; instructing:2; reforming:2; favours:2; cleansed:2; enabled:2; superiors:2; pleasures:2; inspira:2; tion:2; mourish:2; knees:1
jw-letters-1789a,john-wesley,Letters 1789A,letter,42,13930,0.0201,0,pounds:6; surprised:5; subscribers:5; began:5; copies:4; wanted:4; stationed:3; consequences:3; conversed:3; observed:3; seemed:3; objections:3; prays:3; proposed:3; signifies:2; promised:2; pleases:2; enabled:2; rioters:2; says:2
jw-letter-1738-24-to-dr-koker,john-wesley,24 To Dr Koker,letter,1,300,0.02,0,laborers:2; glorified:1; day's:1; papers:1; increases:1
jw-letter-1754-05-to-sir-james-lowther,john-wesley,05 To Sir James Lowther,letter,3,1051,0.02,0,observed:3; hospitals:2; pounds:2; enabled:1; borders:1; seemed:1; oppressors:1; charities:1; replied:1; faults:1; hundreds:1; begged:1; granted:1; regarded:1; entrusts:1; expended:1; banished:1
jw-letter-1763-20-to-richard-hart,john-wesley,20 To Richard Hart,letter,2,449,0.02,0,performed:4; prevented:1; observed:1; proposed:1; hints:1; occurred:1
jw-letter-1773-73-to-joseph-benson,john-wesley,73 To Joseph Benson,letter,1,50,0.02,0,expected:1
jw-letter-1777-04-to-thomas-wride,john-wesley,04 To Thomas Wride,letter,1,100,0.02,0,laborers:1; steps:1
jw-letter-1777-12-to-mrs-barton,john-wesley,12 To Mrs Barton,letter,1,150,0.02,0,prospers:1; jealousies:1; reproved:1
jw-letter-1781a-42-to-his-brother-charles,john-wesley,A 42 To His Brother Charles,letter,1,200,0.02,0,nigrae:1; succus:1; loliginis:1; inclined:1
jw-letter-1786a-45-to-samuel-bradburn,john-wesley,A 45 To Samuel Bradburn,letter,1,150,0.02,0,surprised:1; inclined:1; safer:1
jw-letter-1787-40-to-adam-clarke,john-wesley,40 To Adam Clarke,letter,1,250,0.02,0,followed:3; consequences:2
jw-letter-1790a-49-to-george-holder,john-wesley,A 49 To George Holder,letter,1,100,0.02,0,staying:1; supplied:1
jw-letters-1781a,john-wesley,Letters 1781A,letter,25,8169,0.02,0,hopes:3; circumstances:2; seemed:2; Birks:2; inclined:2; surprised:2; informs:2; uses:2; observed:2; writings:2; degrees:2; excludes:2; manifestations:2; treatises:2; pounds:2; followed:1; visited:1; wanted:1; asking:1; enclosed:1
jw-sermon-035,john-wesley,The Law Established Through Faith I,sermon,14,4584,0.0199,0,merits:4; convicted:3; unbelievers:3; justifies:3; proves:2; sinned:2; says:2; steps:2; supersedes:2; believes:2; abhorred:2; terms:1; addressed:1; infers:1; undertaken:1; denies:1; confuted:1; contended:1; hewing:1; maintaining:1
jw-letter-1747-09-to-ebenezer-blackwell,john-wesley,09 To Ebenezer Blackwell,letter,1,351,0.0199,0,Lunell's:1; transplanted:1; mended:1; begins:1; respects:1; lips:1; forgiven:1
jw-letter-1763-17-to-ann-foard,john-wesley,17 To Ann Foard,letter,1,151,0.0199,0,refreshed:1; believed:1; sanctifies:1
jw-letter-1779-42-to-kitty-warren,john-wesley,42 To Kitty Warren,letter,1,301,0.0199,0,rewarded:1; shapes:1; believed:1; observed:1; steps:1; lacking:1
jw-letters-1782b,john-wesley,Letters 1782B,letter,28,9360,0.0199,0,renewed:4; began:3; writes:3; asked:3; suffered:3; dispersing:3; revenues:3; ensuing:2; strongest:2; mayest:2; opportunities:2; expected:2; hopes:2; staying:2; pleases:2; became:2; stationed:2; laborers:2; damaged:2; lines:2
jw-letter-1736-05-to-his-brother-charles,john-wesley,05 To His Brother Charles,letter,1,101,0.0198,0,exasperates:1; regardeth:1
jw-letter-1759-23-to-his-wife-editors-introductory-notes-1759,john-wesley,23 To His Wife Editors Introductory Notes 1759,letter,4,1113,0.0198,0,papers:5; sharpens:1; embitters:1; frustrating:1; plundered:1; scholar's:1; Landey's:1; burthen:1; befits:1; faults:1; visited:1; required:1; particulars:1; charged:1; served:1; gentlewoman's:1; lips:1; advices:1
jw-letter-1769-03-to-ann-bolton,john-wesley,03 To Ann Bolton,letter,1,252,0.0198,0,hopes:2; shows:1; recommended:1; grows:1
jw-letter-1770-51-to-christopher-hopper,john-wesley,51 To Christopher Hopper,letter,1,101,0.0198,0,seemeth:1; prevailed:1
jw-letter-1781a-23-to-ann-loxdale,john-wesley,A 23 To Ann Loxdale,letter,1,202,0.0198,0,moments:1; undergone:1; suffered':1; endears:1
jw-letter-1788b-50-to-peter-mill,john-wesley,B 50 To Peter Mill,letter,1,101,0.0198,0,chanted:1; objections:1
jw-letter-1790a-29-to-dr-pretyman-tomline-bishop-of-lincoln,john-wesley,A 29 To Dr Pretyman Tomline Bishop Of Lincoln,letter,1,252,0.0198,0,Pretyman:1; Tomline:1; discharged:1; sentiments:1; choicest:1
jw-letter-1790b-16-to-his-niece-sarah-wesley,john-wesley,B 16 To His Niece Sarah Wesley,letter,1,353,0.0198,0,swearing:1; obeyed:1; Twicken:1; owes:1; says:1; sorest:1; brother's:1
jw-treatise-word-to-a-sabbath-breaker,john-wesley,Treatise Word To A Sabbath Breaker,treatise,4,1215,0.0198,0,receiveth:2; potsherds:1; contendeth:1; sitteth:1; grashoppers:1; rested:1; livest:1; IIe:1; needeth:1; sinnest:1; transgressions:1; doeth:1; calleth:1; hopest:1; mayest:1; proffered:1; purchased:1; repeating:1; mis:1; profaners:1
jw-letter-1768-08-to-hannah-ball,john-wesley,08 To Hannah Ball,letter,1,152,0.0197,0,tries:1; troubles:1; kinds:1
jw-letter-1782a-29-to-ann-loxdale,john-wesley,A 29 To Ann Loxdale,letter,1,203,0.0197,0,swallowed:1; glorifying:1; cases:1; Gerhardt's:1
jw-letter-1782a-31-to-thomas-brisco,john-wesley,A 31 To Thomas Brisco,letter,1,152,0.0197,0,changing:1; larger:1; advices:1
jw-letters-1780a,john-wesley,Letters 1780A,letter,17,5169,0.0197,0,recommending:3; heretics:2; dispensing:2; acknowledges:2; asked:2; says:2; offence:2; conditions:2; doubts:2; fears:2; purposes:2; purified:1; Cumberland's:1; entitled:1; pronounces:1; disclaimed:1; tolerated:1; heretics':1; sweeps:1; spider's:1
jw-letter-1750-08-to-joseph-cownley,john-wesley,08 To Joseph Cownley,letter,1,358,0.0196,0,seas:1; sleepers:1; wolves:1; hopes:1; oen:1; hearers:1; purged:1
jw-letter-1757-24-to-mrs-ryan,john-wesley,24 To Mrs Ryan,letter,1,306,0.0196,0,degenerated:1; rerds:1; seasons:1; overcomes:1; regarded:1; mercies:1
jw-letter-1767-10-to-ann-foard,john-wesley,10 To Ann Foard,letter,1,204,0.0196,0,parent's:1; fears:1; weakened:1; reasonings:1
jw-letter-1772-16-to-christopher-hopper,john-wesley,16 To Christopher Hopper,letter,1,153,0.0196,0,imagined:1; establishing:1; men's:1
jw-letter-1773-09-to-samuel-bardsley,john-wesley,09 To Samuel Bardsley,letter,1,153,0.0196,0,hopes:1; asked:1; poorer:1
jw-letter-1776-48-to-the-officer-of-excise,john-wesley,48 To The Officer Of Excise,letter,1,51,0.0196,0,teaspoons:1
jw-letter-1776-63-to-thomas-carlill,john-wesley,63 To Thomas Carlill,letter,1,102,0.0196,0,labors:1; lads:1
jw-letter-1783b-11-to-thomas-les,john-wesley,B 11 To Thomas Les,letter,1,51,0.0196,0,pounds:1
jw-letter-1791-11-to-james-macdonald,john-wesley,11 To James Macdonald,letter,1,102,0.0196,0,Macdonald:1; occurs:1
jw-letter-1742-04-to-howell-harris,john-wesley,04 To Howell Harris,letter,1,359,0.0195,0,another's:2; suffered:1; stablish:1; dated:1; jangling:1; evildoers:1
jw-letter-1770-14-to-mrs-barton,john-wesley,14 To Mrs Barton,letter,1,154,0.0195,0,hundreds:1; doubted:1; enjoyed:1
jw-letter-1771-14-to-joseph-benson,john-wesley,14 To Joseph Benson,letter,1,205,0.0195,0,termed:1; babes:1; prevailed:1; promised:1
jw-letter-1775-68-to-christopher-hopper,john-wesley,68 To Christopher Hopper,letter,1,154,0.0195,0,reached:1; judgements:1; individuals:1
jw-letter-1778-43-to-mary-bishop,john-wesley,43 To Mary Bishop,letter,2,616,0.0195,0,imbibing:2; sacraments:2; awakened:1; adhered:1; terms:1; imposed:1; hearers:1; ministrations:1; circumstances:1; undertaken:1
jw-letter-1788b-45-to-edward-jackson,john-wesley,B 45 To Edward Jackson,letter,1,154,0.0195,0,denying:1; tickets:1; neglected:1
jw-letters-1790b,john-wesley,Letters 1790B,letter,24,7749,0.0195,0,pounds:7; changing:3; hopes:3; shillings:3; tares:2; suffered:2; brother's:2; se'nnight:2; other's:2; prescribed:2; neglected:2; pleases:2; surprised:1; failed:1; hindered:1; laircissement:1; surmising:1; prolonged:1; enabled:1; sows:1
jw-sermon-094,john-wesley,Sermon 094,sermon,14,4374,0.0194,0,begins:4; implied:3; served:2; seemeth:2; believes:2; required:2; ordinances:2; girls:2; fears:2; tribes:1; rehearsed:1; advantages:1; glorified:1; neglected:1; unius:1; aetatis:1; lasts:1; explains:1; lasted:1; consequences:1
jw-letter-1742-06-to-mrs-hall-martha-wesley,john-wesley,06 To Mrs Hall Martha Wesley,letter,1,360,0.0194,0,excused:1; tempers:1; sentiments:1; infused:1; deluded:1; became:1; estranged:1
jw-letter-1751-12-to-his-wife,john-wesley,12 To His Wife,letter,1,103,0.0194,0,can't:1; Armitage's:1
jw-letter-1762-19-to-his-brother-charles,john-wesley,19 To His Brother Charles,letter,1,360,0.0194,0,occurred:1; tempers:1; expressions:1; quotus:1; arrogat:1; annus:1; sakes:1
jw-letter-1767-17-to-his-brother-charles,john-wesley,17 To His Brother Charles,letter,2,567,0.0194,0,hindered:2; kingdoms:1; surprised:1; consules:1; chiefs:1; walked:1; neighbours:1; omnes:1; likeminded:1; Errwso:1
jw-letter-1768-21-to-ann-bolton,john-wesley,21 To Ann Bolton,letter,1,103,0.0194,0,calleth:1; forgiven:1
jw-letter-1771-72-to-john-fletcher,john-wesley,72 To John Fletcher,letter,1,155,0.0194,0,termed:1; says:1; tempers:1
jw-letter-1774-14-to-walter-churchey,john-wesley,14 To Walter Churchey,letter,1,103,0.0194,0,travelers:1; prevailing:1
jw-letter-1775-25-to-thomas-rankin-in-america,john-wesley,25 To Thomas Rankin In America,letter,1,361,0.0194,0,bullocks:1; other's:1; visited:1; Cambuslang:1; followed:1; inquired:1; retained:1
jw-letter-1776-18-to-alexander-knox,john-wesley,18 To Alexander Knox,letter,1,155,0.0194,0,introducing:1; watercress's:1; repels:1
jw-letter-1786b-14-to-walter-churchey,john-wesley,B 14 To Walter Churchey,letter,1,206,0.0194,0,exchanging:1; detained:1; continues:1; skilful:1
jw-letter-1788a-20-to-susanna-knapp,john-wesley,A 20 To Susanna Knapp,letter,1,155,0.0194,0,lines:1; influenced:1; visits:1
jw-treatise-on-christian-perfection-to-mr-dodd,john-wesley,Treatise On Christian Perfection To Mr Dodd,treatise,2,413,0.0194,0,began:2; favoured:1; expressions:1; wdvance:1; sentiments:1; coolest:1; passages:1
cw-007-grace-before-meat---another-part-i,charles-wesley,007 Grace Before Meat   Another Part I,hymn,1,207,0.0193,0,Enslav'd:1; pow'r:1; Grov'ling:1; heav'nly:1
jw-letter-1760-01-to-george-merryweather-brentford-january-24-1760,john-wesley,01 To George Merryweather Brentford January 24 1760,letter,1,207,0.0193,0,issued:1; stationed:1; became:1; breakfasted:1
jw-letter-1763-07-to-his-brother-charles,john-wesley,07 To His Brother Charles,letter,1,207,0.0193,0,delayed:1; caput:1; peached:1; associates:1
jw-letter-1771-58-to-philothea-briggs,john-wesley,58 To Philothea Briggs,letter,1,259,0.0193,0,suggestions:1; attacks:1; minds:1; workings:1; lessening:1
jw-letter-1782b-10-to-joseph-benson,john-wesley,B 10 To Joseph Benson,letter,1,207,0.0193,0,renewed:2; became:1; asked:1
jw-letter-1783a-24-to-his-brother-charles,john-wesley,A 24 To His Brother Charles,letter,2,414,0.0193,0,recovering:1; Blewcastle:1; permits:1; reached:1; dames:1; hies:1; writes:1; says:1
jw-letter-1788b-28-to-elizabeth-baker,john-wesley,B 28 To Elizabeth Baker,letter,1,311,0.0193,0,deepest:1; shows:1; doeth:1; supplied:1; wants:1; ceasing:1
jw-letter-1789a-59-to-john-bredin-londonderry-june-1-1789,john-wesley,A 59 To John Bredin Londonderry June 1 1789,letter,1,207,0.0193,0,signifies:1; rains:1; windows:1; doors:1
jw-letter-1735-06-to-dr-burton,john-wesley,06 To Dr Burton,letter,5,1616,0.0192,0,embarking:1; comments:1; truths:1; mindedness:1; pleasures:1; meats:1; drinks:1; suits:1; affords:1; wilds:1; helps:1; convinces:1; besets:1; entrusted:1; hearers:1; betrayed:1; lips:1; flows:1; dispensing:1; attractions:1
jw-letter-1744-08-to-thomas-church,john-wesley,08 To Thomas Church,letter,1,52,0.0192,0,'objected:1
jw-letter-1757-08-to-dorthy-furly,john-wesley,08 To Dorthy Furly,letter,1,260,0.0192,0,required:2; Dorthy:1; promised:1; expectations:1
jw-letter-1768-43-to-christopher-hopper,john-wesley,43 To Christopher Hopper,letter,1,156,0.0192,0,wits':1; Oastler's:1; trusted:1
jw-letter-1775-40-to-thomas-rankin,john-wesley,40 To Thomas Rankin,letter,1,261,0.0192,0,prospers:1; profits:1; troubles:1; degrees:1; arrears:1
jw-letter-1781b-41-to-duncan-wright,john-wesley,B 41 To Duncan Wright,letter,1,156,0.0192,0,wings:1; changing:1; requires:1
jw-letter-1788a-14-to-jane-bisson,john-wesley,A 14 To Jane Bisson,letter,2,416,0.0192,0,unites:1; softens:1; quickens:1; occurs:1; expected:1; rewarded:1; viper's:1; fails:1
jw-letter-1745-12-to-general-husk,john-wesley,12 To General Husk,letter,1,157,0.0191,0,battlements:2; Excellency's:1
jw-letter-1767-03-to-his-brother-charles,john-wesley,03 To His Brother Charles,letter,1,367,0.0191,0,occurred:1; tempers:1; expressions:1; quotus:1; arrogat:1; annus:1; sakes:1
jw-letter-1774-70-to-mrs-crosby,john-wesley,70 To Mrs Crosby,letter,1,209,0.0191,0,terms:2; wheels:1; professing:1
jw-letter-1779-49-to-thomas-carlill,john-wesley,49 To Thomas Carlill,letter,1,209,0.0191,0,subscribers:2; particulars:1; procured:1
jw-letter-1782a-52-to-his-brother-charles,john-wesley,A 52 To His Brother Charles,letter,1,314,0.0191,0,Rodney's:2; disputed:1; says:1; arrived:1; Fabritius:1
jw-letter-1783b-02-to-william-black,john-wesley,B 02 To William Black,letter,1,367,0.0191,0,intercepted:1; followed:1; writers:1; volumes:1; purged:1; shuffled:1; stablish:1
jw-letter-1787-06-to-arthur-keene,john-wesley,06 To Arthur Keene,letter,1,157,0.0191,0,newswriters:1; hornets:1; increases:1
jw-letter-1756b-10-to-thomas-olivers,john-wesley,B 10 To Thomas Olivers,letter,1,105,0.019,0,ATHLOE:1; oftener:1
jw-letter-1768-12-to-ann-bolton,john-wesley,12 To Ann Bolton,letter,1,210,0.019,0,studying:1; attends:1; yoked:1; wings:1
jw-letter-1774-65-to-elizabeth-ritchie,john-wesley,65 To Elizabeth Ritchie,letter,1,315,0.019,0,ceasing:1; returns:1; passeth:1; seasons:1; faculties:1; enabled:1
jw-letter-1782a-45-to-zachariah-yewdull,john-wesley,A 45 To Zachariah Yewdull,letter,1,105,0.019,0,became:1; devil's:1
jw-letter-1783b-24-to-elizabeth-padbury,john-wesley,B 24 To Elizabeth Padbury,letter,1,105,0.019,0,soonest:1; uses:1
jw-letter-1788b-01-to-jasper-winscorn,john-wesley,B 01 To Jasper Winscorn,letter,1,105,0.019,0,Hayter:2
jw-letters-1776,john-wesley,Letters 1776,letter,37,13127,0.019,0,burthen:4; opportunities:3; circumstances:3; obligations:3; says:3; pulled:3; concerns:3; ideas:3; pounds:3; exercising:2; papers:2; walked:2; journeys:2; hindered:2; tickets:2; required:2; paved:2; guineas:2; shows:2; causes:2
jw-letter-1737-01-to-sophia-christiana-hopkey,john-wesley,01 To Sophia Christiana Hopkey,letter,1,53,0.0189,0,can't:1
jw-letter-1742-01-to-his-brother-charles,john-wesley,01 To His Brother Charles,letter,2,423,0.0189,0,inclined:1; shifted:1; follows:1; designs:1; o'clock:1; Piers's:1; revising:1; deliverances:1
jw-letter-1759-19-to-dorothy-furly-editors-introductory-notes-1759,john-wesley,19 To Dorothy Furly Editors Introductory Notes 1759,letter,1,212,0.0189,0,circumstances:1; talked:1; renewing:1; depends:1
jw-letter-1769-01-to-joseph-benson,john-wesley,01 To Joseph Benson,letter,1,212,0.0189,0,languages:1; boys:1; hazards:1; stationed:1
jw-letter-1772-62-to-mrs-turner,john-wesley,62 To Mrs Turner,letter,3,634,0.0189,0,misrepresented:2; prevented:1; discerned:1; styled:1; asked:1; attacked:1; reproofs:1; assaulted:1; proposed:1; objections:1; dated:1
jw-letter-1774-83-to-philothea-briggs,john-wesley,83 To Philothea Briggs,letter,1,106,0.0189,0,steps:1; ruleth:1
jw-letter-1775-76-to-mrs-crosby,john-wesley,76 To Mrs Crosby,letter,1,159,0.0189,0,proofs:1; hears:1; warmest:1
jw-letter-1780b-22-to-william,john-wesley,B 22 To William,letter,1,53,0.0189,0,offending:1
jw-letter-1784b-06-to-mary-bishop,john-wesley,B 06 To Mary Bishop,letter,1,371,0.0189,0,novels:2; evils:1; inconveniences:1; Moreland:1; supplied:1; histories:1
jw-letter-1784b-10-to-joseph-taylor,john-wesley,B 10 To Joseph Taylor,letter,1,106,0.0189,0,endeavors:1; needed:1
jw-letter-1786b-26-to-the-society-at-epworth,john-wesley,B 26 To The Society At Epworth,letter,1,212,0.0189,0,Nouernber:1; resented:1; hunted:1; owns:1
jw-letter-1788a-28-to-his-brother-charles,john-wesley,A 28 To His Brother Charles,letter,1,212,0.0189,0,lines:1; regarded:1; borders:1; raiseth:1
jw-letter-1789a-34-to-certain-persons-in-dublin,john-wesley,A 34 To Certain Persons In Dublin,letter,2,476,0.0189,0,oftener:2; STRERT:1; consciences:1; glory's:1; Agonistes:1; D'Olier:1; Boswell:1; standeth:1
jw-letter-1736-08-to-james-vernon,john-wesley,08 To James Vernon,letter,1,213,0.0188,0,finds:1; defenses:1; traders:1; discussed:1
jw-letter-1757-13-to-samuel-furly,john-wesley,13 To Samuel Furly,letter,1,266,0.0188,0,conversing:1; offence:1; conveyed:1; Dickson:1; Tancred:1
jw-letter-1774-41-to-hannah-ball,john-wesley,41 To Hannah Ball,letter,1,213,0.0188,0,bestowed:1; quickening:1; flattened:1; 'ceasing:1
jw-letter-1788b-09-to-mrs-charles-wesley,john-wesley,B 09 To Mrs Charles Wesley,letter,1,213,0.0188,0,circumstances:2; ceased:1; sakes:1
jw-letters-1788b,john-wesley,Letters 1788B,letter,35,11157,0.0188,0,pounds:8; lines:4; volumes:4; circumstances:4; stationed:3; copies:3; supplied:3; brother's:3; Hayter:2; papers:2; Fresnoy:2; Kilburn:2; appointments:2; Llangwain:2; allowed:2; crosses:2; conversing:2; enabled:2; moneys:2; Lukins:2
jw-letter-1756a-06-to-william-dodd,john-wesley,A 06 To William Dodd,letter,1,375,0.0187,0,began:2; REVRAND:1; expressions:1; sentiments:1; coolest:1; passages:1
jw-letter-1771-36-to-elizabeth-briggs,john-wesley,36 To Elizabeth Briggs,letter,1,160,0.0187,0,wants:1; profits:1; says:1
jw-letter-1772-69-to-mary-bishop,john-wesley,69 To Mary Bishop,letter,1,374,0.0187,0,preserving:1; vigour:1; granted:1; begins:1; wisest:1; circumstances:1; anointing:1
jw-letter-1773-54-to-the-countess-of-huntingdon,john-wesley,54 To The Countess Of Huntingdon,letter,1,321,0.0187,0,occasioned:1; longed:1; weightier:1; shades:1; dangers:1; orphans:1
jw-letter-1774-72-to-martha-chapman,john-wesley,72 To Martha Chapman,letter,1,107,0.0187,0,se'nnight:1; circumstances:1
jw-letter-1781b-13-to-robert-cart-brackenbury,john-wesley,B 13 To Robert Cart Brackenbury,letter,1,107,0.0187,0,increased:1; other's:1
jw-letter-1783a-01-to-abraham-orchard,john-wesley,A 01 To Abraham Orchard,letter,1,160,0.0187,0,enabling:1; dosest:1; forgiven:1
jw-letter-1785b-26-to-mrs-fletcher,john-wesley,B 26 To Mrs Fletcher,letter,1,160,0.0187,0,served:1; expects:1; approved:1
jw-letter-1785b-46-to-william-robarts,john-wesley,B 46 To William Robarts,letter,1,107,0.0187,0,owed:1; booksellers:1
jw-letter-1789a-48-to-rebecca-ingram,john-wesley,A 48 To Rebecca Ingram,letter,1,107,0.0187,0,Kilfinane:1; prays:1
cw-008-hymn-viii,charles-wesley,008 Hymn Viii,hymn,2,642,0.0187,0,voices:2; pass'd:2; flow'd:2; promis'd:2; excepted:2; heav'nly:2
jw-letter-1769-21-to-joseph-benson,john-wesley,21 To Joseph Benson,letter,1,215,0.0186,0,terms:1; hair's:1; steps:1; burthen:1
jw-letter-1769-40-to-mrs-barton,john-wesley,40 To Mrs Barton,letter,1,161,0.0186,0,joins:1; opportunities:1; neighbours:1
jw-letter-1774-82-to-mary-bishop,john-wesley,82 To Mary Bishop,letter,2,485,0.0186,0,Cambray's:2; hearers:1; sitteth:1; indulged:1; began:1; endangering:1; casts:1; Sally's:1
jw-letter-1778-10-to-thomas-maxfield,john-wesley,10 To Thomas Maxfield,letter,7,2096,0.0186,0,trusted:3; entrusted:3; contentions:2; filthiest:2; follows:2; surprised:1; assertions:1; firstfruits:1; characters:1; attested:1; began:1; laborers:1; referred:1; specified:1; alleged:1; sentenced:1; requires:1; contained:1; fewer:1; brother's:1
jw-letters-1791,john-wesley,Letters 1791,letter,11,3773,0.0186,0,journeys:2; etc:2; enabled:2; Rodda's:1; stationed:1; 'desisted:1; consequences:1; dissentions:1; Bayley's:1; prolonged:1; styled:1; cleared:1; behaved:1; reached:1; starving:1; temporals:1; inventors:1; joins:1; workings:1; bloweth:1
cw-006-grace-before-meat-part-i,charles-wesley,006 Grace Before Meat Part I,hymn,1,108,0.0185,0,proves:1; Dispensing:1
jw-letter-1738-25-to-isaac-lelong,john-wesley,25 To Isaac Lelong,letter,1,270,0.0185,0,can't:2; Lelong:1; showed:1; delayed:1
jw-letter-1774-54-to-elizabeth-ritchie,john-wesley,54 To Elizabeth Ritchie,letter,1,162,0.0185,0,enabled:1; doubts:1; preserving:1
jw-letter-1774-86-to-joseph-benson,john-wesley,86 To Joseph Benson,letter,1,162,0.0185,0,imagined:1; itinerants:1; thinks:1
jw-letter-1778-32-to-richard-locke,john-wesley,32 To Richard Locke,letter,1,54,0.0185,0,prevented:1
jw-letter-1780b-14-to-dr-lowth-bishop-of-london,john-wesley,B 14 To Dr Lowth Bishop Of London,letter,3,758,0.0185,0,wanted:1; examined:1; observes:1; conversed:1; abilities:1; fears:1; respects:1; swine's:1; recommended:1; affirmed:1; believed:1; became:1; asked:1; whales:1
jw-letter-1782a-21-to-joseph-algar,john-wesley,A 21 To Joseph Algar,letter,1,162,0.0185,0,builders:1; advices:1; knees:1
jw-letter-1782b-02-to-mrs-fletcher,john-wesley,B 02 To Mrs Fletcher,letter,1,162,0.0185,0,prospers:1; began:1; hinted:1
jw-letter-1784a-25-to-ann-bolton,john-wesley,A 25 To Ann Bolton,letter,1,162,0.0185,0,Boltoh's:1; billows:1; shows:1
jw-letter-1785b-44-to-walter-churchey,john-wesley,B 44 To Walter Churchey,letter,1,54,0.0185,0,drives:1
jw-letter-1786a-34-to-his-brother-charles,john-wesley,A 34 To His Brother Charles,letter,1,216,0.0185,0,lasted:1; ends:1; exhorted:1; hopes:1
jw-letter-1786b-15-to-elizabeth-briggs,john-wesley,B 15 To Elizabeth Briggs,letter,1,108,0.0185,0,Staniforth:1; night's:1
jw-letter-1786b-21-to-jasper-winscorn,john-wesley,B 21 To Jasper Winscorn,letter,1,108,0.0185,0,Gifford's:1; pounds:1
jw-letter-1786b-41-to-samuel-mitchell,john-wesley,B 41 To Samuel Mitchell,letter,1,108,0.0185,0,attained:1; Crommelin's:1
jw-letter-1789b-07-to-ann-bolton,john-wesley,B 07 To Ann Bolton,letter,1,216,0.0185,0,sister's:1; sorest:1; quicker:1; yielded:1
jw-letter-1790b-02-to-john-king,john-wesley,B 02 To John King,letter,1,54,0.0185,0,surmising:1
jw-letters-1785a,john-wesley,Letters 1785A,letter,24,7988,0.0185,0,says:4; observed:4; hopes:4; labors:3; pounds:3; rioters:3; etymologies:2; enabled:2; flourishes:2; prospers:2; became:2; lines:2; Tregellas:2; patriots:2; disclosing:2; wisest:2; remarked:1; issued:1; emendations:1; asked:1
jw-letter-1772-57-to-mary-bishop,john-wesley,57 To Mary Bishop,letter,1,381,0.0184,0,tends:1; observes:1; refers:1; creates:1; jealousies:1; misunderstandings:1; inclined:1
jw-letter-1777-16-to-mary-bishop,john-wesley,16 To Mary Bishop,letter,1,272,0.0184,0,privileges:1; allows:1; premises:1; holds:1; Brittain's:1
jw-letter-1771-19-to-philothea-briggs,john-wesley,19 To Philothea Briggs,letter,1,218,0.0183,0,expectations:1; attained:1; flames:1; floods:1
jw-letter-1772-15-to-mrs-woodhouse,john-wesley,15 To Mrs Woodhouse,letter,1,164,0.0183,0,decreases:1; expired:1; enabled:1
jw-letter-1778-16-to-kitty-warren,john-wesley,16 To Kitty Warren,letter,1,328,0.0183,0,hopes:1; detained:1; opportunities:1; talents:1; concluded:1; mended:1
jw-letter-1786a-40-to-his-brother-charles,john-wesley,A 40 To His Brother Charles,letter,1,164,0.0183,0,trusted:1; dated:1; flourishes:1
jw-letter-1788b-25-to-john-atlay,john-wesley,B 25 To John Atlay,letter,1,109,0.0183,0,dissuaded:1; relating:1
jw-letter-1789a-32-to-richard-rodda,john-wesley,A 32 To Richard Rodda,letter,1,109,0.0183,0,o'clock:1; pleases:1
jw-letter-1789a-68-to-george-holder,john-wesley,A 68 To George Holder,letter,1,109,0.0183,0,voyages:1; stationed:1
jw-letter-1756b-04-to-samuel-furly,john-wesley,B 04 To Samuel Furly,letter,1,330,0.0182,0,followed:1; Norris's:1; senses:1; pin's:1; signifies:1; qualifications:1
jw-letter-1759-24-to-john-downes-rector-of-st-michaels-wood-street-e,john-wesley,24 To John Downes Rector Of St Michaels Wood Street E,letter,1,275,0.0182,0,fulfilled:2; glorified:1; cases:1; senses:1
jw-letter-1764-31-to-ann-foard,john-wesley,31 To Ann Foard,letter,3,550,0.0182,0,oftener:1; profits:1; assisted:1; enables:1; staggered:1; reveries:1; imagined:1; imposed:1; applauded:1; says:1
jw-letter-1767-19-to-duncan-wright,john-wesley,19 To Duncan Wright,letter,1,110,0.0182,0,additions:1; ensuing:1
jw-letter-1768-45-to-jane-hilton,john-wesley,45 To Jane Hilton,letter,1,165,0.0182,0,particulars:1; remaining:1; flies:1
jw-letter-1779-25-to-thomas-carlill,john-wesley,25 To Thomas Carlill,letter,1,110,0.0182,0,safest:1; suffered:1
jw-letter-1783b-27-to-captain-richard-williams,john-wesley,B 27 To Captain Richard Williams,letter,1,110,0.0182,0,talents:1; lines:1
jw-letter-1784a-17-to-samuel-bradburn,john-wesley,A 17 To Samuel Bradburn,letter,1,110,0.0182,0,began:1; proposing:1
jw-letter-1784a-27-to-his-nephew-charles-wesley,john-wesley,A 27 To His Nephew Charles Wesley,letter,3,549,0.0182,0,producing':1; enabling:1; walked:1; embraced:1; modes:1; shackles:1; putting:1; renewed:1; permits:1; cleansed:1
jw-letter-1757-18-to-dorthy-furly,john-wesley,18 To Dorthy Furly,letter,1,221,0.0181,0,Dorthy:1; dethroned:1; symptoms:1; speakers:1
jw-letter-1767-09-to-peggy-dale,john-wesley,09 To Peggy Dale,letter,1,166,0.0181,0,Stralliger:1; devices:1; purified:1
jw-letter-1774-24-to-john-atlay,john-wesley,24 To John Atlay,letter,1,166,0.0181,0,pounds:2; evenings:1
jw-letter-1776-71-to-mary-bishop,john-wesley,71 To Mary Bishop,letter,2,551,0.0181,0,petitions:2; services:1; ends:1; Asking:1; proofs:1; other's:1; forgiven:1; healed':1; confessed:1
jw-letter-1782a-28-to-robert-cart-brackenbury,john-wesley,A 28 To Robert Cart Brackenbury,letter,2,441,0.0181,0,Collins's:1; reigneth:1; disposes:1; consolations:1; enables:1; devoting:1; other's:1; evidences:1
jw-letter-1785b-06-to-mrs-christian,john-wesley,B 06 To Mrs Christian,letter,1,276,0.0181,0,prevented:1; placed:1; tressels:1; distempers:1; begins:1
jw-letter-1736-03-to-his-mother,john-wesley,03 To His Mother,letter,2,445,0.018,0,Appee:2; began:1; circumstances:1; moment's:1; parishioners:1; provisions:1; Emmy:1
jw-letter-1739-16-to-james-hutton,john-wesley,16 To James Hutton,letter,1,167,0.018,0,appealed:1; promised:1; Knight's:1
jw-letter-1757-03-to-thomas-olivers,john-wesley,03 To Thomas Olivers,letter,1,333,0.018,0,attained:1; remained:1; volumes:1; writings:1; implies:1; precedes:1
jw-letter-1764-15-to-cradock-glascott,john-wesley,15 To Cradock Glascott,letter,1,278,0.018,0,ceasing:1; entitled:1; says:1; arguing:1; addresses:1
jw-letter-1769-09-to-robert-costerdine,john-wesley,09 To Robert Costerdine,letter,1,111,0.018,0,putting:1; belongs:1
jw-letter-1771-75-to-robert-costerdine,john-wesley,75 To Robert Costerdine,letter,1,111,0.018,0,cases:1; stories:1
jw-letter-1775-65-to-john-mason,john-wesley,65 To John Mason,letter,1,111,0.018,0,aimed:1; plainest:1
jw-letter-1775-81-to-walter-churchey,john-wesley,81 To Walter Churchey,letter,1,167,0.018,0,dated:1; surprised:1; languages:1
jw-letter-1778-22-to-alexander-knox,john-wesley,22 To Alexander Knox,letter,1,167,0.018,0,KILREA:1; rains:1; injected:1
jw-letter-1785b-16-to-his-brother-charles,john-wesley,B 16 To His Brother Charles,letter,1,334,0.018,0,disputing:1; exceptions:1; intellects:1; brother's:1; intellects':1; ceasing:1
jw-letter-1788a-46-to-peard-dickinson,john-wesley,A 46 To Peard Dickinson,letter,1,167,0.018,0,Bunhill:1; Showell:1; acquaintances:1
jw-letter-1789a-43-to-zachariah-yewdall,john-wesley,A 43 To Zachariah Yewdall,letter,1,111,0.018,0,ATHONE:1; attempted:1
jw-letter-1746-03-to-the-editor-of-the-london-magazine,john-wesley,03 To The Editor Of The London Magazine,letter,1,336,0.0179,0,delayed:1; facts:1; commenced:1; stricter:1; proceeded:1; plaintiff's:1
jw-letter-1771-28-to-philothea-briggs,john-wesley,28 To Philothea Briggs,letter,2,446,0.0179,0,Harper's:1; renewed:1; outcries:1; increased:1; attained:1; volumes:1; admits:1; exceptions:1
jw-letter-1771-80-to-mary-stokes,john-wesley,80 To Mary Stokes,letter,1,279,0.0179,0,advices:1; depends:1; circumstances:1; uses:1; o'clock:1
jw-letter-1773-78-to-mrs-bennis,john-wesley,78 To Mrs Bennis,letter,1,223,0.0179,0,noblest:1; affections:1; wants:1; exertions:1
jw-letter-1775-09-to-mary-bishop,john-wesley,09 To Mary Bishop,letter,1,392,0.0179,0,advantages:4; enabled:1; implies:1; vows:1
jw-letter-1783a-04-to-joseph-taylor,john-wesley,A 04 To Joseph Taylor,letter,1,112,0.0179,0,larger:1; observed:1
jw-letter-1783b-41-to-joseph-taylor,john-wesley,B 41 To Joseph Taylor,letter,1,56,0.0179,0,observed:1
jw-letter-1784a-13-to-alexander-knox,john-wesley,A 13 To Alexander Knox,letter,1,112,0.0179,0,shows:1; belongs:1
jw-letter-1786a-37-to-the-earl-of-leven,john-wesley,A 37 To The Earl Of Leven,letter,1,56,0.0179,0,Leven:1
jw-letter-1787-48-to-arthur-keene,john-wesley,48 To Arthur Keene,letter,1,224,0.0179,0,pleasantest:1; circumstances:1; resembling:1; rooms:1
jw-letter-1789b-47-to-mrs-pawson,john-wesley,B 47 To Mrs Pawson,letter,1,223,0.0179,0,decreased:1; recommending:1; degrees:1; insisted:1
jw-letter-1789b-51-to-william-black,john-wesley,B 51 To William Black,letter,1,112,0.0179,0,fears:1; vanished:1
jw-letter-1739-07-to-his-brother-samuel,john-wesley,07 To His Brother Samuel,letter,3,676,0.0178,0,pursued:1; ignoratio:1; cuts:1; cases:1; facts:1; reigning:1; minds:1; abhors:1; lusts:1; promised:1; clasped:1; soul's:1
jw-letter-1776-10-to-miss-march,john-wesley,10 To Miss March,letter,2,450,0.0178,0,poorest:1; larger:1; circumstances:1; walked:1; preaches:1; worlds:1; hindered:1; submitting:1
jw-letter-1781b-37-to-ellen-gretton,john-wesley,B 37 To Ellen Gretton,letter,1,338,0.0178,0,Dodwell's:1; assisted:1; administering:1; consolations:1; fulfilling:1; suffers:1
jw-letter-1790a-46-to-his-nephew-samuel-wesley,john-wesley,A 46 To His Nephew Samuel Wesley,letter,2,394,0.0178,0,Fnelon:1; enjoyed:1; needed:1; recommended:1; reigning:1; relinquishing:1; inculcated:1
jw-letter-1775-55-to-alexander-hume,john-wesley,55 To Alexander Hume,letter,1,113,0.0177,0,Crook's:1; tempers:1
jw-letter-1780b-08-to-thomas-rankin,john-wesley,B 08 To Thomas Rankin,letter,1,113,0.0177,0,endeavoring:1; journeys:1
jw-letter-1783a-02-to-ann-bolton,john-wesley,A 02 To Ann Bolton,letter,1,282,0.0177,0,wanted:1; Neddy's:1; troubles:1; burthen:1; hopes:1
jw-letter-1787-14-to-ann-bolton,john-wesley,14 To Ann Bolton,letter,1,282,0.0177,0,chastens:2; pressed:1; footsteps:1; ceeding:1
jw-letter-1788b-31-to-henry-moore,john-wesley,B 31 To Henry Moore,letter,1,113,0.0177,0,se'nnight:1; croakers:1
jw-letter-1789a-11-to-mrs-whereat,john-wesley,A 11 To Mrs Whereat,letter,1,113,0.0177,0,lulling:1; preparing:1
jw-letter-1757-20-to-mrs-ryan,john-wesley,20 To Mrs Ryan,letter,1,284,0.0176,0,rises:1; placed:1; advantages:1; abilities:1; requires:1
jw-letter-1765-23-to-miss-march-bristol-october-13-1765,john-wesley,23 To Miss March Bristol October 13 1765,letter,1,340,0.0176,0,larger:1; measures:1; lowest:1; Dale's:1; sister's:1; steps:1
jw-letter-1770-52-to-joseph-benson,john-wesley,52 To Joseph Benson,letter,2,625,0.0176,0,forgiven:1; denies:1; lusts:1; absolved:1; strives:1; admits:1; degrees:1; allowed:1; attained:1; searched:1; resents:1
jw-letter-1771-16-to-mary-stokes,john-wesley,16 To Mary Stokes,letter,1,284,0.0176,0,hinders:1; enabled:1; hopes:1; another's:1; burthens:1
jw-letter-1771-39-to-duncan-wright,john-wesley,39 To Duncan Wright,letter,1,170,0.0176,0,branches:1; endeavours:1; entrusted:1
jw-letter-1776-33-to-john-fletcher,john-wesley,33 To John Fletcher,letter,1,227,0.0176,0,objections:1; can't:1; babes:1; entreated:1
jw-letter-1777-56-to-mary-bishop,john-wesley,56 To Mary Bishop,letter,1,341,0.0176,0,inclined:2; errors:1; scrupled:1; talked:1; ceasing:1
jw-letter-1782a-50-to-captain-webb,john-wesley,A 50 To Captain Webb,letter,1,170,0.0176,0,Pawson's:1; Separatists:1; 'desists:1
jw-letter-1785a-42-to-elizabeth-ritchie,john-wesley,A 42 To Elizabeth Ritchie,letter,1,284,0.0176,0,visited:1; prospers:1; attending:1; ceased:1; wellnigh:1
jw-letter-1790b-13-to-thomas-roberts,john-wesley,B 13 To Thomas Roberts,letter,1,170,0.0176,0,neglected:1; opposes:1; se'nnight:1
jw-letters-1783b,john-wesley,Letters 1783B,letter,20,6320,0.0176,0,expected:4; lines:3; pounds:3; says:2; volumes:2; seemed:2; hopes:2; reunited:2; careth:2; forgiven:2; crosses:2; arrived:1; maids:1; Barton's:1; returns:1; intercepted:1; followed:1; writers:1; purged:1; shuffled:1
jw-letter-1743-03-to-westley-hall,john-wesley,03 To Westley Hall,letter,2,456,0.0175,0,forgiven:1; opiniated:1; preconsulting:1; courting:1; jilted:1; bonds:1; persuasions:1; accusers:1
jw-letter-1751-10-to-ebenezer-blackwell,john-wesley,10 To Ebenezer Blackwell,letter,1,229,0.0175,0,ff:1; denying:1; thinks:1; cams:1
jw-letter-1770-42-to-mary-bishop,john-wesley,42 To Mary Bishop,letter,1,228,0.0175,0,neighbours:1; congregations:1; holds:1; banishes:1
jw-letter-1775-69-to-james-rouquet,john-wesley,69 To James Rouquet,letter,1,114,0.0175,0,observed:1; recommended:1
jw-letter-1776-49-to-thomas-carlill,john-wesley,49 To Thomas Carlill,letter,1,114,0.0175,0,deceivers:1; Mowatt:1
jw-letter-1777-68-to-miss-march,john-wesley,68 To Miss March,letter,2,457,0.0175,0,charities:2; intervals:1; dictating:1; hindered:1; lessened:1; Mexico':1; degrees:1
jw-letter-1779-38-to-william-church,john-wesley,38 To William Church,letter,1,57,0.0175,0,visited:1
jw-letter-1783b-36-to-isaac-twycross,john-wesley,B 36 To Isaac Twycross,letter,1,57,0.0175,0,Dagenham:1
jw-letter-1769-54-to-robert-bell,john-wesley,54 To Robert Bell,letter,1,115,0.0174,0,seemed:1; procured:1
jw-letter-1772-54-to-jane-salkeld,john-wesley,54 To Jane Salkeld,letter,1,172,0.0174,0,conversed:1; distinctions:1; maidens:1
jw-letter-1774-07-to-ann-bolton,john-wesley,07 To Ann Bolton,letter,2,402,0.0174,0,burthen:2; improved:1; placed:1; talents:1; crosses:1; pressed:1
jw-letter-1777-49-to-ann-bolton,john-wesley,49 To Ann Bolton,letter,2,403,0.0174,0,relates:1; rises:1; yoked:1; tempers:1; wings:1; acted:1; replied:1
jw-letter-1778-20-to-mrs-johnston-annandale-lisleen,john-wesley,20 To Mrs Johnston Annandale Lisleen,letter,1,287,0.0174,0,requests:1; reserves:1; promised:1; hopes:1; islittle:1
jw-letter-1778-46-to-kitty-warren,john-wesley,46 To Kitty Warren,letter,1,115,0.0174,0,believed:1; turneth:1
jw-letter-1779-52-to-kitty-warren,john-wesley,52 To Kitty Warren,letter,1,230,0.0174,0,accusations:1; stationed:1; believed:1; occurs:1
jw-letter-1781a-25-to-john-bredin,john-wesley,A 25 To John Bredin,letter,1,172,0.0174,0,buffering:1; waves:1; vitae:1
jw-letter-1781b-11-to-his-niece-sarah-wesley,john-wesley,B 11 To His Niece Sarah Wesley,letter,1,288,0.0174,0,enabled:1; depends:1; awaits:1; passes:1; recommended:1
jw-letter-1785b-05-to-alexander-surer,john-wesley,B 05 To Alexander Surer,letter,1,172,0.0174,0,Ingles:1; Brothers:1; quarrelling:1
jw-letter-1753-10-to-his-brother-charles,john-wesley,10 To His Brother Charles,letter,2,577,0.0173,0,believed:2; Bates's:1; outlived:1; testifies:1; particulars:1; needed:1; escaped:1; impressions:1; asking:1
jw-letter-1756a-02-to-his-wife,john-wesley,A 02 To His Wife,letter,1,173,0.0173,0,flushed:1; dated:1; shows:1
jw-letter-1760-16-to-his-brother-charles-editors-introductory-notes-,john-wesley,16 To His Brother Charles Editors Introductory Notes ,letter,1,347,0.0173,0,dated:1; objections:1; canvassed:1; vols:1; writes:1; became:1
jw-letter-1765-10-to-lady-maxwell,john-wesley,10 To Lady Maxwell,letter,2,577,0.0173,0,fears:2; abated:1; cooled:1; occurred:1; deserves:1; observed:1; redeemed:1; suffered:1; tarriest:1
jw-letter-1768-44-to-mrs-hall,john-wesley,44 To Mrs Hall,letter,1,231,0.0173,0,disputed:1; pounds:1; trifles:1; vanities:1
jw-letter-1771-59-to-the-countess-of-huntingdon,john-wesley,59 To The Countess Of Huntingdon,letter,2,519,0.0173,0,betraying:2; required:1; denies:1; hopes:1; hazarded:1; considers:1; labours:1; 'establishing:1
jw-letter-1771-86-to-hannah-ball,john-wesley,86 To Hannah Ball,letter,1,173,0.0173,0,visits:1; drinks:1; crosses:1
jw-letter-1773-15-to-philothea-briggs,john-wesley,15 To Philothea Briggs,letter,1,173,0.0173,0,says:1; convinces:1; steps':1
jw-letter-1776-31-to-alexander-knox,john-wesley,31 To Alexander Knox,letter,1,173,0.0173,0,stripes:1; healed:1; detained:1
jw-letter-1781b-46-to-hester-ann-roe,john-wesley,B 46 To Hester Ann Roe,letter,2,404,0.0173,0,notices:1; beds:1; babes:1; hindered:1; writes:1; seemed:1; siring:1
jw-letter-1782b-07-to-thomas-rutherford,john-wesley,B 07 To Thomas Rutherford,letter,1,173,0.0173,0,Calent:1; hindering:1; enclosed:1
jw-letter-1782b-46-to-zachariah-yewdall,john-wesley,B 46 To Zachariah Yewdall,letter,1,173,0.0173,0,Laren:1; stamps:1; mayest:1
jw-letter-1783a-03-to-robert-carr-brackenbury,john-wesley,A 03 To Robert Carr Brackenbury,letter,1,346,0.0173,0,journeys:1; pleases:1; informing:1; thinks:1; appeareth:1; vanisheth:1
jw-letter-1784a-15-to-robert-carr-brackenbury,john-wesley,A 15 To Robert Carr Brackenbury,letter,1,231,0.0173,0,preserving:1; blesses:1; withdraws:1; pleases:1
jw-letter-1764-37-to-the-societies-at-bristol,john-wesley,37 To The Societies At Bristol,letter,4,1219,0.0172,0,shillings:2; studying:1; offence:1; country's:1; money's:1; neglected:1; suffered:1; choicest:1; tossed:1; wisest:1; youths:1; excludes:1; enables:1; poorer:1; straitened:1; observed:1; suffers:1; burthen:1; pounds:1; disciples:1
jw-letter-1771-62-to-mary-bishop,john-wesley,62 To Mary Bishop,letter,1,174,0.0172,0,Concessions:1; kingdoms:1; reigneth:1
jw-letter-1786b-02-to-francis-wrigley,john-wesley,B 02 To Francis Wrigley,letter,1,116,0.0172,0,Moorhouse's:1; redirected:1
jw-letter-1787-27-to-mrs-rogers,john-wesley,27 To Mrs Rogers,letter,1,348,0.0172,0,advising:1; pushed:1; evenings:1; detained:1; befell:1; exceeds:1
jw-letter-1762-12-to-miss-march-athlone-may-13-1762,john-wesley,12 To Miss March Athlone May 13 1762,letter,1,234,0.0171,0,secrets:1; Tobit:1; endeavouring:1; sorts:1
jw-letter-1778-23-to-george-gidley,john-wesley,23 To George Gidley,letter,1,117,0.0171,0,begins:1; procured:1
jw-letter-1780b-27-to-alexander-knox,john-wesley,B 27 To Alexander Knox,letter,1,292,0.0171,0,causes:1; mindedness:1; says:1; faults:1; name's:1
jw-letter-1790b-34-to-his-niece-sarah-wesley,john-wesley,B 34 To His Niece Sarah Wesley,letter,1,117,0.0171,0,lines:1; miscarried:1
jw-letters-1787,john-wesley,Letters 1787,letter,24,7952,0.0171,0,labors:3; circumstances:3; followed:3; lines:2; hopes:2; chastens:2; advising:2; expects:2; fasque:2; detained:2; says:2; consequences:2; sakes:1; 'wills:1; neighbouts:1; D'Olier:1; providences:1; Crook's:1; contrived:1; ensuing:1
jw-letter-1774-29-to-ann-bolton,john-wesley,29 To Ann Bolton,letter,1,235,0.017,0,discouraged:1; blossoms:1; workers:1; performs:1
cw-016-hymn-xvi-god-will-have-all-men-to-be-saved,charles-wesley,016 Hymn Xvi God Will Have All Men To Be Saved,hymn,2,1410,0.017,0,fear'd:2; darkest:2; corners:2; offerest:2; standest:2; enterest:2; chear:2; belied:2; rav'd:2; accus'd:2; charg'd:2; reigns:2
cw-019-before-preaching,charles-wesley,019 Before Preaching,hymn,1,118,0.0169,0,wings:1; disorder'd:1
jw-letter-1753-04-to-ebenezer-blackwall,john-wesley,04 To Ebenezer Blackwall,letter,1,354,0.0169,0,Blackwall:1; fines:1; observed:1; conduces:1; attained:1; joins:1
jw-letter-1755-03-to-samuel-lloyd,john-wesley,03 To Samuel Lloyd,letter,1,59,0.0169,0,behaved:1
jw-letter-1759-07-to-the-countess-of-huntingdon-editors-introductory,john-wesley,07 To The Countess Of Huntingdon Editors Introductory,letter,2,414,0.0169,0,recalled:1; conversing:1; instruments:1; burthen:1; helps:1; behaved:1; remembers:1
jw-letter-1765-18-to-miss-march-newcastle-upon-tyne-august-9-1765,john-wesley,18 To Miss March Newcastle Upon Tyne August 9 1765,letter,1,178,0.0169,0,fears:1; enjoyed:1; reasonings:1
jw-letter-1766-03-to-george-merryweather,john-wesley,03 To George Merryweather,letter,1,178,0.0169,0,says:1; sanctifying:1; secrets:1
jw-letter-1767-02-to-thomas-rankin,john-wesley,02 To Thomas Rankin,letter,1,178,0.0169,0,gained:1; nostrils:1; honoured:1
jw-letter-1771-02-to-john-fletcher,john-wesley,02 To John Fletcher,letter,1,59,0.0169,0,enclosed:1
jw-letter-1772-04-to-mrs-pywell,john-wesley,04 To Mrs Pywell,letter,1,178,0.0169,0,proposed:1; ceasing:1; enabled:1
jw-letter-1773-14-to-ann-boron,john-wesley,14 To Ann Boron,letter,1,237,0.0169,0,preparing:1; liquors:1; foundations:1; suppers:1
jw-letter-1774-68-to-miss-march,john-wesley,68 To Miss March,letter,2,415,0.0169,0,occurs:1; convulsions:1; began:1; motions:1; says:1; prospers:1; changing:1
jw-letter-1777-67-to-joseph-benson,john-wesley,67 To Joseph Benson,letter,1,295,0.0169,0,larger:2; writes:1; concludes:1; tempers:1
jw-letter-1785b-50-to-thomas-wride,john-wesley,B 50 To Thomas Wride,letter,1,118,0.0169,0,congregations:1; senses:1
jw-letter-1747-02-to-howell-harris,john-wesley,02 To Howell Harris,letter,1,297,0.0168,0,believed:1; steps:1; degrees:1; affections:1; burthen:1
jw-letter-1767-23-to-ann-foard,john-wesley,23 To Ann Foard,letter,1,297,0.0168,0,asserted:1; truths:1; hearers:1; reasonings:1; conversing:1
jw-letter-1767-40-to-george-merryweather,john-wesley,40 To George Merryweather,letter,1,119,0.0168,0,writes:1; neighbours:1
jw-letter-1773-61-to-certain-proprietors-of-east-india-stock,john-wesley,61 To Certain Proprietors Of East India Stock,letter,1,297,0.0168,0,Proprietors:1; DIRECTORS:1; follows:1; retransferring:1; benefited:1
jw-letter-1773-84-to-walter-churchly,john-wesley,84 To Walter Churchly,letter,1,297,0.0168,0,neighbors:1; professions:1; hearers:1; one's:1; brother's:1
jw-letter-1776-56-to-mrs-johnston-annandale-lisleen,john-wesley,56 To Mrs Johnston Annandale Lisleen,letter,1,358,0.0168,0,pulled:1; journeys:1; kingdoms:1; profited:1; debtors:1; attained:1
jw-letter-1781b-03-to-ann-loxdale,john-wesley,B 03 To Ann Loxdale,letter,1,297,0.0168,0,enjoyed:1; mercies:1; groans:1; occurred:1; wondered:1
jw-letter-1784b-18-to-john-johnson,john-wesley,B 18 To John Johnson,letter,1,119,0.0168,0,exerts:1; talents:1
jw-letter-1786a-19-to-mary-cooke,john-wesley,A 19 To Mary Cooke,letter,1,179,0.0168,0,o'clock:1; observed:1; Martins:1
jw-letter-1789a-83-to-henry-eames,john-wesley,A 83 To Henry Eames,letter,1,119,0.0168,0,proofs:1; heart's:1
jw-letter-1790a-16-to-robert-carr-brackenbury,john-wesley,A 16 To Robert Carr Brackenbury,letter,1,119,0.0168,0,subscribed:1; turneth:1
cw-071-before-a-journey,charles-wesley,071 Before A Journey,hymn,1,120,0.0167,0,unfixt:1; promis'd:1
cw-004-an-hymn-for-the-georgia-orphans,charles-wesley,004 An Hymn For The Georgia Orphans,hymn,1,120,0.0167,0,Orphans:1; vouchsafes:1
jw-letter-1763-16-to-jenny-lee,john-wesley,16 To Jenny Lee,letter,1,120,0.0167,0,churned:1; requires:1
jw-letter-1765-30-to-william-orpe-london-december-14-1765,john-wesley,30 To William Orpe London December 14 1765,letter,1,180,0.0167,0,licence:1; entangles:1; ends:1
jw-letter-1772-19-to-ann-bolton,john-wesley,19 To Ann Bolton,letter,1,180,0.0167,0,mourned:1; slackened:1; journeys:1
jw-letter-1772-73-to-francis-wolfe,john-wesley,73 To Francis Wolfe,letter,1,120,0.0167,0,pounds:1; ceased:1
jw-letter-1774-04-to-his-brother-charles,john-wesley,04 To His Brother Charles,letter,1,240,0.0167,0,talked:1; inclined:1; Goldsmith's:1; discouraged:1
jw-letter-1775-39-to-mary-lewis,john-wesley,39 To Mary Lewis,letter,1,239,0.0167,0,degrees:1; preserving:1; snares:1; passes:1
jw-letter-1775-48-to-his-brother-charles,john-wesley,48 To His Brother Charles,letter,1,120,0.0167,0,vo:1; Castleman's:1
jw-letter-1781a-36-to-samuel-bradburn,john-wesley,A 36 To Samuel Bradburn,letter,1,180,0.0167,0,uses:1; Hopper's:1; healthier:1
jw-letter-1787-05-to-mrs-howton,john-wesley,05 To Mrs Howton,letter,1,180,0.0167,0,SISWER:1; placed:1; forsook:1
jw-letter-1787-45-to-adam-clarke,john-wesley,45 To Adam Clarke,letter,1,120,0.0167,0,says:1; Queteville's:1
jw-letter-1788b-19-to-lady-maxwell,john-wesley,B 19 To Lady Maxwell,letter,2,418,0.0167,0,followed:1; unfits:1; duties:1; thinks:1; exalts:1; Maxwell's:1; conversing:1
jw-letter-1789b-21-to-mrs-warwick,john-wesley,B 21 To Mrs Warwick,letter,1,120,0.0167,0,perplexes:1; wanted:1
jw-letter-1790b-17-to-james-creighton,john-wesley,B 17 To James Creighton,letter,1,180,0.0167,0,deaths:1; funerals:1; pleases:1
jw-letter-1774-34-to-mrs-crosby,john-wesley,34 To Mrs Crosby,letter,1,241,0.0166,0,circumstances:1; conformed:1; devices:1; suffered:1
jw-letter-1782b-31-to-thomas-rutherford,john-wesley,B 31 To Thomas Rutherford,letter,1,181,0.0166,0,shillings:1; plans:1; McBurney:1
jw-letter-1783b-22-to-jasper-winscorn,john-wesley,B 22 To Jasper Winscorn,letter,1,301,0.0166,0,forgiven:2; requires:1; delays:1; marries:1
jw-letter-1784b-37-to-thomas-taylor,john-wesley,B 37 To Thomas Taylor,letter,1,181,0.0166,0,mothers:1; endeavored:1; Pslams:1
cw-001-the-promise-of-sanctification,charles-wesley,001 The Promise Of Sanctification,hymn,2,1450,0.0166,0,promis'd:4; sanctifying:2; releas'd:2; remaining:2; orig'nal:2; consum'd:2; mercies:2; causest:2; o'erpower:2; abhor'd:2; perfection's:2
cw-050-christ-our-sanctification-1-corinthians-130,charles-wesley,050 Christ Our Sanctification 1 Corinthians 130,hymn,1,121,0.0165,0,affections:1; controul:1
jw-letter-1759-09-to-miss-johnson-colchester-march-20-1759,john-wesley,09 To Miss Johnson Colchester March 20 1759,letter,2,485,0.0165,0,surprised:2; informing:1; tempers:1; immersed:1; swallowed:1; follies:1; endeavoured:1
jw-letter-1762-03-to-matthew-lowes-london-january-25-1762,john-wesley,03 To Matthew Lowes London January 25 1762,letter,1,121,0.0165,0,walkers:1; joins:1
jw-letter-1765-11-to-james-knox,john-wesley,11 To James Knox,letter,3,788,0.0165,0,wanted:1; evidenced:1; steps:1; stamped:1; hungering:1; seas:1; contained:1; attending:1; services:1; appointments:1; 'cleanses:1; fairest:1; Beauchamp's:1
jw-letter-1768-02-to-the-countess-of-huntingdon,john-wesley,02 To The Countess Of Huntingdon,letter,1,242,0.0165,0,surprised:1; ridiculing:1; enabled:1; ruleth:1
jw-letter-1770-17-to-mrs-marston,john-wesley,17 To Mrs Marston,letter,1,243,0.0165,0,assaulted:2; ceasing':1; cleansed:1
jw-letter-1774-90-to-elizabeth-briggs,john-wesley,90 To Elizabeth Briggs,letter,1,121,0.0165,0,doubted:1; other's:1
jw-letter-1783a-07-to-mrs-fuller,john-wesley,A 07 To Mrs Fuller,letter,1,121,0.0165,0,grants:1; suffered:1
jw-letter-1783b-14-to-john-atlay,john-wesley,B 14 To John Atlay,letter,1,182,0.0165,0,expected:2; pounds:1
jw-letter-1784b-21-to-richard-rodda,john-wesley,B 21 To Richard Rodda,letter,1,121,0.0165,0,burthen:1; Stourshead:1
jw-letter-1788a-56-to-the-millbourn-society,john-wesley,A 56 To The Millbourn Society,letter,1,121,0.0165,0,lovefeasts:1; remaining:1
jw-letter-1789a-69-to-adam-clarke,john-wesley,A 69 To Adam Clarke,letter,1,303,0.0165,0,bespattered:1; papers:1; richest:1; visited:1; glorified:1
jw-treatise-thought-upon-marriage,john-wesley,Treatise Thought Upon Marriage,treatise,2,728,0.0165,0,rises:1; altering:1; moves:1; wanted:1; talks:1; Sappho's:1; hears:1; shades:1; reconciled:1; enabled:1; expe:1; rience:1
jw-letter-1740-06-to-george-whitefield,john-wesley,06 To George Whitefield,letter,1,122,0.0164,0,bigots:1; suffered:1
jw-letter-1788a-34-to-agnes-collinson,john-wesley,A 34 To Agnes Collinson,letter,1,61,0.0164,0,walked:1
jw-letter-1788a-77-to-mrs-ward,john-wesley,A 77 To Mrs Ward,letter,1,305,0.0164,0,occurs:1; pleases:1; livings:1; largest:1; minds:1
jw-letter-1790b-43-to-the-custom-house,john-wesley,B 43 To The Custom House,letter,1,61,0.0164,0,seized:1
jw-letter-1767-22-to-joseph-townsend,john-wesley,22 To Joseph Townsend,letter,3,919,0.0163,0,espoused:1; conversed:1; lessened:1; congregations:1; reasonings:1; mouths:1; acted:1; denying:1; awakened:1; abetted:1; errors:1; enforcing:1; particulars:1; people's:1; prays:1
jw-letter-1767-28-to-peggy-dale,john-wesley,28 To Peggy Dale,letter,1,245,0.0163,0,says:1; snares:1; advantages:1; reigning:1
jw-letter-1779-02-to-the-society-at-keighley,john-wesley,02 To The Society At Keighley,letter,1,307,0.0163,0,proposed:1; Williaam:1; Shent's:1; expelled:1; hairs:1
jw-letter-1789a-07-to-freeborn-garrettson,john-wesley,A 07 To Freeborn Garrettson,letter,1,245,0.0163,0,signifies:1; occurs:1; abused:1; promised:1
jw-letter-1789a-57-to-thomas-wride,john-wesley,A 57 To Thomas Wride,letter,1,184,0.0163,0,rhymes:1; wits:1; proposed:1
jw-letter-1747-08-to-his-brother-charles,john-wesley,08 To His Brother Charles,letter,2,494,0.0162,0,problematica:1; Negatur:1; forgiven:1; purifieth:1; overcometh:1; implies:1; truths:1; tacked:1
jw-letter-1767-16-to-christopher-hopper,john-wesley,16 To Christopher Hopper,letter,1,247,0.0162,0,occasioned:1; spared:1; reconciled:1; increased:1
jw-letter-1768-58-to-joseph-benson,john-wesley,58 To Joseph Benson,letter,1,309,0.0162,0,sentiments:1; views:1; stricter:1; syllabub:1; implies:1
jw-letter-1774-79-to-sarah-james,john-wesley,79 To Sarah James,letter,1,185,0.0162,0,faults:1; holds:1; banishes:1
jw-letter-1787-10-to-jane-bisson,john-wesley,10 To Jane Bisson,letter,1,308,0.0162,0,ceased:1; surprised:1; hopes:1; conversing:1; lieth:1
jw-letter-1759-16-to-samuel-furly-editors-introductory-notes-1759,john-wesley,16 To Samuel Furly Editors Introductory Notes 1759,letter,1,124,0.0161,0,avails:1; qualifies:1
jw-letter-1762-04-to-miss-j-c-march,john-wesley,04 To Miss J C March,letter,1,124,0.0161,0,forgiven:1; withdraws:1
jw-letter-1772-36-to-hannah-ball,john-wesley,36 To Hannah Ball,letter,1,248,0.0161,0,censured:1; profited:1; hurts:1; unfits:1
jw-letter-1778-11-to-christopher-hopper,john-wesley,11 To Christopher Hopper,letter,1,124,0.0161,0,opponents:1; attacked:1
jw-letter-1781a-18-to-samuel-bradburn,john-wesley,A 18 To Samuel Bradburn,letter,1,124,0.0161,0,rises:1; tressels:1
jw-letter-1783b-35-to-benjamin-chappel,john-wesley,B 35 To Benjamin Chappel,letter,2,436,0.0161,0,began:1; trusted:1; fears:1; attending:1; ordinances:1; apprentices:1; other's:1
jw-letter-1790a-39-to-anne-cutler,john-wesley,A 39 To Anne Cutler,letter,1,124,0.0161,0,dealings:1; manifesting:1
jw-letter-1754-01-to-ebenezer-blackwell,john-wesley,01 To Ebenezer Blackwell,letter,1,187,0.016,0,instruments:1; allots:1; joins:1
jw-letter-1756b-25-to-dorothy-furly,john-wesley,B 25 To Dorothy Furly,letter,1,187,0.016,0,hearers:1; justifieth:1; sanctifieth:1
jw-letter-1772-34-to-alexander-clark,john-wesley,34 To Alexander Clark,letter,1,250,0.016,0,Kidd:1; catalogues:1; pounds:1; thinks:1
jw-letter-1774-67-to-captain-richard-williams,john-wesley,67 To Captain Richard Williams,letter,1,125,0.016,0,yards:1; lowest:1
jw-letter-1778-37-to-samuel-tooth,john-wesley,37 To Samuel Tooth,letter,1,125,0.016,0,granted:1; specified:1
jw-letter-1785a-25-to-joseph-taylor,john-wesley,A 25 To Joseph Taylor,letter,1,188,0.016,0,Tregellas:2; LIVBRPOOL:1
jw-letter-1785b-02-to-thomas-wride,john-wesley,B 02 To Thomas Wride,letter,1,188,0.016,0,people's:1; named:1; publishing:1
jw-letter-1791-24-to-thomas-taylor,john-wesley,24 To Thomas Taylor,letter,1,187,0.016,0,madman's:1; fool's:1; dictated:1
jw-letter-1764-30-to-lady-maxwell,john-wesley,30 To Lady Maxwell,letter,2,567,0.0159,0,fears:1; increases:1; inclined:1; offence:1; glorifying:1; fires:1; conversing:1; wants:1; prays:1
jw-letter-1777-52-to-mrs-smyth,john-wesley,52 To Mrs Smyth,letter,2,502,0.0159,0,befallen:1; blew:1; passengers:1; Carnarvonshire:1; increased:1; sails:1; bits:1; Shiels:1
jw-letter-1780b-09-to-brian-bury-collins,john-wesley,B 09 To Brian Bury Collins,letter,2,439,0.0159,0,emerging:1; wants:1; rooms:1; fears:1; choicest:1; cellars:1; garrets:1
jw-letter-1782b-13-to-john-bredin,john-wesley,B 13 To John Bredin,letter,1,126,0.0159,0,administering:1; staying:1
cw-082-at-the-approach-of-temptation,charles-wesley,082 At The Approach Of Temptation,hymn,1,443,0.0158,0,harms:1; deaths:1; paths:1; rescu'd:1; own'd:1; lion's:1; wings:1
jw-letter-1752-06-to-john-topping,john-wesley,06 To John Topping,letter,1,317,0.0158,0,pretence:1; abovementioned:1; sacraments':1; converts:1; becometh:1
jw-letter-1768-03-to-christopher-hopper,john-wesley,03 To Christopher Hopper,letter,1,190,0.0158,0,Westmorland:1; deputies:1; writes:1
jw-letter-1768-42-to-jane-hilton,john-wesley,42 To Jane Hilton,letter,1,190,0.0158,0,lines:1; fails:1; particulars:1
jw-letter-1775-30-to-thomas-rankin,john-wesley,30 To Thomas Rankin,letter,1,316,0.0158,0,issues:1; healed:1; reclaimed:1; relapsed:1; faintest:1
jw-letter-1778-39-to-elizabeth-ritchie,john-wesley,39 To Elizabeth Ritchie,letter,1,379,0.0158,0,fainted:1; embodied:1; abused:1; reconciled:1; excludes:1; refers:1
jw-letter-1738-27-to-mr-fox,john-wesley,27 To Mr Fox,letter,1,255,0.0157,0,Cleminger:1; can't:1; helps:1; destroying:1
jw-letter-1768-14-to-miss-march,john-wesley,14 To Miss March,letter,1,254,0.0157,0,degrees:1; lowest:1; implies:1; seemed:1
jw-letter-1774-53-to-joseph-benson,john-wesley,53 To Joseph Benson,letter,1,127,0.0157,0,expected:1; Hamilton's:1
jw-letter-1775-14-to-joseph-benson,john-wesley,14 To Joseph Benson,letter,1,191,0.0157,0,complaints:1; inconveniences:1; ensued:1
jw-letter-1775-41-to-mrs-woodhouse,john-wesley,41 To Mrs Woodhouse,letter,1,127,0.0157,0,failed:1; surgeons:1
jw-letter-1781b-12-to-members-and-friends,john-wesley,B 12 To Members And Friends,letter,1,191,0.0157,0,superannuated:1; subscribing:1; CD:1
jw-letter-1784a-32-to-alexander-surer,john-wesley,A 32 To Alexander Surer,letter,1,191,0.0157,0,Lodovick:1; visited:1; proposed:1
jw-letter-1784b-29-to-john-mason,john-wesley,B 29 To John Mason,letter,1,127,0.0157,0,straitened:1; complied:1
jw-letter-1785a-11-to-arthur-keene,john-wesley,A 11 To Arthur Keene,letter,2,446,0.0157,0,succeeded:1; disapproved:1; expectations:1; observed:1; withholds:1; recommended:1; became:1
jw-letter-1785a-37-to-his-brother-charles,john-wesley,A 37 To His Brother Charles,letter,1,254,0.0157,0,proposed:1; laborers:1; shortest:1; Italians:1
jw-letter-1786a-39-to-james-copeland,john-wesley,A 39 To James Copeland,letter,1,127,0.0157,0,Copeland:1; strives:1
jw-letter-1791-19-to-ezekiel-cooper-of-philadelphia,john-wesley,19 To Ezekiel Cooper Of Philadelphia,letter,1,254,0.0157,0,infirmities:1; failed:1; enabled:1; oceans:1
jw-letter-1791-25-to-sarah-rutter,john-wesley,25 To Sarah Rutter,letter,1,127,0.0157,0,enabling:1; remaineth:1
cw-gp-08-gloria-patri-viii,charles-wesley,Gp 08 Gloria Patri Viii,hymn,2,382,0.0157,0,elected:2; pass'd:2; applies:2
jw-letters-1783a,john-wesley,Letters 1783A,letter,19,6184,0.0157,0,hopes:3; larger:2; can't:2; enabling:1; dosest:1; forgiven:1; wanted:1; Neddy's:1; troubles:1; burthen:1; journeys:1; pleases:1; informing:1; thinks:1; appeareth:1; vanisheth:1; observed:1; BROTRER:1; acted:1; consequences:1
cw-051-christ-our-redemption-1-corinthians-130,charles-wesley,051 Christ Our Redemption 1 Corinthians 130,hymn,1,128,0.0156,0,captive's:1; defies:1
jw-letter-1756a-03-to-joseph-cownley,john-wesley,A 03 To Joseph Cownley,letter,1,257,0.0156,0,preparations:1; wildest:1; regiments:1; consequences:1
jw-letter-1764-29-to-thomas-rankin,john-wesley,29 To Thomas Rankin,letter,1,192,0.0156,0,Triggs:1; recommended:1; particulars:1
jw-letter-1772-21-to-mary-bosanquet,john-wesley,21 To Mary Bosanquet,letter,1,64,0.0156,0,apprehensions:1
jw-letter-1773-37-to-miss-cummins,john-wesley,37 To Miss Cummins,letter,2,450,0.0156,0,constrains:1; flees:1; pleasures:1; trifles:1; danced:1; noting:1; sitteth:1
jw-letter-1776-32-to-miss-j-c-march,john-wesley,32 To Miss J C March,letter,1,256,0.0156,0,circumstances:1; purifying:1; prevented:1; wining:1
jw-letter-1776-34-to-hester-ann-roe,john-wesley,34 To Hester Ann Roe,letter,1,321,0.0156,0,openings:1; disembodied:1; waves:1; unopposing:1; expresses:1
jw-letter-1785b-07-to-arthur-keene,john-wesley,B 07 To Arthur Keene,letter,2,513,0.0156,0,Neill:1; circumstances:1; showed:1; entrusted:1; Jaques's:1; pressed:1; writes:1; inmates:1
jw-letter-1785b-40-to-thomas-wride,john-wesley,B 40 To Thomas Wride,letter,1,128,0.0156,0,oftener:1; McKersey:1
jw-letter-1788a-65-to-henry-moore,john-wesley,A 65 To Henry Moore,letter,1,192,0.0156,0,se'n:1; objected:1; services:1
jw-letter-1789a-64-to-walter-churchey,john-wesley,A 64 To Walter Churchey,letter,1,257,0.0156,0,alterations:1; altering':1; innovations:1; journeys:1
cw-052-it-is-very-meet-right-and-our-bounden-duty,charles-wesley,052 It Is Very Meet Right And Our Bounden Duty,hymn,1,194,0.0155,0,ador'd:1; ascribed:1; Vidicated:1
jw-letter-1765-21-to-thomas-rankin,john-wesley,21 To Thomas Rankin,letter,1,258,0.0155,0,repetitions:1; flourishes:1; supplied:1; Cooper's:1
jw-letter-1770-18-to-mrs-bennis,john-wesley,18 To Mrs Bennis,letter,1,194,0.0155,0,WHITBHAVEN:1; miscarried:1; stationed:1
jw-letter-1777-27-to-elizabeth-ritchie,john-wesley,27 To Elizabeth Ritchie,letter,1,193,0.0155,0,lines:2; obscured:1
jw-letter-1779-37-to-alexander-knox,john-wesley,37 To Alexander Knox,letter,1,193,0.0155,0,caressed:1; applauded:1; escaped:1
jw-letter-1783a-15-to-william-black,john-wesley,A 15 To William Black,letter,1,323,0.0155,0,hopes:1; informs:1; disciples:1; withdrew:1; founded:1
jw-letter-1787-20-to-william-black,john-wesley,20 To William Black,letter,1,258,0.0155,0,granted:1; weapons:1; denies:1; staggered:1
jw-letter-1789a-81-to-henry-moore,john-wesley,A 81 To Henry Moore,letter,1,194,0.0155,0,hiding:1; quenched:1; spared:1
jw-letter-1790a-06-to-thomas-rutherford,john-wesley,A 06 To Thomas Rutherford,letter,1,129,0.0155,0,Erckbarn:1; hopes:1
jw-letter-1737-08-to-mrs-chapman,john-wesley,08 To Mrs Chapman,letter,4,1039,0.0154,0,pleasures:2; distinctions:2; subsisted:1; interposed:1; implies:1; tends:1; Holborn:1; excepts:1; affirms:1; asserting:1; attempted:1; solved:1; disputers:1; ceasing:1
jw-letter-1774-03-to-john-mason,john-wesley,03 To John Mason,letter,1,130,0.0154,0,broader:1; surgeon's:1
jw-letter-1775-21-to-thomas-rankin,john-wesley,21 To Thomas Rankin,letter,1,325,0.0154,0,lines:1; passes:1; showers:1; begins:1; writes:1
jw-letter-1781b-17-to-his-niece-sarah-wesley,john-wesley,B 17 To His Niece Sarah Wesley,letter,2,454,0.0154,0,contained:1; referred:1; Dilworth's:1; Clarendon's:1; Neal's:1; Shakspeare:1; Fairfax's:1
jw-letter-1783a-33-to-john-cricket,john-wesley,A 33 To John Cricket,letter,1,65,0.0154,0,hindered:1
jw-letter-1784b-30-to-henry-moore,john-wesley,B 30 To Henry Moore,letter,1,130,0.0154,0,preaches:1; Plunkett:1
jw-letter-1788b-69-to-mrs-cock,john-wesley,B 69 To Mrs Cock,letter,1,130,0.0154,0,lines:1; suffered:1
jw-letter-1789b-43-to-adam-clarke,john-wesley,B 43 To Adam Clarke,letter,1,130,0.0154,0,hops:1; regulations:1
jw-letter-1790b-40-to-john-valton,john-wesley,B 40 To John Valton,letter,1,130,0.0154,0,Leggat's:1; Jno:1
jw-letter-1765-19-to-miss-march-bristol-august-31-1765,john-wesley,19 To Miss March Bristol August 31 1765,letter,1,262,0.0153,0,prospers:1; concerns:1; attained:1; occasioned:1
jw-letter-1771-90-to-mary-stokes,john-wesley,90 To Mary Stokes,letter,1,326,0.0153,0,crosses:1; suggestions:1; reigns:1; Tommy's:1; seconded:1
jw-letter-1785a-40-to-freeborn-garrettson,john-wesley,A 40 To Freeborn Garrettson,letter,2,458,0.0153,0,pounds:2; experiences:1; opens:1; undertaken:1; wisest:1; Marchington's:1
jw-letter-1788a-60-to-thomas-taylor,john-wesley,A 60 To Thomas Taylor,letter,1,131,0.0153,0,concerns:1; endorses:1
jw-letter-1789a-28-to-john-taylor,john-wesley,A 28 To John Taylor,letter,1,131,0.0153,0,stationing:1; divested:1
jw-letter-1789a-61-to-mrs-crosby,john-wesley,A 61 To Mrs Crosby,letter,1,131,0.0153,0,letting:1; follows:1
jw-letter-1762-01-to-christopher-hopper-norwich-january-18-1762,john-wesley,01 To Christopher Hopper Norwich January 18 1762,letter,1,198,0.0152,0,sitteth:1; floods:1; remaineth:1
jw-letter-1771-45-to-mrs-hall,john-wesley,45 To Mrs Hall,letter,1,197,0.0152,0,fewer:1; infirmities:1; signifies:1
jw-letter-1771-70-to-philothea-briggs,john-wesley,70 To Philothea Briggs,letter,1,198,0.0152,0,hurts:1; continues:1; weaning:1
jw-letter-1778-19-to-mary-bishop,john-wesley,19 To Mary Bishop,letter,1,328,0.0152,0,Flower's:1; astonished:1; seemed:1; pausing:1; fears:1
jw-letter-1782b-16-to-william-sagar,john-wesley,B 16 To William Sagar,letter,1,66,0.0152,0,dispersing:1
jw-letter-1782b-18-to-robert-hopkins,john-wesley,B 18 To Robert Hopkins,letter,1,66,0.0152,0,reports:1
jw-letter-1784b-16-to-christopher-hopper,john-wesley,B 16 To Christopher Hopper,letter,1,66,0.0152,0,behaves:1
jw-letter-1787-33-to-adam-clarke,john-wesley,33 To Adam Clarke,letter,1,328,0.0152,0,circumstances:2; credited:1; fullest:1; attested:1
jw-letter-1787-36-to-alexander-suter,john-wesley,36 To Alexander Suter,letter,1,132,0.0152,0,cassocks:1; administering:1
jw-letter-1789a-15-to-mrs-rogers,john-wesley,A 15 To Mrs Rogers,letter,1,197,0.0152,0,awakened:1; liked:1; Laffan's:1
jw-letter-1751-11-to-ebenezer-blackwell,john-wesley,11 To Ebenezer Blackwell,letter,1,199,0.0151,0,inclined:1; wife's:1; encumbrances:1
jw-letter-1752-04-to-his-wife,john-wesley,04 To His Wife,letter,1,199,0.0151,0,mentioning:1; benefits:1; conversed:1
jw-letter-1748-05-to-howell-harris,john-wesley,05 To Howell Harris,letter,1,266,0.015,0,SwindellsRobert:1; suffered:1; views:1; detained:1
jw-letter-1750-13-to-joshua-strangman,john-wesley,13 To Joshua Strangman,letter,1,200,0.015,0,Strangman:1; choked:1; fairest:1
jw-letter-1765-13-to-the-leaders-and-stewards-limerick-june-9-1765,john-wesley,13 To The Leaders And Stewards Limerick June 9 1765,letter,1,133,0.015,0,Cuthbert's:1; shows:1
jw-letter-1769-18-to-lady-maxwell,john-wesley,18 To Lady Maxwell,letter,1,267,0.015,0,quickening:1; affections:1; draws:1; shrinks:1
jw-letter-1771-20-to-damaris-perronet,john-wesley,20 To Damaris Perronet,letter,3,868,0.015,0,believed:2; depends:1; vales:1; chooses:1; prescribes:1; flames:1; Potter's:1; seas:1; wanderings:1; ceasing:1; seemeth:1; increased:1
jw-letter-1771-24-to-ann-bolton,john-wesley,24 To Ann Bolton,letter,1,200,0.015,0,concerns:1; bruised:1; befalling:1
jw-letter-1771-87-to-thomas-simpson,john-wesley,87 To Thomas Simpson,letter,1,133,0.015,0,Glascock:1; became:1
jw-letter-1786b-01-to-adam-clarke,john-wesley,B 01 To Adam Clarke,letter,1,133,0.015,0,imagined:1; staying:1
jw-letter-1787-04-to-jane-bisson,john-wesley,04 To Jane Bisson,letter,1,133,0.015,0,lines:1; returns:1
jw-letter-1788a-32-to-john-stretton,john-wesley,A 32 To John Stretton,letter,1,200,0.015,0,Balfour:1; lieth:1; objections:1
jw-letter-1788a-45-to-william-simpson,john-wesley,A 45 To William Simpson,letter,1,133,0.015,0,straitened:1; wanted:1
jw-letter-1788b-32-to-mr------,john-wesley,B 32 To Mr      ,letter,1,200,0.015,0,refers:1; degrees:1; professions:1
jw-letter-1738-19-to-the-church-at-herrnhut,john-wesley,19 To The Church At Herrnhut,letter,2,537,0.0149,0,WISHETH:1; endeavoring:1; consisting:1; evenings:1; petitions:1; cleanseth:1; walked:1; appearing:1
jw-letter-1762-15-to-christopher-hopper-cork-june-18-1762,john-wesley,15 To Christopher Hopper Cork June 18 1762,letter,1,201,0.0149,0,remaining:1; behaved:1; hindered:1
jw-letter-1771-51-to-mrs-bennis,john-wesley,51 To Mrs Bennis,letter,1,269,0.0149,0,dispensations:1; fixes:1; continues:1; wants:1
jw-letter-1757-10-to-mrs-crosby,john-wesley,10 To Mrs Crosby,letter,1,135,0.0148,0,constrains:1; strongest:1
jw-letter-1769-31-to-mrs-woodhouse,john-wesley,31 To Mrs Woodhouse,letter,1,135,0.0148,0,failed:1; receives:1
jw-letter-1777-18-to-alexander-knox,john-wesley,18 To Alexander Knox,letter,1,203,0.0148,0,returns:1; delays:1; suffered:1
jw-letter-1778-34-to-alexander-knox,john-wesley,34 To Alexander Knox,letter,1,270,0.0148,0,prevented:1; mercies:1; chastised:1; careth:1
jw-letter-1782a-41-to-john-bredin,john-wesley,A 41 To John Bredin,letter,1,135,0.0148,0,informing:1; reminding:1
jw-letter-1782b-25-to-ann-bolton,john-wesley,B 25 To Ann Bolton,letter,1,203,0.0148,0,particulars:1; occurred:1; melts:1
jw-letter-1782b-36-to-mrs-bradburn,john-wesley,B 36 To Mrs Bradburn,letter,1,203,0.0148,0,renewed:1; strongest:1; jars:1
jw-letter-1784b-27-to-martha-chapman,john-wesley,B 27 To Martha Chapman,letter,1,203,0.0148,0,granted:1; gained:1; regained:1
jw-letter-1788b-36-to-walter-churchey,john-wesley,B 36 To Walter Churchey,letter,1,203,0.0148,0,pounds:1; placing:1; lines:1
jw-letter-1789a-70-to-arthur-keene,john-wesley,A 70 To Arthur Keene,letter,1,68,0.0147,0,D'Olier's:1
jw-letter-1773-07-to-mrs-barton-beverley,john-wesley,07 To Mrs Barton Beverley,letter,1,137,0.0146,0,provisions:1; windows:1
jw-letter-1773-08-to-mrs-pywell,john-wesley,08 To Mrs Pywell,letter,1,206,0.0146,0,hopes:1; quickened:1; opportunities:1
jw-letter-1775-49-to-thomas-rankin,john-wesley,49 To Thomas Rankin,letter,1,343,0.0146,0,Atticus:1; tools:1; purposes:1; Athithophel:1; sharpened:1
jw-letter-1735-02-to-his-brother-samuel,john-wesley,02 To His Brother Samuel,letter,1,207,0.0145,0,founded:1; cures:1; pupils:1
jw-letter-1760-09-to-miss-march-dublin-april-16-1760-eltham-is-a-bar,john-wesley,09 To Miss March Dublin April 16 1760 Eltham Is A Bar,letter,1,276,0.0145,0,Eltham:1; contributes:1; squandered:1; employments:1
jw-letter-1771-50-to-miss-march,john-wesley,50 To Miss March,letter,2,414,0.0145,0,dulling:1; cleansed:1; defects:1; required:1; neighbour:1; explains:1
jw-letter-1775-62-to-his-brother-charles,john-wesley,62 To His Brother Charles,letter,1,345,0.0145,0,pounds:1; putting:1; Jenny's:1; destroying:1; papers:1
jw-letter-1775-70-to-william-pine,john-wesley,70 To William Pine,letter,1,69,0.0145,0,particulars:1
jw-letter-1779-21-to-george-gidley,john-wesley,21 To George Gidley,letter,1,138,0.0145,0,asking:1; neighbors:1
jw-letter-1779-56-to-mrs-barton,john-wesley,56 To Mrs Barton,letter,1,138,0.0145,0,sorts:1; burthen:1
jw-letter-1781b-28-to-mrs-foley,john-wesley,B 28 To Mrs Foley,letter,1,69,0.0145,0,prevented:1
jw-letter-1783a-06-to-john-valton,john-wesley,A 06 To John Valton,letter,1,138,0.0145,0,butcher's:1; expelled:1
jw-letter-1783b-18-to-mrs-howton,john-wesley,B 18 To Mrs Howton,letter,1,138,0.0145,0,hopes:1; modes:1
jw-letter-1783b-33-to-ann-loxdale,john-wesley,B 33 To Ann Loxdale,letter,1,345,0.0145,0,Mm:1; dated:1; refrained:1; expelling:1; strongest:1
jw-letter-1784b-04-to-frances-godfrey,john-wesley,B 04 To Frances Godfrey,letter,1,138,0.0145,0,helps:1; passeth:1
jw-letter-1785a-32-to-zachariah-yewdall,john-wesley,A 32 To Zachariah Yewdall,letter,1,207,0.0145,0,soul's:1; mayest:1; Yewdart:1
jw-letter-1785b-04-to-arthur-keene,john-wesley,B 04 To Arthur Keene,letter,1,275,0.0145,0,says:1; shank's:1; lb:1; Neill:1
jw-letter-1789b-10-to-dr-ford,john-wesley,B 10 To Dr Ford,letter,1,69,0.0145,0,Mowbray:1
jw-letter-1791-20-to-henry-moore,john-wesley,20 To Henry Moore,letter,1,69,0.0145,0,followed:1
cw-015-thanksgiving-for-her-deliverance,charles-wesley,015 Thanksgiving For Her Deliverance,hymn,3,556,0.0144,0,frees:2; hosannas:2; edn:2; rages:2
jw-letter-1759-08-to-ebenezer-blackwell-norwich-march-12-1759,john-wesley,08 To Ebenezer Blackwell Norwich March 12 1759,letter,2,417,0.0144,0,terms:1; endeavouring:1; consisting:1; mouldered:1; reunited:1; larger:1
jw-letter-1774-55-to-joseph-benson,john-wesley,55 To Joseph Benson,letter,1,139,0.0144,0,lines:1; discouraged:1
jw-letter-1757-09-to-dorothy-furly,john-wesley,09 To Dorothy Furly,letter,1,349,0.0143,0,influenced:1; advocates:1; paths:1; suffered:1; writes:1
jw-letter-1764-18-to-dorothy-furly-edinburgh-may-28-1764,john-wesley,18 To Dorothy Furly Edinburgh May 28 1764,letter,1,210,0.0143,0,providences:1; leadings:1; workings:1
jw-letter-1764-21-to-lady-maxwell,john-wesley,21 To Lady Maxwell,letter,3,489,0.0143,0,inclines:1; rises:1; worshipping:1; walked:1; succeeded:1; pressures:1; advices:1
jw-letter-1769-23-to-john-mason,john-wesley,23 To John Mason,letter,1,70,0.0143,0,stationed:1
jw-letter-1773-25-to-george-shadford,john-wesley,25 To George Shadford,letter,1,70,0.0143,0,arrived:1
jw-letter-1774-28-to-elizabeth-ritchie,john-wesley,28 To Elizabeth Ritchie,letter,1,210,0.0143,0,believed:1; remaining:1; healed:1
jw-letter-1761-10-to-dr-green,john-wesley,10 To Dr Green,letter,2,636,0.0142,0,lines:1; deepest:1; wretches:1; associates:1; conceives:1; writings:1; termed:1; adhered:1; labours:1
jw-letter-1773-16-to-john-valton,john-wesley,16 To John Valton,letter,1,141,0.0142,0,patients:1; workers:1
jw-letter-1777-54-to-christopher-hopper,john-wesley,54 To Christopher Hopper,letter,1,212,0.0142,0,says:1; hindered:1; Sycophants:1
jw-letter-1780b-21-to-samuel-bradburn,john-wesley,B 21 To Samuel Bradburn,letter,1,141,0.0142,0,seas:1; named:1
jw-letter-1784b-03-to-arthur-keene,john-wesley,B 03 To Arthur Keene,letter,1,211,0.0142,0,issued:1; hopes:1; Hyden:1
jw-letter-1764-04-to-mrs-freeman,john-wesley,04 To Mrs Freeman,letter,1,142,0.0141,0,altering:1; superadded:1
jw-letter-1780a-02-to-mrs-rose,john-wesley,A 02 To Mrs Rose,letter,1,71,0.0141,0,purified:1
jw-letter-1790b-09-to-sarah-mallet,john-wesley,B 09 To Sarah Mallet,letter,1,283,0.0141,0,reproached:1; name's:1; troubles:1; other's:1
cw-wrestling-jacob,charles-wesley,Wrestling Jacob,hymn,15,1142,0.014,0,mercies:4; strugglest:2; conquered:2; diedst:2; shadows:2; wings:2; o'ercome:2
jw-letter-1773-23-to-mrs-barton-hull,john-wesley,23 To Mrs Barton Hull,letter,1,143,0.014,0,travelers:1; advantages:1
jw-letter-1774-93-to-mrs-barton,john-wesley,93 To Mrs Barton,letter,1,215,0.014,0,observes:1; enabled:1; chasteneth:1
jw-letter-1775-71-to-mary-bosanquet,john-wesley,71 To Mary Bosanquet,letter,1,215,0.014,0,letting:1; lands:1; procuring:1
jw-letter-1776-14-to-thomas-rutherford,john-wesley,14 To Thomas Rutherford,letter,1,286,0.014,0,censures:1; stumbled:1; critics:1; terms:1
jw-letter-1776-52-to-mrs-downes,john-wesley,52 To Mrs Downes,letter,1,143,0.014,0,exercising:1; talents:1
jw-letter-1784a-23-to-brian-bury-collins,john-wesley,A 23 To Brian Bury Collins,letter,1,286,0.014,0,surprised:2; Witherspoon:1; ties:1
jw-letter-1786a-46-to-sophia-cooke,john-wesley,A 46 To Sophia Cooke,letter,1,143,0.014,0,believed:1; wanted:1
jw-letter-1750-05-to-mrs-bennet,john-wesley,05 To Mrs Bennet,letter,1,72,0.0139,0,wants:1
jw-letter-1762-06-to-thomas-rankin,john-wesley,06 To Thomas Rankin,letter,1,72,0.0139,0,enforcing:1
jw-letter-1772-65-to-philothea-briggs,john-wesley,65 To Philothea Briggs,letter,1,72,0.0139,0,cases:1
jw-letter-1775-08-to-ann-bolton,john-wesley,08 To Ann Bolton,letter,1,72,0.0139,0,suffered:1
jw-letter-1775-50-to-ann-bolton,john-wesley,50 To Ann Bolton,letter,1,216,0.0139,0,seemed:1; encumbered:1; preparing:1
jw-letter-1776-41-to-joseph-benson,john-wesley,41 To Joseph Benson,letter,1,144,0.0139,0,burthen:1; asserters:1
jw-letter-1778-31-to-mary-bishop,john-wesley,31 To Mary Bishop,letter,1,287,0.0139,0,unbosomed:1; renewed:1; correspondents:1; profited:1
jw-letter-1781b-07-to-robert-hopkins,john-wesley,B 07 To Robert Hopkins,letter,1,144,0.0139,0,reigning:1; attained:1
jw-letter-1782b-53-to-zachariah-yewdall,john-wesley,B 53 To Zachariah Yewdall,letter,1,144,0.0139,0,became:1; Athione:1
jw-letter-1788a-72-to-his-niece-sarah-wesley,john-wesley,A 72 To His Niece Sarah Wesley,letter,1,216,0.0139,0,compounded:1; salts:1; prescribed:1
jw-letter-1789a-18-to-joseph-taylor,john-wesley,A 18 To Joseph Taylor,letter,1,144,0.0139,0,Bagshaw:1; continues:1
jw-treatise-word-to-an-unhappy-woman,john-wesley,Treatise Word To An Unhappy Woman,treatise,3,1010,0.0139,0,adulterers:2; fornicators:2; forgiven:2; heli:1; redeemed:1; pangs:1; suffered:1; wiped:1; hairs:1; burnings:1; failed:1
jw-letter-1764-39-to-thomas-rankin,john-wesley,39 To Thomas Rankin,letter,1,145,0.0138,0,shillings:1; results:1
jw-letter-1771-64-to-philothea-briggs,john-wesley,64 To Philothea Briggs,letter,1,218,0.0138,0,recovering:1; careth:1; pleases:1
jw-letter-1777-34-to-mrs-barton,john-wesley,34 To Mrs Barton,letter,1,145,0.0138,0,continues:1; subsides:1
jw-letter-1777-45-to-alexander-clark,john-wesley,45 To Alexander Clark,letter,1,145,0.0138,0,commended:1; allowed:1
jw-letter-1779-58-to-thomas-rutherford,john-wesley,58 To Thomas Rutherford,letter,1,145,0.0138,0,writes:1; chooses:1
jw-letter-1781a-13-to-ann-loxdale,john-wesley,A 13 To Ann Loxdale,letter,1,145,0.0138,0,promised:1; conversing:1
jw-letter-to-william-wilberforce,john-wesley,Letter To William Wilberforce,letter,1,219,0.0137,0,BALAM:1; mundum:1; outraged:1
cw-064-at-setting-out-to-preach-the-gospel,charles-wesley,064 At Setting Out To Preach The Gospel,hymn,1,146,0.0137,0,bonds:1; records:1
jw-letter-1764-28-to-lady-maxwell-london-august-17-1764,john-wesley,28 To Lady Maxwell London August 17 1764,letter,2,585,0.0137,0,delayed:1; passeth:1; neighbours:1; flatterers:1; forgiven:1; increased:1; emerging:1; prays:1
jw-letter-1773-01-to-mary-bishop,john-wesley,01 To Mary Bishop,letter,1,219,0.0137,0,says:1; annexed:1; reasonings:1
jw-letter-1788b-33-to-mrs-charles-wesley,john-wesley,B 33 To Mrs Charles Wesley,letter,1,73,0.0137,0,circumstances:1
jw-letter-1791-07-to-edward-lewly,john-wesley,07 To Edward Lewly,letter,1,146,0.0137,0,scruples:1; expects:1
jw-letter-1761-19-to-miss-march,john-wesley,19 To Miss March,letter,1,147,0.0136,0,increased:1; heights:1
jw-letter-1769-26-to-john-whitehead,john-wesley,26 To John Whitehead,letter,1,147,0.0136,0,lists:1; seemed:1
jw-letter-1775-38-to-john-king,john-wesley,38 To John King,letter,1,221,0.0136,0,surest:1; warns:1; shortened:1
jw-letter-1777-10-to-mrs-johnston-annandale-lisleen,john-wesley,10 To Mrs Johnston Annandale Lisleen,letter,1,294,0.0136,0,circumstances:2; Whisby:1; expected:1
jw-letter-1780b-07-to-mrs-crosby,john-wesley,B 07 To Mrs Crosby,letter,1,295,0.0136,0,originals:1; wife's:1; minds:1; stirred:1
jw-letter-1781b-02-to-hannah-ball,john-wesley,B 02 To Hannah Ball,letter,1,147,0.0136,0,Story's:1; desisted:1
jw-letter-1782a-40-to-samuel-mitchell,john-wesley,A 40 To Samuel Mitchell,letter,1,147,0.0136,0,wanted:1; circumstances:1
jw-letter-1786b-09-to-mrs-fletcher,john-wesley,B 09 To Mrs Fletcher,letter,1,147,0.0136,0,fragments:1; dates:1
jw-letter-1787-34-to-adam-clarke,john-wesley,34 To Adam Clarke,letter,1,147,0.0136,0,Valle:1; Batlift:1
jw-letter-1790b-47-to-sarah-mallet,john-wesley,B 47 To Sarah Mallet,letter,1,220,0.0136,0,suffered:1; attacks:1; provokes:1
jw-letter-1748-12-to-john-toltschig,john-wesley,12 To John Toltschig,letter,1,74,0.0135,0,expected:1
jw-letter-1769-36-to-edward-spencer,john-wesley,36 To Edward Spencer,letter,1,74,0.0135,0,se'nnight:1
jw-letter-1772-08-to-mary-stokes,john-wesley,08 To Mary Stokes,letter,1,296,0.0135,0,circumstances:1; lips:1; professes:1; natured:1
jw-letter-1774-66-to-mary-bishop,john-wesley,66 To Mary Bishop,letter,1,297,0.0135,0,occasioned:1; circumstances:1; emboldened:1; relates:1
jw-letter-1780a-25-to-elizabeth-morgan,john-wesley,A 25 To Elizabeth Morgan,letter,1,223,0.0135,0,surprised:1; noblest:1; purposes:1
jw-letter-1782b-12-to-hannah-ball,john-wesley,B 12 To Hannah Ball,letter,1,148,0.0135,0,wondered:1; influences:1
jw-letter-1785b-27-to-ann-loxdale,john-wesley,B 27 To Ann Loxdale,letter,1,297,0.0135,0,inquiries:1; wondered:1; escaped:1; throws:1
jw-letter-1786b-23-to-john-valton,john-wesley,B 23 To John Valton,letter,1,223,0.0135,0,drowning:1; Brundrell's:1; pounds:1
jw-letter-1788b-20-to-ann-bolton,john-wesley,B 20 To Ann Bolton,letter,1,148,0.0135,0,miscarried:1; chasteneth:1
jw-letter-1789a-40-to-alexander-knox,john-wesley,A 40 To Alexander Knox,letter,1,148,0.0135,0,papers:1; permits:1
jw-letter-1789b-02-to-mrs-rose,john-wesley,B 02 To Mrs Rose,letter,1,74,0.0135,0,purified:1
jw-letter-1791-30-to-william-wilberforce,john-wesley,30 To William Wilberforce,letter,1,223,0.0135,0,BALAM:1; mundum:1; outraged:1
cw-028-mourning,charles-wesley,028 Mourning,hymn,1,298,0.0134,0,heart's:1; holds:1; wings:1; desart:1
jw-letter-1760-18-to-his-wife-ennis-near-limerick-july-12-1760,john-wesley,18 To His Wife Ennis Near Limerick July 12 1760,letter,2,449,0.0134,0,wellnigh:1; humour:1; assisting:1; opportunities:1; moments:1; recalled:1
jw-letter-1772-66-to-penelope-newman,john-wesley,66 To Penelope Newman,letter,1,299,0.0134,0,authors:1; sayings:1; conceived:1; electrified:1
jw-letter-1751-08-to-his-wife,john-wesley,08 To His Wife,letter,1,377,0.0133,0,EVERSHAM:1; enabled:1; remembered:1; affirmed:1; delayed:1
jw-letter-1771-60-to-ann-bolton,john-wesley,60 To Ann Bolton,letter,1,225,0.0133,0,PEYBROKE:1; Iles:1; lacking:1
jw-letter-1775-11-to-peter-bohler,john-wesley,11 To Peter Bohler,letter,1,226,0.0133,0,believed:1; doeth:1; abused:1
jw-letter-1777-31-to-joseph-benson,john-wesley,31 To Joseph Benson,letter,1,150,0.0133,0,supplied:1; Harrisin:1
jw-letter-1782a-32-to-robert-costerdine,john-wesley,A 32 To Robert Costerdine,letter,1,75,0.0133,0,acted:1
jw-letter-1784b-17-to-john-valton,john-wesley,B 17 To John Valton,letter,1,225,0.0133,0,offence:1; became:1; hurts:1
jw-letter-1786b-29-to-joseph-taylor,john-wesley,B 29 To Joseph Taylor,letter,1,150,0.0133,0,oftener:1; subscribers:1
jw-letter-1764-12-to-mrs-woodhouse,john-wesley,12 To Mrs Woodhouse,letter,1,227,0.0132,0,suffered:1; panted:1; purchased:1
jw-letter-1764-16-to-the-countess-of-huntingdon,john-wesley,16 To The Countess Of Huntingdon,letter,2,455,0.0132,0,testifying:1; proposing:1; disputings:1; other's:1; disputing:1; likeminded:1
jw-letter-1768-40-to-lady-maxwell,john-wesley,40 To Lady Maxwell,letter,2,532,0.0132,0,papers:2; walked:1; uttered:1; Hobson's:1; apparitions:1; served:1
jw-letter-1772-52-to-henry-eames,john-wesley,52 To Henry Eames,letter,1,151,0.0132,0,emigrated:1; suffereth:1
jw-letter-1775-07-to-christopher-hopper,john-wesley,07 To Christopher Hopper,letter,1,152,0.0132,0,doubted:1; pleases:1
jw-letter-1776-22-to-mrs-hall,john-wesley,22 To Mrs Hall,letter,1,151,0.0132,0,guineas:1; Appleton's:1
jw-letter-1776-68-to-penelope-newman,john-wesley,68 To Penelope Newman,letter,1,151,0.0132,0,Prizzy:1; bursting:1
jw-letter-1779-29-to-samuel-bradburn,john-wesley,29 To Samuel Bradburn,letter,1,227,0.0132,0,dwelleth:1; entreated:1; ten's:1
jw-letter-1782b-15-to-jasper-winscom,john-wesley,B 15 To Jasper Winscom,letter,1,76,0.0132,0,prospered:1
jw-letter-1784b-01-to-alexander-barry,john-wesley,B 01 To Alexander Barry,letter,1,151,0.0132,0,debts:2
jw-letter-1788b-55-to-charles-bland,john-wesley,B 55 To Charles Bland,letter,1,76,0.0132,0,Jaquis:1
jw-letter-1788b-59-to-william-smith,john-wesley,B 59 To William Smith,letter,1,76,0.0132,0,doors:1
jw-letter-1789a-66-to-zachariah-yewdull,john-wesley,A 66 To Zachariah Yewdull,letter,1,76,0.0132,0,elbows:1
jw-letter-1789b-58-to-sarah-rutter,john-wesley,B 58 To Sarah Rutter,letter,1,151,0.0132,0,continues:1; wants:1
jw-letter-1751-06-to-john-bennet,john-wesley,06 To John Bennet,letter,1,153,0.0131,0,obliges:1; Munchester:1
jw-letter-1760-04-to-miss-march-editors-introductory-notes-1760,john-wesley,04 To Miss March Editors Introductory Notes 1760,letter,1,306,0.0131,0,blesses:1; uncovers:1; shows:1; retained:1
jw-letter-1788b-37-to-lady-maxwell,john-wesley,B 37 To Lady Maxwell,letter,1,383,0.0131,0,believed:2; hindering:1; tempers:1; holiest:1
jw-letter-1789b-19-to-dr-coke,john-wesley,B 19 To Dr Coke,letter,1,153,0.0131,0,tyrants:1; begins:1
jw-letter-1771-74-to-philothea-briggs,john-wesley,74 To Philothea Briggs,letter,1,384,0.013,0,requires:1; workings:1; signifies:1; sallies:1; increases:1
jw-letter-1773-41-to-john-fletcher,john-wesley,41 To John Fletcher,letter,1,384,0.013,0,designs:1; pleases:1; wolves:1; minds:1; pitty:1
jw-letter-1779-24-to-mrs-gair,john-wesley,24 To Mrs Gair,letter,1,154,0.013,0,recovering:1; opportunities:1
jw-letter-1786a-41-to-lancelot-harrison,john-wesley,A 41 To Lancelot Harrison,letter,1,77,0.013,0,Saturda:1
jw-letter-1774-74-to-joseph-benson,john-wesley,74 To Joseph Benson,letter,1,233,0.0129,0,supplied:1; itinerants:1; Mackie:1
jw-letter-1781a-24-to-thomas-rutherford,john-wesley,A 24 To Thomas Rutherford,letter,1,155,0.0129,0,continues:1; believed:1
jw-letter-1789b-09-to-mrs-cock,john-wesley,B 09 To Mrs Cock,letter,1,155,0.0129,0,suffered:1; opportunities:1
jw-letter-1771-06-to-philothea-briggs,john-wesley,06 To Philothea Briggs,letter,1,234,0.0128,0,volumes:1; permits:1; forenoons:1
jw-letter-1785a-26-to-roger-crane,john-wesley,A 26 To Roger Crane,letter,1,78,0.0128,0,neglected:1
jw-letter-1788a-48-to-henry-moore,john-wesley,A 48 To Henry Moore,letter,1,156,0.0128,0,nev:1; velit:1
jw-letter-1764-08-to-mr---sheffield-march-29-1764,john-wesley,08 To Mr   Sheffield March 29 1764,letter,1,79,0.0127,0,baptized:1
jw-letter-1766-02-to-thomas-rankin,john-wesley,02 To Thomas Rankin,letter,1,158,0.0127,0,reimbursed:1; returns:1
jw-letter-1768-55-to-george-merryweather,john-wesley,55 To George Merryweather,letter,1,79,0.0127,0,warned:1
jw-letter-1769-44-to-joseph-benson,john-wesley,44 To Joseph Benson,letter,1,157,0.0127,0,pointblank:1; Phillips's:1
jw-letter-1770-38-to-christopher-hopper,john-wesley,38 To Christopher Hopper,letter,1,157,0.0127,0,letting:1; congregations:1
jw-letter-1774-01-to-joseph-benson-edinburgh,john-wesley,01 To Joseph Benson Edinburgh,letter,1,236,0.0127,0,seemed:1; casts:1; surgeon's:1
jw-letter-1776-55-to-joseph-benson,john-wesley,55 To Joseph Benson,letter,1,158,0.0127,0,events:1; laborers:1
jw-letter-1776-69-to-mrs-bennis,john-wesley,69 To Mrs Bennis,letter,1,157,0.0127,0,implies:1; sufficeth:1
jw-letter-1777-32-to-john-bredin,john-wesley,32 To John Bredin,letter,1,79,0.0127,0,stationedin:1
jw-letter-1777-71-to-john-bredin,john-wesley,71 To John Bredin,letter,1,79,0.0127,0,spared:1
jw-letter-1781a-17-to-miss-clarkson,john-wesley,A 17 To Miss Clarkson,letter,1,237,0.0127,0,informs:1; wondered:1; attempting:1
jw-letter-1788a-63-to-walter-churchey,john-wesley,A 63 To Walter Churchey,letter,1,157,0.0127,0,overtook:1; pleases:1
jw-letter-1790a-14-to-mrs-cock,john-wesley,A 14 To Mrs Cock,letter,1,157,0.0127,0,particulars:1; agrees:1
jw-letter-1763-03-to-thomas-maxfield,john-wesley,03 To Thomas Maxfield,letter,1,159,0.0126,0,seemed:1; contradicted:1
jw-letter-1761-27-to-matthew-lowes,john-wesley,27 To Matthew Lowes,letter,1,160,0.0125,0,became:1; Allendale:1
jw-letter-1767-21-to-mrs-bennis,john-wesley,21 To Mrs Bennis,letter,1,240,0.0125,0,wants:1; encompassed:1; infirmities:1
jw-letter-1769-24-to-howell-powell-bandon,john-wesley,24 To Howell Powell Bandon,letter,1,80,0.0125,0,complies:1
jw-letter-1776-27-to-mrs-freeman,john-wesley,27 To Mrs Freeman,letter,1,160,0.0125,0,pushed:1; cleanses:1
jw-letter-1782b-03-to-ann-loxdale,john-wesley,B 03 To Ann Loxdale,letter,1,319,0.0125,0,began:1; tends:1; follows:1; strongest:1
jw-letter-1786a-16-to-mrs-middleton,john-wesley,A 16 To Mrs Middleton,letter,1,160,0.0125,0,paths:1; gained:1
jw-letter-1781a-12-to-mrs-knapp,john-wesley,A 12 To Mrs Knapp,letter,1,242,0.0124,0,presses:1; o'clock:1; transformed:1
jw-letter-1750-14-to-john-bennet,john-wesley,14 To John Bennet,letter,1,162,0.0123,0,wellnigh:1; overthrown:1
jw-letter-1764-24-to-lady-maxwell-manchester-july-io-1764,john-wesley,24 To Lady Maxwell Manchester July Io 1764,letter,4,1138,0.0123,0,exhortations:2; shows:2; bereaved:1; relatives:1; knees:1; advices:1; objections:1; cowards:1; hindering:1; stumblingblock:1; accrues:1; tempers:1
jw-letter-1767-14-to-lady-maxwell,john-wesley,14 To Lady Maxwell,letter,2,407,0.0123,0,holiest:1; concerns:1; dispositions:1; hurts:1; draws:1
jw-letter-1769-57-to-mrs-barton,john-wesley,57 To Mrs Barton,letter,1,163,0.0123,0,Fallowfield:1; ceased:1
jw-letter-1772-14-to-mrs-barton,john-wesley,14 To Mrs Barton,letter,1,162,0.0123,0,weakened:1; other's:1
jw-letter-1772-71-to-thomas-wride,john-wesley,71 To Thomas Wride,letter,1,162,0.0123,0,colleagues:1; helps:1
jw-letter-1773-80-to-mrs-savage,john-wesley,80 To Mrs Savage,letter,1,162,0.0123,0,reported:1; perfection's:1
jw-letter-1774-18-to-joseph-benson,john-wesley,18 To Joseph Benson,letter,1,163,0.0123,0,occurred:1; contrived:1
jw-letter-1780b-16-to-robert-carr-brackenbury,john-wesley,B 16 To Robert Carr Brackenbury,letter,1,244,0.0123,0,Carne:1; tiffs:1; attaining:1
jw-letter-1784a-12-to-victory-purdy,john-wesley,A 12 To Victory Purdy,letter,1,162,0.0123,0,asked:1; resembling:1
jw-letter-1789b-11-to-harriet-lewis,john-wesley,B 11 To Harriet Lewis,letter,1,163,0.0123,0,steps:1; enabled:1
jw-letter-1751-17-to-john-downes,john-wesley,17 To John Downes,letter,1,245,0.0122,0,heart's:1; lusts:1; imaginations:1
jw-letter-1772-42-to-ann-bolton,john-wesley,42 To Ann Bolton,letter,1,328,0.0122,0,despaired:1; seemed:1; inclined:1; strikes:1
jw-letter-1773-10-to-ann-bolton,john-wesley,10 To Ann Bolton,letter,1,328,0.0122,0,fittest:1; says:1; warts:1; wordly:1
jw-letter-1774-23-to-mrs-bennis,john-wesley,23 To Mrs Bennis,letter,1,164,0.0122,0,associates:1; wondered:1
jw-letter-1786a-02-to-joshua-keighley,john-wesley,A 02 To Joshua Keighley,letter,1,82,0.0122,0,vided:1
cw-christ-risen,charles-wesley,Christ the Lord Is Risen Today,hymn,7,330,0.0121,0,redeeming:2; forbids:2
cw-049-christ-our-righteousness-1-corinthians-130,charles-wesley,049 Christ Our Righteousness 1 Corinthians 130,hymn,1,247,0.0121,0,hopes:1; enlighten'd:1; forgiven:1
cw-014-prayer-for-one-that-is-lunatick-and-sore-vexed,charles-wesley,014 Prayer For One That Is Lunatick And Sore Vexed,hymn,4,828,0.0121,0,Lunatick:2; wings:2; edn:2; Shorten'd:2; frees:2
jw-letter-1772-17-to-miss-sparrow,john-wesley,17 To Miss Sparrow,letter,1,165,0.0121,0,reasonings:1; advices:1
jw-letter-1788a-49-to-dr-coke,john-wesley,A 49 To Dr Coke,letter,1,165,0.0121,0,Whitefriar's:1; changing:1
jw-letter-1789b-33-to-charles-atmore,john-wesley,B 33 To Charles Atmore,letter,1,165,0.0121,0,laborers:1; Edwd:1
jw-letter-1739-17-to-his-brother-samuel,john-wesley,17 To His Brother Samuel,letter,3,836,0.012,0,tempers:1; lips:1; brows:1; wanted:1; began:1; overtaken:1; roared:1; groaned:1; sweats:1; lingering:1
jw-letter-1759-17-to-miss-c---york-july-15-1759,john-wesley,17 To Miss C   York July 15 1759,letter,1,334,0.012,0,oftener:1; bringeth:1; tyrant's:1; hinders:1
jw-letter-1765-25-to-peggy-dale-london-november-6-1765,john-wesley,25 To Peggy Dale London November 6 1765,letter,1,166,0.012,0,pleases:1; began:1
jw-letter-1769-11-to-jane-hilton,john-wesley,11 To Jane Hilton,letter,1,166,0.012,0,enabled:1; selfwill:1
jw-letter-1771-48-to-robert-costerdine,john-wesley,48 To Robert Costerdine,letter,1,83,0.012,0,circumstances:1
jw-letter-1772-25-to-philothea-briggs,john-wesley,25 To Philothea Briggs,letter,1,83,0.012,0,tempers:1
jw-letter-1776-53-to-hester-ann-roe,john-wesley,53 To Hester Ann Roe,letter,1,251,0.012,0,lines:1; suffers:1; events:1
jw-letter-1785a-39-to-his-brother-charles,john-wesley,A 39 To His Brother Charles,letter,1,166,0.012,0,shillings:1; Killaloe:1
jw-letter-1790a-51-to-henry-moore,john-wesley,A 51 To Henry Moore,letter,1,167,0.012,0,borders:1; assassinated:1
jw-letter-1761-21-to-ebenezer-blackwell,john-wesley,21 To Ebenezer Blackwell,letter,2,503,0.0119,0,noticed:1; awakened:1; informs:1; continues:1; exceptions:1; recovering:1
jw-letter-1767-12-to-lady-maxwell,john-wesley,12 To Lady Maxwell,letter,2,421,0.0119,0,fears:2; cooled:1; chastened:1; respects:1
jw-letter-1771-68-to-christopher-hopper,john-wesley,68 To Christopher Hopper,letter,1,168,0.0119,0,suffered:1; mildest:1
jw-letter-1776-06-to-alexander-knox,john-wesley,06 To Alexander Knox,letter,1,252,0.0119,0,necessaries:1; conveniences:1; placed:1
jw-letter-1786a-13-to-thomas-taylor,john-wesley,A 13 To Thomas Taylor,letter,1,168,0.0119,0,stamps:1; can't:1
jw-letter-1788a-57-to-mrs-blachford,john-wesley,A 57 To Mrs Blachford,letter,1,168,0.0119,0,objections:1; strongest:1
jw-letter-1789a-73-to-mrs-ingram,john-wesley,A 73 To Mrs Ingram,letter,1,84,0.0119,0,surprised:1
jw-letter-1790b-49-to-mrs-charles-wesley,john-wesley,B 49 To Mrs Charles Wesley,letter,1,84,0.0119,0,pounds:1
cw-037-matthew-121-he-shall-save-his-people-from-their-sins,charles-wesley,037 Matthew 121 He Shall Save His People From Their Sins,hymn,1,170,0.0118,0,chear:1; rays:1
jw-letter-1760-29-to-samuel-furly-london-december-9-1760,john-wesley,29 To Samuel Furly London December 9 1760,letter,1,254,0.0118,0,Ratcliff:1; opponents:1; became:1
jw-letter-1772-38-to-mrs-bennis,john-wesley,38 To Mrs Bennis,letter,1,340,0.0118,0,harsher:1; measures:1; recovering:1; intervals:1
jw-letter-1791-06-to-ann-bolton,john-wesley,06 To Ann Bolton,letter,1,85,0.0118,0,continues:1
jw-letter-1759-25-to-his-wife-bedford-november-24-1759,john-wesley,25 To His Wife Bedford November 24 1759,letter,2,426,0.0117,0,papers:1; vexing:1; spoils:1; opportunities:1; attending:1
jw-letter-1760-11-to-ebenezer-blackwell-newry-april-26-1760,john-wesley,11 To Ebenezer Blackwell Newry April 26 1760,letter,2,429,0.0117,0,reaped:1; began:1; increased:1; Leighs:1; circumstances:1
jw-letter-1761-08-to-christopher-hopper,john-wesley,08 To Christopher Hopper,letter,1,257,0.0117,0,reached:1; Manners's:1; says:1
jw-letter-1770-02-to-mrs-woodhouse,john-wesley,02 To Mrs Woodhouse,letter,1,171,0.0117,0,withdraws:1; wife's:1
jw-letter-1772-76-to-philothea-briggs,john-wesley,76 To Philothea Briggs,letter,1,171,0.0117,0,shows:1; chooses:1
jw-letter-1773-35-to-richard-locke,john-wesley,35 To Richard Locke,letter,1,171,0.0117,0,reached:1; neighbors:1
jw-letter-1774-58-to-mrs-woodhouse,john-wesley,58 To Mrs Woodhouse,letter,1,171,0.0117,0,opportunities:1; conversing:1
jw-letter-1778-24-to-alexander-knox,john-wesley,24 To Alexander Knox,letter,1,171,0.0117,0,inclined:1; overspreads:1
jw-letter-1790b-39-to-ann-bolton,john-wesley,B 39 To Ann Bolton,letter,1,256,0.0117,0,chasteneth:1; revoked:1; excelledst:1
jw-letter-1768-17-to-christopher-hopper,john-wesley,17 To Christopher Hopper,letter,1,86,0.0116,0,shillings:1
jw-letter-1768-25-to-george-merryweather,john-wesley,25 To George Merryweather,letter,1,86,0.0116,0,Nathl:1
jw-letter-1770-16-to-mary-bosanquet,john-wesley,16 To Mary Bosanquet,letter,1,259,0.0116,0,hears:1; Richd:1; continues:1
jw-letter-1771-67-to-mrs-savage,john-wesley,67 To Mrs Savage,letter,1,172,0.0116,0,expected:1; prospers:1
jw-letter-1772-12-to-mary-stokes,john-wesley,12 To Mary Stokes,letter,1,345,0.0116,0,families:1; preparing:1; surrounds:1; hour's:1
jw-letter-1773-82-to-thomas-carlill,john-wesley,82 To Thomas Carlill,letter,1,86,0.0116,0,hazards:1
jw-letter-1775-84-to-christopher-hopper,john-wesley,84 To Christopher Hopper,letter,1,173,0.0116,0,larger:1; afflicts:1
jw-letter-1782b-29-to-penelope-newman,john-wesley,B 29 To Penelope Newman,letter,1,86,0.0116,0,cooped:1
jw-letter-1786a-25-to-samuel-bardsley,john-wesley,A 25 To Samuel Bardsley,letter,1,173,0.0116,0,ordinations:1; Foxe:1
jw-letter-1786a-28-to-dr-coke,john-wesley,A 28 To Dr Coke,letter,1,86,0.0116,0,Quebec:1
jw-letter-1790b-36-to-samuel-bardsley,john-wesley,B 36 To Samuel Bardsley,letter,1,86,0.0116,0,prevented:1
jw-letter-1783a-27-to-his-brother-charles,john-wesley,A 27 To His Brother Charles,letter,1,174,0.0115,0,acquits:1; preparing:1
jw-letter-1787-15-to-henry-moore,john-wesley,15 To Henry Moore,letter,1,174,0.0115,0,o'clock:1; advising:1
jw-letter-1788a-39-to-mrs-charles-wesley,john-wesley,A 39 To Mrs Charles Wesley,letter,1,174,0.0115,0,brother's:1; contracting:1
jw-letter-1788a-64-to-mr-------,john-wesley,A 64 To Mr       ,letter,1,87,0.0115,0,contributed:1
jw-letter-1788b-08-to-alexander-suter,john-wesley,B 08 To Alexander Suter,letter,1,87,0.0115,0,currants:1
jw-letter-1788b-51-to-adam-clarke,john-wesley,B 51 To Adam Clarke,letter,1,174,0.0115,0,circumstances:1; subscribed:1
jw-letter-1762-11-to-thomas-rankin-bristol-march-20-1762-my-dear-bro,john-wesley,11 To Thomas Rankin Bristol March 20 1762 My Dear Bro,letter,1,88,0.0114,0,observed:1
jw-letter-1769-12-to-john-valton,john-wesley,12 To John Valton,letter,1,88,0.0114,0,larger:1
jw-letter-1769-48-to-joseph-benson,john-wesley,48 To Joseph Benson,letter,1,175,0.0114,0,invented:1; kindest:1
jw-letter-1771-56-to-john-hallam,john-wesley,56 To John Hallam,letter,1,175,0.0114,0,doubts:1; hopes:1
jw-letter-1775-54-to-john-crook,john-wesley,54 To John Crook,letter,1,176,0.0114,0,staying:1; richer:1
jw-letter-1778-13-to-john-valton,john-wesley,13 To John Valton,letter,1,88,0.0114,0,agrees:1
jw-letter-1784a-24-to-zachariah-yewdall,john-wesley,A 24 To Zachariah Yewdall,letter,1,175,0.0114,0,buying:1; endureth:1
jw-letter-1765-15-to-peggy-dale-kilkenny-july-5-1765,john-wesley,15 To Peggy Dale Kilkenny July 5 1765,letter,1,354,0.0113,0,pleases:1; degrees:1; nobler:1; soonest:1
jw-letter-1782b-09-to-kitty-warren,john-wesley,B 09 To Kitty Warren,letter,1,266,0.0113,0,pleases:1; hopes:1; writes:1
jw-letter-1785a-23-to-john-fletcher,john-wesley,A 23 To John Fletcher,letter,1,266,0.0113,0,hopes:1; Horseley:1; enabled:1
jw-letter-1763-05-to-the-editor-of-the-london-chronicle,john-wesley,05 To The Editor Of The London Chronicle,letter,1,89,0.0112,0,informing:1
jw-letter-1765-12-to-peggy-dale,john-wesley,12 To Peggy Dale,letter,1,179,0.0112,0,imaginations:1; Pd:1
jw-letter-1779-55-to-thomas-wride,john-wesley,55 To Thomas Wride,letter,1,89,0.0112,0,entertained:1
jw-letter-1782a-20-to-mr-wesley,john-wesley,A 20 To Mr Wesley,letter,1,358,0.0112,0,tenets:1; inculcated:1; happens:1; proposed:1
jw-letter-1782b-24-to-william-robarts,john-wesley,B 24 To William Robarts,letter,2,537,0.0112,0,delays:1; viz:1; impressed:1; asked:1; shows:1; thinketh:1
jw-letter-1782b-42-to-the-commanding-officer-in-lowestoft,john-wesley,B 42 To The Commanding Officer In Lowestoft,letter,1,89,0.0112,0,insulted:1
jw-letter-1783a-17-to-john-baxendale,john-wesley,A 17 To John Baxendale,letter,1,178,0.0112,0,can't:1; borders:1
jw-letter-1788a-55-to-his-niece-sarah-wesley,john-wesley,A 55 To His Niece Sarah Wesley,letter,1,179,0.0112,0,expected:1; prays:1
jw-letter-1788b-04-to-richard-whatcoat,john-wesley,B 04 To Richard Whatcoat,letter,1,269,0.0112,0,stationed:1; revived:1; disavowing:1
jw-letter-1789a-56-to-walter-churchey,john-wesley,A 56 To Walter Churchey,letter,1,178,0.0112,0,subscribers:1; inoculating:1
jw-letter-1790a-01-to-edward-jackson,john-wesley,A 01 To Edward Jackson,letter,1,89,0.0112,0,damaged:1
jw-letter-1790b-06-to-sarah-rutter,john-wesley,B 06 To Sarah Rutter,letter,1,89,0.0112,0,brother's:1
jw-letter-1755-23-to-henry-rimius,john-wesley,23 To Henry Rimius,letter,1,90,0.0111,0,addressed:1
jw-letter-1757-12-to-dorothy-furly,john-wesley,12 To Dorothy Furly,letter,1,180,0.0111,0,fines:1; offending:1
jw-letter-1767-15-to-peggy-dale,john-wesley,15 To Peggy Dale,letter,1,180,0.0111,0,conversing:1; overpaid:1
jw-letter-1771-22-to-elizabeth-briggs,john-wesley,22 To Elizabeth Briggs,letter,1,270,0.0111,0,says:1; deliverances:1; conformed:1
jw-letter-1771-38-to-ann-bolton,john-wesley,38 To Ann Bolton,letter,1,180,0.0111,0,ROOSKY:1; purified:1
jw-letter-1774-80-to-elizabeth-ritchie,john-wesley,80 To Elizabeth Ritchie,letter,1,359,0.0111,0,SHORRHAM:1; Guyon's:1; safest:1; sentiments:1
jw-letter-1789a-02-to-ann-bolton,john-wesley,A 02 To Ann Bolton,letter,1,180,0.0111,0,believed:1; brightest:1
jw-letter-1790b-18-to-joseph-burgess,john-wesley,B 18 To Joseph Burgess,letter,1,90,0.0111,0,staying:1
jw-letter-1760-03-to-samuel-furly-editors-introductory-notes-1760,john-wesley,03 To Samuel Furly Editors Introductory Notes 1760,letter,1,91,0.011,0,proposing:1
jw-letter-1768-10-to-joseph-benson,john-wesley,10 To Joseph Benson,letter,1,181,0.011,0,wits:1; pounds:1
jw-letter-1769-45-to-mary-bishop,john-wesley,45 To Mary Bishop,letter,2,456,0.011,0,IPSWICH:1; Hodsal:1; larger:1; consisting:1; resigning:1
jw-letter-1770-06-to-ann-bolton,john-wesley,06 To Ann Bolton,letter,1,273,0.011,0,directing:1; wanted:1; offence':1
jw-letter-1777-15-to-hannah-ball,john-wesley,15 To Hannah Ball,letter,1,91,0.011,0,shows:1
jw-letter-1782b-14-to-francis-wolfe,john-wesley,B 14 To Francis Wolfe,letter,1,91,0.011,0,regulations:1
jw-letter-1784b-26-to-mr-stonehouse,john-wesley,B 26 To Mr Stonehouse,letter,1,91,0.011,0,promoting:1
jw-letter-1787-23-to-hannah-ball,john-wesley,23 To Hannah Ball,letter,1,181,0.011,0,extremes:1; journeys:1
jw-letter-1788a-35-to-harriet-lewis,john-wesley,A 35 To Harriet Lewis,letter,1,181,0.011,0,surprised:1; befallen:1
jw-letter-1789a-85-to-henry-moore,john-wesley,A 85 To Henry Moore,letter,1,91,0.011,0,MANCHESTZR:1
cw-gp-10-gloria-patri-x,charles-wesley,Gp 10 Gloria Patri X,hymn,2,182,0.011,0,Hateth:2
jw-letter-1760-26-to-mrs-abigail-brown-london-november-21-1760,john-wesley,26 To Mrs Abigail Brown London November 21 1760,letter,1,92,0.0109,0,measures:1
jw-letter-1764-42-to-thomas-rankin,john-wesley,42 To Thomas Rankin,letter,1,184,0.0109,0,Paynter:1; subscribers:1
jw-letter-1776-12-to-joseph-benson,john-wesley,12 To Joseph Benson,letter,1,184,0.0109,0,tickets:1; hindered:1
jw-letter-1779-44-to-mrs-johnston-annandale-lisleen,john-wesley,44 To Mrs Johnston Annandale Lisleen,letter,1,183,0.0109,0,accusations:1; hazards:1
jw-letter-1782a-19-to-william-wafters,john-wesley,A 19 To William Wafters,letter,1,275,0.0109,0,Wafters:1; Jarrett:1; kingdoms:1
jw-letter-1785b-03-to-alexander-knox,john-wesley,B 03 To Alexander Knox,letter,1,92,0.0109,0,hardened:1
jw-letter-1789a-37-to-mrs-cock,john-wesley,A 37 To Mrs Cock,letter,1,275,0.0109,0,stationed:1; opportunities:1; conversing:1
jw-letter-1731-03-to-mrs-pendarves,john-wesley,03 To Mrs Pendarves,letter,1,93,0.0108,0,owned:1
jw-letter-1761-13-to-his-wife,john-wesley,13 To His Wife,letter,1,279,0.0108,0,bearers:1; mingles:1; dishonour:1
jw-letter-1769-05-to-ann-bolton,john-wesley,05 To Ann Bolton,letter,1,278,0.0108,0,shortest:1; Colds:1; advices:1
jw-letter-1781a-37-to-joseph-harper,john-wesley,A 37 To Joseph Harper,letter,1,93,0.0108,0,Upperthorpe:1
jw-letter-1786a-23-to-charles-atmore,john-wesley,A 23 To Charles Atmore,letter,1,93,0.0108,0,enforcing:1
jw-letter-1787-44-to-james-ridall,john-wesley,44 To James Ridall,letter,1,93,0.0108,0,wants:1
jw-letter-1789a-20-to-ann-bolton,john-wesley,A 20 To Ann Bolton,letter,1,277,0.0108,0,conversed:1; observed:1; seemed:1
jw-letter-1789b-32-to-elizabeth-baker,john-wesley,B 32 To Elizabeth Baker,letter,1,277,0.0108,0,Papar:1; steeped:1; Hyaran:1
jw-letter-1789a-17-to-thomas-roberts,john-wesley,A 17 To Thomas Roberts,letter,1,187,0.0107,0,bonds:1; stunned:1
jw-letter-1756b-17-to-mrs-hall,john-wesley,B 17 To Mrs Hall,letter,1,282,0.0106,0,shortened:1; purposed:1; says:1
jw-letter-1765-02-to-thomas-rankin-ovington-january-13-1765,john-wesley,02 To Thomas Rankin Ovington January 13 1765,letter,1,188,0.0106,0,Austen:1; Mallon:1
jw-letter-1770-03-to-mary-bosanquet,john-wesley,03 To Mary Bosanquet,letter,1,282,0.0106,0,inclined:1; seemed:1; babes:1
jw-letter-1770-15-to-mrs-marston,john-wesley,15 To Mrs Marston,letter,1,284,0.0106,0,ceasing:1; says:1; penned:1
jw-letter-1773-64-to-christopher-hopper,john-wesley,64 To Christopher Hopper,letter,1,379,0.0106,0,recovering:1; pursuing:1; persuading:1; required:1
jw-letter-1779-40-to-samuel-bradburn,john-wesley,40 To Samuel Bradburn,letter,1,189,0.0106,0,wanted:1; lending:1
jw-letter-1780a-20-to-penelope-newman,john-wesley,A 20 To Penelope Newman,letter,1,189,0.0106,0,senses:1; laymen:1
jw-letter-1781b-15-to-mrs-malenoir,john-wesley,B 15 To Mrs Malenoir,letter,1,189,0.0106,0,began:1; Grafton:1
jw-letter-1783a-39-to-mrs-ferguson,john-wesley,A 39 To Mrs Ferguson,letter,1,94,0.0106,0,seas:1
jw-letter-1786b-12-to-mrs-fletcher,john-wesley,B 12 To Mrs Fletcher,letter,1,188,0.0106,0,returns:1; pounds:1
jw-letter-1791-03-to-adam-clarke,john-wesley,03 To Adam Clarke,letter,1,189,0.0106,0,cleared:1; behaved:1
jw-letter-1764-14-to-thomas-newall-newcastle-upon-tyne-may-7-1764,john-wesley,14 To Thomas Newall Newcastle Upon Tyne May 7 1764,letter,1,191,0.0105,0,began:1; complained:1
jw-letter-1771-55-to-samuel-bardsley,john-wesley,55 To Samuel Bardsley,letter,1,95,0.0105,0,borders:1
jw-letter-1773-04-to-ann-bolton,john-wesley,04 To Ann Bolton,letter,1,191,0.0105,0,neighbors:1; hindered:1
jw-letter-1778-42-to-samuel-bradburn,john-wesley,42 To Samuel Bradburn,letter,1,191,0.0105,0,Mackrill:1; lovefeast:1
jw-letter-1785a-35-to-francis-wrigley,john-wesley,A 35 To Francis Wrigley,letter,1,95,0.0105,0,tainted:1
jw-letter-1786b-39-to-mary-cooke,john-wesley,B 39 To Mary Cooke,letter,1,285,0.0105,0,aches:1; Bailward:1; Jolmson:1
jw-letter-1790b-45-to-adam-clarke,john-wesley,B 45 To Adam Clarke,letter,1,190,0.0105,0,urged:1; congregations:1
jw-letter-1791-14-to-thomas-greathead,john-wesley,14 To Thomas Greathead,letter,1,95,0.0105,0,neighbors:1
jw-letter-1760-08-to-miss-march-editors-introductory-notes-1760,john-wesley,08 To Miss March Editors Introductory Notes 1760,letter,1,192,0.0104,0,lines:1; speediest:1
jw-letter-1769-30-to-robert-wilkinson,john-wesley,30 To Robert Wilkinson,letter,1,96,0.0104,0,Cumberland's:1
jw-letter-1771-12-to-mary-bishop,john-wesley,12 To Mary Bishop,letter,1,193,0.0104,0,continues:1; scraps:1
jw-letter-1772-02-to-james-hutton,john-wesley,02 To James Hutton,letter,1,96,0.0104,0,journeys:1
jw-letter-1785a-07-to-samuel-bardsley,john-wesley,A 07 To Samuel Bardsley,letter,1,96,0.0104,0,hopes:1
jw-letter-1790b-33-to-thomas-roberts,john-wesley,B 33 To Thomas Roberts,letter,1,96,0.0104,0,stationed:1
jw-letter-1755-04-to-ebenezer-blackwell,john-wesley,04 To Ebenezer Blackwell,letter,2,389,0.0103,0,flies:1; Belcher's:1; sheets:1; Chs:1
jw-letter-1772-32-to-mary-stokes,john-wesley,32 To Mary Stokes,letter,1,291,0.0103,0,wondered:1; imputing:1; plucking:1
jw-letter-1776-16-to-samuel-bradburn,john-wesley,16 To Samuel Bradburn,letter,1,97,0.0103,0,Narberth:1
jw-letter-1779-57-to-john-bredin,john-wesley,57 To John Bredin,letter,1,97,0.0103,0,neglected:1
jw-letter-1780a-23-to-christopher-hopper,john-wesley,A 23 To Christopher Hopper,letter,1,195,0.0103,0,introduced:1; plans:1
jw-letter-1784b-20-to-alexander-surer,john-wesley,B 20 To Alexander Surer,letter,1,292,0.0103,0,riots:1; dreamed:1; o'clock:1
jw-letter-1788b-61-to-joseph-taylor,john-wesley,B 61 To Joseph Taylor,letter,1,97,0.0103,0,consulted:1
jw-letter-1764-22-to-miss-j-c-march-whitehaven-june-24-1764,john-wesley,22 To Miss J C March Whitehaven June 24 1764,letter,1,295,0.0102,0,rebuked:1; seas:1; belongs:1
jw-letter-1780a-08-to-ann-bolton,john-wesley,A 08 To Ann Bolton,letter,2,392,0.0102,0,says:1; offence:1; robbers:1; asked:1
jw-letter-1780a-30-to-thomas-wride,john-wesley,A 30 To Thomas Wride,letter,1,98,0.0102,0,offence:1
jw-letter-1781a-32-to-zachariah-yewdull,john-wesley,A 32 To Zachariah Yewdull,letter,1,197,0.0102,0,soul's:1; mayest:1
jw-letter-1782a-34-to-thomas-rutherford,john-wesley,A 34 To Thomas Rutherford,letter,1,98,0.0102,0,wife's:1
jw-letter-1782a-56-to-jonathan-hern,john-wesley,A 56 To Jonathan Hern,letter,1,98,0.0102,0,fails:1
jw-letter-1785b-35-to-thomas-wride,john-wesley,B 35 To Thomas Wride,letter,1,98,0.0102,0,inclined:1
jw-letter-1788b-22-to-elizabeth-baker,john-wesley,B 22 To Elizabeth Baker,letter,1,197,0.0102,0,distresses:1; enabled:1
jw-letter-1765-16-to-lady-maxwell-kilkenny-july-5-1765,john-wesley,16 To Lady Maxwell Kilkenny July 5 1765,letter,2,495,0.0101,0,degrees:2; holiest:1; began:1; depends:1
jw-letter-1765-31-to-christopher-hopper,john-wesley,31 To Christopher Hopper,letter,1,198,0.0101,0,staying:1; guideable:1
jw-letter-1768-28-to-jane-hilton,john-wesley,28 To Jane Hilton,letter,1,198,0.0101,0,enjoyed:1; reasonings:1
jw-letter-1773-34-to-james-creighton,john-wesley,34 To James Creighton,letter,1,198,0.0101,0,kingdoms:1; endeavors:1
jw-letter-1774-21-to-isaac-twycross,john-wesley,21 To Isaac Twycross,letter,1,99,0.0101,0,ISSAC:1
jw-letter-1782a-15-to-alexander-surer,john-wesley,A 15 To Alexander Surer,letter,1,99,0.0101,0,blocks:1
jw-letter-1784a-16-to-john-baxendate,john-wesley,A 16 To John Baxendate,letter,1,198,0.0101,0,Baxendate:1; ordering:1
jw-letter-1784b-33-to-jonathan-hern,john-wesley,B 33 To Jonathan Hern,letter,1,99,0.0101,0,pews:1
jw-letter-1789a-78-to-mrs-ingram,john-wesley,A 78 To Mrs Ingram,letter,1,99,0.0101,0,occurred:1
jw-letter-1790b-04-to-his-niece-sarah-wesley,john-wesley,B 04 To His Niece Sarah Wesley,letter,1,198,0.0101,0,prolonged:1; changing:1
jw-letter-1748-21-to-william-mondet,john-wesley,21 To William Mondet,letter,1,100,0.01,0,indemnified:1
jw-letter-1770-07-to-joseph-benson,john-wesley,07 To Joseph Benson,letter,1,100,0.01,0,began:1
jw-letter-1784a-11-to-robert-hopkins,john-wesley,A 11 To Robert Hopkins,letter,1,100,0.01,0,returns:1
jw-letter-1784a-18-to-mrs-bailey,john-wesley,A 18 To Mrs Bailey,letter,1,100,0.01,0,recovers:1
jw-letter-1785b-01-to-ann-bolton,john-wesley,B 01 To Ann Bolton,letter,1,301,0.01,0,consulted:1; warms:1; Ayliff:1
jw-letter-1762-07-to-henry-brooke,john-wesley,07 To Henry Brooke,letter,1,101,0.0099,0,conversed:1
jw-letter-1767-13-to-peggy-dale,john-wesley,13 To Peggy Dale,letter,1,202,0.0099,0,cleansed:1; suffered:1
jw-letter-1768-56-to-mary-bosanquet,john-wesley,56 To Mary Bosanquet,letter,1,203,0.0099,0,alw:1; ays:1
jw-letter-1778-47-to-mrs-cousins,john-wesley,47 To Mrs Cousins,letter,1,202,0.0099,0,burthen:1; neighbors:1
jw-letter-1783a-30-to-john-watson,john-wesley,A 30 To John Watson,letter,1,101,0.0099,0,McLean:1
jw-letter-1783b-32-to-mrs-dowries,john-wesley,B 32 To Mrs Dowries,letter,1,101,0.0099,0,enabled:1
jw-letter-1785b-15-to-mary-cooke,john-wesley,B 15 To Mary Cooke,letter,1,101,0.0099,0,copies:1
jw-letter-1788b-26-to-thomas-cooper,john-wesley,B 26 To Thomas Cooper,letter,1,101,0.0099,0,stationed:1
jw-letter-1789a-10-to-thomas-rutherford,john-wesley,A 10 To Thomas Rutherford,letter,1,101,0.0099,0,pleases:1
jw-letter-1790a-11-to-william-horner,john-wesley,A 11 To William Horner,letter,1,101,0.0099,0,pews:1
jw-letter-1790a-50-to-mrs-adam-clarke,john-wesley,A 50 To Mrs Adam Clarke,letter,1,202,0.0099,0,rooms:1; pleases:1
cw-053-grace-after-meat---another-part-ii,charles-wesley,053 Grace After Meat   Another Part Ii,hymn,1,102,0.0098,0,converts:1
cw-006-morning-hymn,charles-wesley,006 Morning Hymn,hymn,1,102,0.0098,0,shades:1
jw-letter-1768-32-to-jane-hilton,john-wesley,32 To Jane Hilton,letter,1,205,0.0098,0,ceasing:1; se'nnight:1
jw-letter-1771-27-to-ann-bolton,john-wesley,27 To Ann Bolton,letter,1,205,0.0098,0,wanted:1; prospered:1
jw-letter-1772-28-to-mrs-bennis,john-wesley,28 To Mrs Bennis,letter,1,205,0.0098,0,pastures:1; entrusted:1
jw-letter-1778-08-to-samuel-bardsley,john-wesley,08 To Samuel Bardsley,letter,1,102,0.0098,0,seemeth:1
jw-letter-1783b-08-to-william-robarts,john-wesley,B 08 To William Robarts,letter,1,102,0.0098,0,Story's:1
jw-letter-1763-22-to-mrs-bennis,john-wesley,22 To Mrs Bennis,letter,1,207,0.0097,0,uses:1; wanderings:1
jw-letter-1769-14-to-mrs-crosby,john-wesley,14 To Mrs Crosby,letter,1,206,0.0097,0,exhortations:1; followed:1
jw-letter-1780b-23-to-his-niece-sarah-wesley,john-wesley,B 23 To His Niece Sarah Wesley,letter,1,207,0.0097,0,hindrances:1; helps:1
jw-letter-1783a-34-to-thomas-tattershall,john-wesley,A 34 To Thomas Tattershall,letter,1,207,0.0097,0,relates:1; particulars:1
jw-letter-1785b-29-to-charles-atmore,john-wesley,B 29 To Charles Atmore,letter,1,103,0.0097,0,laborers:1
jw-letter-1791-28-to-john-ogilvie,john-wesley,28 To John Ogilvie,letter,1,103,0.0097,0,enabled:1
jw-letter-1772-50-to-philothea-briggs,john-wesley,50 To Philothea Briggs,letter,1,104,0.0096,0,advances:1
jw-letter-1774-73-to-mrs-barton,john-wesley,73 To Mrs Barton,letter,1,208,0.0096,0,enabled:1; ceasing:1
jw-letter-1774-75-to-mrs-gair,john-wesley,75 To Mrs Gair,letter,1,104,0.0096,0,channels:1
jw-letter-1775-24-to-james-dempster,john-wesley,24 To James Dempster,letter,1,104,0.0096,0,prevailed:1
jw-letter-1788a-10-to-william-holmes,john-wesley,A 10 To William Holmes,letter,1,104,0.0096,0,consequences:1
jw-letter-1775-59-to-robert-costerdine,john-wesley,59 To Robert Costerdine,letter,1,105,0.0095,0,allowed:1
jw-letter-1777-37-to-george-robinson,john-wesley,37 To George Robinson,letter,1,105,0.0095,0,pounds:1
jw-letter-1780b-18-to-john-valton,john-wesley,B 18 To John Valton,letter,1,210,0.0095,0,expected:1; accommodations:1
jw-letter-1786a-17-to-mrs-moon,john-wesley,A 17 To Mrs Moon,letter,1,105,0.0095,0,pleases:1
jw-letter-1789a-01-to-benjamin-rhodes,john-wesley,A 01 To Benjamin Rhodes,letter,1,105,0.0095,0,changing:1
jw-letter-1789a-13-to-abraham-case,john-wesley,A 13 To Abraham Case,letter,1,105,0.0095,0,enabled:1
jw-letter-1789a-41-to-peter-mill-joseph-thompson-and-john-stamp,john-wesley,A 41 To Peter Mill Joseph Thompson And John Stamp,letter,1,105,0.0095,0,trifled:1
jw-letter-1789b-52-to-samuel-bardsley,john-wesley,B 52 To Samuel Bardsley,letter,1,105,0.0095,0,cases:1
jw-letter-1745-07-to-mrs-jones-of-fonmon-castle,john-wesley,07 To Mrs Jones Of Fonmon Castle,letter,1,212,0.0094,0,brother's:1; careth:1
jw-letter-1764-35-to-miss-march-norwich-october-13-1764,john-wesley,35 To Miss March Norwich October 13 1764,letter,1,318,0.0094,0,circumstances:1; doubted:1; resuming:1
jw-letter-1771-52-to-mary-bishop,john-wesley,52 To Mary Bishop,letter,1,106,0.0094,0,Shirley's:1
jw-letter-1774-31-to-walter-churchey,john-wesley,31 To Walter Churchey,letter,1,213,0.0094,0,Judson:1; begins:1
jw-letter-1781b-42-to-thomas-rutherford,john-wesley,B 42 To Thomas Rutherford,letter,1,106,0.0094,0,wife's:1
jw-letter-1787-32-to-zachariah-yewdall,john-wesley,32 To Zachariah Yewdall,letter,1,106,0.0094,0,Bradburu:1
jw-letter-1788b-30-to-francis-asbury,john-wesley,B 30 To Francis Asbury,letter,1,319,0.0094,0,supplies:1; provides:1; founders:1
jw-letter-1789b-04-to-mr------,john-wesley,B 04 To Mr      ,letter,1,106,0.0094,0,natured:1
jw-letter-1764-41-to-sarah-moore-london-december-8-1764,john-wesley,41 To Sarah Moore London December 8 1764,letter,1,108,0.0093,0,sayings:1
jw-letter-1768-11-to-mrs-woodhouse,john-wesley,11 To Mrs Woodhouse,letter,1,214,0.0093,0,pleases:1; suffices:1
jw-letter-1768-49-to-john-mason,john-wesley,49 To John Mason,letter,1,108,0.0093,0,disputing:1
jw-letter-1770-49-to-mrs-marston,john-wesley,49 To Mrs Marston,letter,1,215,0.0093,0,fulfilling:1; ceasing:1
jw-letter-1773-30-to-ann-boron,john-wesley,30 To Ann Boron,letter,1,321,0.0093,0,dispensations:1; circumstances:1; disbelieved:1
jw-letter-1774-87-to-hannah-ball,john-wesley,87 To Hannah Ball,letter,1,107,0.0093,0,nieces:1
jw-letter-1779-14-to-samuel-bradburn,john-wesley,14 To Samuel Bradburn,letter,1,107,0.0093,0,constrains:1
jw-letter-1779-39-to-duncan-mcallum,john-wesley,39 To Duncan Mcallum,letter,1,108,0.0093,0,allotted:1
jw-letter-1786b-16-to-william-robarts,john-wesley,B 16 To William Robarts,letter,1,108,0.0093,0,kinds:1
jw-letter-1767-35-to-ann-foard,john-wesley,35 To Ann Foard,letter,1,218,0.0092,0,affections:1; cares:1
jw-letter-1772-56-to-mary-stokes,john-wesley,56 To Mary Stokes,letter,1,325,0.0092,0,paths:1; angel's:1; tents:1
jw-letter-1760-07-to-his-wife-editors-introductory-notes-1760,john-wesley,07 To His Wife Editors Introductory Notes 1760,letter,1,331,0.0091,0,rooms:1; blanche:1; promised:1
jw-letter-1770-44-to-mrs-woodhouse,john-wesley,44 To Mrs Woodhouse,letter,1,220,0.0091,0,prospers:1; walked:1
jw-letter-1776-17-to-robert-costerdine,john-wesley,17 To Robert Costerdine,letter,1,110,0.0091,0,accuses:1
jw-letter-1785a-02-to-mrs-gait,john-wesley,A 02 To Mrs Gait,letter,1,110,0.0091,0,losses:1
jw-letter-1789a-46-to-samuel-bardsley,john-wesley,A 46 To Samuel Bardsley,letter,1,110,0.0091,0,prospers:1
jw-letter-1759-06-to-matthew-lowes-editors-introductory-notes-1759,john-wesley,06 To Matthew Lowes Editors Introductory Notes 1759,letter,1,222,0.009,0,laymen:1; dropped:1
jw-letter-1771-17-to-john-fletcher,john-wesley,17 To John Fletcher,letter,1,111,0.009,0,asserted:1
jw-letter-1772-35-to-ann-bolton,john-wesley,35 To Ann Bolton,letter,1,223,0.009,0,ceasing:1; repelled:1
jw-letter-1782b-41-to-john-bredin,john-wesley,B 41 To John Bredin,letter,1,111,0.009,0,vegetables:1
jw-letter-1783b-09-to-peter-garforth,john-wesley,B 09 To Peter Garforth,letter,1,111,0.009,0,borrowed:1
jw-letter-1783b-26-to-mrs-barton,john-wesley,B 26 To Mrs Barton,letter,1,222,0.009,0,Noveraber:1; maidens:1
jw-letter-1784a-22-to-william-percival,john-wesley,A 22 To William Percival,letter,1,111,0.009,0,expelled:1
jw-letter-1787-22-to-mrs-tighe,john-wesley,22 To Mrs Tighe,letter,1,111,0.009,0,Rosanna:1
jw-letter-1790a-18-to-thomas-tattershall,john-wesley,A 18 To Thomas Tattershall,letter,1,111,0.009,0,benefactions:1
jw-letter-1779-27-to-samuel-bardsley,john-wesley,27 To Samuel Bardsley,letter,1,112,0.0089,0,writes:1
jw-letter-1788a-58-to-christopher-hopper,john-wesley,A 58 To Christopher Hopper,letter,1,112,0.0089,0,calculations:1
jw-letter-1790a-25-to-william-smith,john-wesley,A 25 To William Smith,letter,1,112,0.0089,0,discharged:1
jw-letter-1756a-10-to-samuel-furly,john-wesley,A 10 To Samuel Furly,letter,1,113,0.0088,0,can't:1
jw-letter-1760-31-to-miss-march-london-december-12-1760,john-wesley,31 To Miss March London December 12 1760,letter,1,226,0.0088,0,superseded:1; intercedes:1
jw-letter-1767-25-to-mary-bosanquet,john-wesley,25 To Mary Bosanquet,letter,1,227,0.0088,0,chastened:1; signifies:1
jw-letter-1770-10-to-lady-maxwell,john-wesley,10 To Lady Maxwell,letter,1,340,0.0088,0,observes:1; hopes:1; frighted:1
jw-letter-1770-11-to-walter-sellon,john-wesley,11 To Walter Sellon,letter,1,113,0.0088,0,papers:1
jw-letter-1781a-43-to-hannah-ball,john-wesley,A 43 To Hannah Ball,letter,1,227,0.0088,0,troubles:1; lasted:1
jw-letter-1781b-27-to-charles-armore,john-wesley,B 27 To Charles Armore,letter,1,114,0.0088,0,hindered:1
jw-letter-1785b-52-to-joseph-taylor,john-wesley,B 52 To Joseph Taylor,letter,1,113,0.0088,0,cures:1
jw-letter-1788b-62-to-edward-coates,john-wesley,B 62 To Edward Coates,letter,1,113,0.0088,0,rehearsing:1
jw-letter-1789b-18-to-william-thom,john-wesley,B 18 To William Thom,letter,1,114,0.0088,0,discussed:1
jw-letter-1764-02-to-john-valton,john-wesley,02 To John Valton,letter,1,230,0.0087,0,profits:1; attained:1
jw-letter-1774-06-to-isaac-twycross,john-wesley,06 To Isaac Twycross,letter,1,115,0.0087,0,Bold's:1
jw-letter-1776-26-to-hester-ann-roe,john-wesley,26 To Hester Ann Roe,letter,2,460,0.0087,0,stirrings:1; decaying:1; shows:1; conversed:1
jw-letter-1780a-17-to-alexander-knox,john-wesley,A 17 To Alexander Knox,letter,1,231,0.0087,0,lessening:1; opportunities:1
jw-letter-1785a-16-to-john-stretton,john-wesley,A 16 To John Stretton,letter,1,344,0.0087,0,conversed:1; intends:1; returns:1
jw-letter-1786b-42-to-william-shepherd,john-wesley,B 42 To William Shepherd,letter,1,115,0.0087,0,Peck's:1
jw-letter-1789b-54-to-adam-clarke,john-wesley,B 54 To Adam Clarke,letter,1,230,0.0087,0,urged:1; congregations:1
jw-letter-1789b-57-to-thomas-stedman,john-wesley,B 57 To Thomas Stedman,letter,1,115,0.0087,0,originals:1
jw-letter-1740-02-to-james-hutton,john-wesley,02 To James Hutton,letter,1,233,0.0086,0,resented:1; hawkers:1
jw-letter-1771-34-to-philothea-briggs,john-wesley,34 To Philothea Briggs,letter,1,348,0.0086,0,excludes:1; tempers:1; objections:1
jw-letter-1774-10-to-mary-bosanquet,john-wesley,10 To Mary Bosanquet,letter,1,116,0.0086,0,mobs:1
jw-letter-1780b-02-to-george-robinson,john-wesley,B 02 To George Robinson,letter,1,116,0.0086,0,suffered:1
jw-letter-1791-15-to-john-booth,john-wesley,15 To John Booth,letter,1,116,0.0086,0,errors:1
jw-letter-1767-24-to-john-whitehead,john-wesley,24 To John Whitehead,letter,1,118,0.0085,0,ensuing:1
jw-letter-1771-83-to-mary-bishop,john-wesley,83 To Mary Bishop,letter,1,234,0.0085,0,Janes's:1; Crucifed:1
jw-letter-1775-03-to-francis-wolfe,john-wesley,03 To Francis Wolfe,letter,1,117,0.0085,0,drooped:1
jw-letter-1778-07-to-duncan-mcallum,john-wesley,07 To Duncan Mcallum,letter,1,117,0.0085,0,turneth:1
jw-letter-1779-59-to-the-society-in-margate,john-wesley,59 To The Society In Margate,letter,1,117,0.0085,0,brothers:1
jw-letter-1785b-32-to-joseph-benson,john-wesley,B 32 To Joseph Benson,letter,1,117,0.0085,0,circumstances:1
jw-letter-1789b-34-to-adam-clarke,john-wesley,B 34 To Adam Clarke,letter,1,117,0.0085,0,hops:1
jw-letter-1790a-47-to-thomas-wride,john-wesley,A 47 To Thomas Wride,letter,1,118,0.0085,0,expressions:1
jw-letter-1770-32-to-mrs-marston,john-wesley,32 To Mrs Marston,letter,1,237,0.0084,0,meets:1; weaknesses:1
jw-letter-1788b-65-to-peter-mill,john-wesley,B 65 To Peter Mill,letter,1,119,0.0084,0,blots:1
jw-letter-1790b-07-to-william-robarts,john-wesley,B 07 To William Robarts,letter,1,119,0.0084,0,se'nnight:1
jw-letter-1762-22-to-miss-march-bristol-october-9-1762,john-wesley,22 To Miss March Bristol October 9 1762,letter,1,120,0.0083,0,lines:1
jw-letter-1774-71-to-ann-bolton,john-wesley,71 To Ann Bolton,letter,1,242,0.0083,0,suffered:1; arises:1
jw-letter-1746-07-to-joseph-cownley,john-wesley,07 To Joseph Cownley,letter,1,122,0.0082,0,despising:1
jw-letter-1771-73-to-christopher-hopper,john-wesley,73 To Christopher Hopper,letter,1,122,0.0082,0,accommodations:1
jw-letter-1773-48-to-ann-bolton,john-wesley,48 To Ann Bolton,letter,1,244,0.0082,0,fires:1; flames:1
jw-letter-1773-76-to-mary-bosanquet,john-wesley,76 To Mary Bosanquet,letter,1,122,0.0082,0,talents:1
jw-letter-1773-79-to-thomas-rankin,john-wesley,79 To Thomas Rankin,letter,1,368,0.0082,0,suffered:2; liars:1
jw-letter-1782b-19-to-thomas-davenport,john-wesley,B 19 To Thomas Davenport,letter,1,243,0.0082,0,tents:1; stationed:1
jw-letter-1783b-25-to-thomas-longley,john-wesley,B 25 To Thomas Longley,letter,1,122,0.0082,0,can't:1
jw-letter-1787-31-to-john-king,john-wesley,31 To John King,letter,1,122,0.0082,0,detained:1
jw-letter-1761-17-to-george-merryweather,john-wesley,17 To George Merryweather,letter,1,123,0.0081,0,allotted:1
jw-letter-1773-06-to-martha-chapman,john-wesley,06 To Martha Chapman,letter,1,123,0.0081,0,seemeth:1
jw-letter-1782a-23-to-ambrose-foley,john-wesley,A 23 To Ambrose Foley,letter,1,124,0.0081,0,ensuing:1
jw-letter-1782a-24-to-mrs-knapp,john-wesley,A 24 To Mrs Knapp,letter,1,124,0.0081,0,that's:1
jw-letter-1786a-29-to-thomas-tattershall,john-wesley,A 29 To Thomas Tattershall,letter,1,124,0.0081,0,endureth:1
jw-letter-1789a-79-to-rebecca-ingram,john-wesley,A 79 To Rebecca Ingram,letter,1,124,0.0081,0,proposed:1
jw-letter-1790a-28-to-samuel-bardsley,john-wesley,A 28 To Samuel Bardsley,letter,1,123,0.0081,0,Torrington:1
jw-letter-1790b-37-to-george-holder,john-wesley,B 37 To George Holder,letter,1,123,0.0081,0,laborers:1
jw-letter-1771-84-to-samuel-bardsley,john-wesley,84 To Samuel Bardsley,letter,1,125,0.008,0,widening:1
jw-letter-1777-06-to-christopher-hopper,john-wesley,06 To Christopher Hopper,letter,1,125,0.008,0,prophesies:1
jw-letter-1778-25-to-mrs-johnston-annandale-lisleen,john-wesley,25 To Mrs Johnston Annandale Lisleen,letter,1,125,0.008,0,allots:1
jw-letter-1783a-14-to-joseph-taylor,john-wesley,A 14 To Joseph Taylor,letter,1,125,0.008,0,workmen:1
jw-letter-1787-25-to-isaac-brown,john-wesley,25 To Isaac Brown,letter,1,125,0.008,0,allotted:1
jw-letter-1759-04-to-william-alwood-editors-introductory-notes-1759,john-wesley,04 To William Alwood Editors Introductory Notes 1759,letter,1,126,0.0079,0,requireth:1
jw-letter-1775-85-to-francis-wolfe,john-wesley,85 To Francis Wolfe,letter,1,126,0.0079,0,offending:1
jw-letter-1776-09-to-christopher-hopper,john-wesley,09 To Christopher Hopper,letter,1,126,0.0079,0,fails:1
jw-letter-1778-15-to-alexander-knox,john-wesley,15 To Alexander Knox,letter,1,127,0.0079,0,suffers:1
jw-letter-1782b-37-to-samuel-bradburn,john-wesley,B 37 To Samuel Bradburn,letter,1,127,0.0079,0,congregations:1
jw-letter-1784a-01-to-isaac-andrews,john-wesley,A 01 To Isaac Andrews,letter,1,127,0.0079,0,believes:1
jw-letter-1789b-01-to-ann-bolton,john-wesley,B 01 To Ann Bolton,letter,1,126,0.0079,0,NASCY:1
jw-letter-1744-03-to-john-nelson,john-wesley,03 To John Nelson,letter,1,129,0.0078,0,fulfilled:1
jw-letter-1751-19-to-john-bennet,john-wesley,19 To John Bennet,letter,1,128,0.0078,0,newspapers:1
jw-letter-1754-03-to-samuel-furly,john-wesley,03 To Samuel Furly,letter,1,129,0.0078,0,opportunities:1
jw-letter-1776-28-to-ann-bolton,john-wesley,28 To Ann Bolton,letter,1,128,0.0078,0,tenderest:1
jw-letter-1783b-20-to-the-preachers-in-america,john-wesley,B 20 To The Preachers In America,letter,1,258,0.0078,0,volumes:1; recommended:1
jw-letter-1784a-38-to-john-valton,john-wesley,A 38 To John Valton,letter,1,128,0.0078,0,remained:1
cw-086-against-hope-believing-in-hope,charles-wesley,086 Against Hope Believing In Hope,hymn,1,260,0.0077,0,lyes:1; plants:1
jw-letter-1765-14-to-thomas-rankin,john-wesley,14 To Thomas Rankin,letter,1,130,0.0077,0,reunited:1
jw-letter-1785a-05-to-james-barry,john-wesley,A 05 To James Barry,letter,1,130,0.0077,0,hopes:1
jw-letter-1785a-06-to-mrs-freeman,john-wesley,A 06 To Mrs Freeman,letter,1,130,0.0077,0,flourishes:1
jw-letter-1765-06-to-thomas-rankin,john-wesley,06 To Thomas Rankin,letter,1,132,0.0076,0,writings:1
jw-letter-1770-20-to-richard-bourke,john-wesley,20 To Richard Bourke,letter,1,131,0.0076,0,pounds:1
jw-letter-1770-47-to-walter-churchey,john-wesley,47 To Walter Churchey,letter,1,131,0.0076,0,generations:1
jw-letter-1771-89-to-james-hutton,john-wesley,89 To James Hutton,letter,1,131,0.0076,0,bringeth:1
jw-letter-1772-22-to-penelope-newman,john-wesley,22 To Penelope Newman,letter,1,132,0.0076,0,talked:1
jw-letter-1774-13-to-martha-chapman,john-wesley,13 To Martha Chapman,letter,1,131,0.0076,0,profited:1
jw-letter-1777-08-to-samuel-bardsley,john-wesley,08 To Samuel Bardsley,letter,1,132,0.0076,0,promised:1
jw-letter-1785a-04-to-mrs-johnson,john-wesley,A 04 To Mrs Johnson,letter,1,131,0.0076,0,hopes:1
jw-letter-1788a-69-to-walter-churchey,john-wesley,A 69 To Walter Churchey,letter,1,131,0.0076,0,miscarried:1
jw-letter-1790a-24-to-henry-moore,john-wesley,A 24 To Henry Moore,letter,1,132,0.0076,0,keenest:1
jw-letter-1780b-28-to-john-valton,john-wesley,B 28 To John Valton,letter,1,134,0.0075,0,says:1
jw-letter-1788a-17-to-robert-carr-brackenbury,john-wesley,A 17 To Robert Carr Brackenbury,letter,1,133,0.0075,0,prospers:1
jw-letter-1789a-16-to-joseph-taylor,john-wesley,A 16 To Joseph Taylor,letter,1,134,0.0075,0,blocks:1
jw-letter-1773-68-to-mrs-woodhouse,john-wesley,68 To Mrs Woodhouse,letter,1,136,0.0074,0,swallowed:1
jw-letter-1775-16-to-martha-chapman,john-wesley,16 To Martha Chapman,letter,1,135,0.0074,0,directing:1
jw-letter-1775-72-to-john-valton,john-wesley,72 To John Valton,letter,1,136,0.0074,0,ensuing:1
jw-letter-1784a-36-to-mrs-christian,john-wesley,A 36 To Mrs Christian,letter,1,136,0.0074,0,towns:1
jw-letter-1746-05-to-mrs-jones-of-fonmon-castle,john-wesley,05 To Mrs Jones Of Fonmon Castle,letter,1,274,0.0073,0,undertaken:1; proposes:1
jw-letter-1755-22-to-christopher-hopper,john-wesley,22 To Christopher Hopper,letter,1,137,0.0073,0,inconveniences:1
jw-letter-1774-09-to-mary-bishop,john-wesley,09 To Mary Bishop,letter,1,274,0.0073,0,ties:1; talents:1
jw-letter-1791-23-to-adam-clarke,john-wesley,23 To Adam Clarke,letter,1,274,0.0073,0,Cookman:1; seas:1
jw-letter-1746-08-to-john-bennet,john-wesley,08 To John Bennet,letter,1,276,0.0072,0,reached:1; resided:1
jw-letter-1762-16-to-jenny-lee-cork-june-18-1762,john-wesley,16 To Jenny Lee Cork June 18 1762,letter,1,138,0.0072,0,observed:1
jw-letter-1774-76-to-hannah-ball,john-wesley,76 To Hannah Ball,letter,1,139,0.0072,0,maidens:1
jw-letter-1779-10-to-mrs-barton,john-wesley,10 To Mrs Barton,letter,1,139,0.0072,0,willeth:1
jw-letter-1783a-20-to-hester-ann-roe,john-wesley,A 20 To Hester Ann Roe,letter,1,277,0.0072,0,followed:1; wheels:1
jw-letter-1788a-30-to-his-nephew-samuel-wesley,john-wesley,A 30 To His Nephew Samuel Wesley,letter,1,277,0.0072,0,appearances:1; neglected:1
jw-letter-1769-35-to-mrs-barton,john-wesley,35 To Mrs Barton,letter,1,140,0.0071,0,renewed:1
jw-letter-1773-62-to-james-barry,john-wesley,62 To James Barry,letter,1,140,0.0071,0,fewer:1
jw-letter-1775-56-to-john-fletcher,john-wesley,56 To John Fletcher,letter,1,141,0.0071,0,hereabouts:1
jw-letter-1780a-19-to-samuel-bardsley,john-wesley,A 19 To Samuel Bardsley,letter,1,140,0.0071,0,recommending:1
jw-letter-1782b-45-to-john-valton,john-wesley,B 45 To John Valton,letter,1,140,0.0071,0,obviated:1
jw-letter-1790a-09-to-freeborn-garrettson,john-wesley,A 09 To Freeborn Garrettson,letter,1,141,0.0071,0,dated:1
cw-053-hymn-to-the-trinity,charles-wesley,053 Hymn To The Trinity,hymn,1,142,0.007,0,ador'd:1
jw-letter-1779-15-to-mrs-knapp,john-wesley,15 To Mrs Knapp,letter,1,142,0.007,0,ee:1
jw-letter-1781a-01-to-ann-bolton,john-wesley,A 01 To Ann Bolton,letter,1,287,0.007,0,circumstances:1; followed:1
jw-letter-1786b-24-to-thomas-wride,john-wesley,B 24 To Thomas Wride,letter,1,142,0.007,0,pleases:1
cw-036-in-temptation,charles-wesley,036 In Temptation,hymn,1,144,0.0069,0,defenceless:1
jw-letter-1761-25-to-matthew-lowes,john-wesley,25 To Matthew Lowes,letter,1,144,0.0069,0,pounds:1
jw-letter-1782b-34-to-zachariah-yemdall,john-wesley,B 34 To Zachariah Yemdall,letter,1,144,0.0069,0,Yemdall:1
jw-letter-1786a-42-to-kitty-warren,john-wesley,A 42 To Kitty Warren,letter,1,289,0.0069,0,applications:1; remained:1
jw-letter-1789a-74-to-rebecca-ingram,john-wesley,A 74 To Rebecca Ingram,letter,1,145,0.0069,0,insisted:1
jw-letter-1755-21-to-paul-greenwood,john-wesley,21 To Paul Greenwood,letter,1,148,0.0068,0,counselors:1
jw-letter-1772-37-to-ann-foard,john-wesley,37 To Ann Foard,letter,1,146,0.0068,0,arising:1
jw-letter-1774-50-to-thomas-rankin,john-wesley,50 To Thomas Rankin,letter,1,146,0.0068,0,novelties:1
jw-letter-1788b-15-to-frances-godfrey,john-wesley,B 15 To Frances Godfrey,letter,1,148,0.0068,0,escaped:1
jw-letter-1789a-51-to-jonathan-crowther,john-wesley,A 51 To Jonathan Crowther,letter,1,146,0.0068,0,presides:1
jw-letter-1785a-28-to-his-brother-charles,john-wesley,A 28 To His Brother Charles,letter,1,150,0.0067,0,began:1
jw-letter-1790a-20-to-preachers-and-friends,john-wesley,A 20 To Preachers And Friends,letter,1,149,0.0067,0,Madcloy:1
jw-letter-1790a-34-to-thomas-taylor,john-wesley,A 34 To Thomas Taylor,letter,1,150,0.0067,0,denominations:1
jw-letter-1779-53-to-hannah-ball,john-wesley,53 To Hannah Ball,letter,1,151,0.0066,0,requires:1
jw-letter-1781b-01-to-thomas-rutherford,john-wesley,B 01 To Thomas Rutherford,letter,1,152,0.0066,0,other's:1
jw-letter-1787-08-to-the-rev-mr-heath,john-wesley,08 To The Rev Mr Heath,letter,1,152,0.0066,0,Battin:1
jw-letter-1788b-68-to-sarah-mallet,john-wesley,B 68 To Sarah Mallet,letter,1,301,0.0066,0,forwarded:1; crosses:1
jw-letter-1790a-53-to-peard-dickinson,john-wesley,A 53 To Peard Dickinson,letter,1,152,0.0066,0,impressions:1
jw-letter-1748-23-to-john-haime,john-wesley,23 To John Haime,letter,1,154,0.0065,0,purified:1
jw-letter-1768-61-to-mary-bosanquet,john-wesley,61 To Mary Bosanquet,letter,1,154,0.0065,0,wanted:1
jw-letter-1773-52-to-joseph-benson,john-wesley,52 To Joseph Benson,letter,1,153,0.0065,0,consents:1
jw-letter-1781b-40-to-john-fletcher,john-wesley,B 40 To John Fletcher,letter,1,155,0.0065,0,disposing:1
jw-letter-1783a-31-to-joseph-taylor,john-wesley,A 31 To Joseph Taylor,letter,1,154,0.0065,0,Bagshaw:1
jw-letter-1788b-18-to-arthur-keene,john-wesley,B 18 To Arthur Keene,letter,1,154,0.0065,0,arrived:1
jw-letter-1791-12-to-robert-dull,john-wesley,12 To Robert Dull,letter,1,155,0.0065,0,Melrose:1
jw-letter-1771-15-to-elizabeth-briggs,john-wesley,15 To Elizabeth Briggs,letter,1,156,0.0064,0,distinctions:1
jw-letter-1771-85-to-mrs-bennis,john-wesley,85 To Mrs Bennis,letter,1,156,0.0064,0,hates:1
jw-letter-1774-47-to-ann-bolton,john-wesley,47 To Ann Bolton,letter,1,156,0.0064,0,hazards:1
jw-letter-1775-15-to-ann-bolton,john-wesley,15 To Ann Bolton,letter,1,313,0.0064,0,disembodied:1; tenements:1
jw-letter-1781b-20-to-elijah-bush,john-wesley,B 20 To Elijah Bush,letter,1,156,0.0064,0,hopes:1
jw-letter-1783a-26-to-mrs-barton,john-wesley,A 26 To Mrs Barton,letter,1,157,0.0064,0,requests:1
jw-letter-1788a-50-to-henry-moore,john-wesley,A 50 To Henry Moore,letter,1,157,0.0064,0,returns:1
jw-letter-1780a-28-to-samuel-bradburn,john-wesley,A 28 To Samuel Bradburn,letter,1,159,0.0063,0,opponents:1
jw-letter-1788a-51-to-mrs-cock-jane-bisson,john-wesley,A 51 To Mrs Cock Jane Bisson,letter,1,160,0.0063,0,cares:1
jw-letter-1739-05-to-george-whitefield,john-wesley,05 To George Whitefield,letter,1,323,0.0062,0,brothers:1; disapproved:1
jw-letter-1745-10-to-the-mayor-of-newcastle-upon-tyne,john-wesley,10 To The Mayor Of Newcastle Upon Tyne,letter,1,325,0.0062,0,ruleth:1; overflowings:1
jw-letter-1787-37-to-francis-asbury,john-wesley,37 To Francis Asbury,letter,1,324,0.0062,0,tents:1; laborers:1
jw-letter-1763-14-to-mr,john-wesley,14 To Mr,letter,1,163,0.0061,0,insisting:1
jw-letter-1783a-16-to-mrs-bradburn,john-wesley,A 16 To Mrs Bradburn,letter,1,164,0.0061,0,dissuading:1
jw-letter-1790b-08-to-john-king,john-wesley,B 08 To John King,letter,1,165,0.0061,0,consented:1
jw-letter-1790b-48-to-ann-bolton,john-wesley,B 48 To Ann Bolton,letter,1,164,0.0061,0,circumstances:1
jw-letter-1748-18-to-william-holland,john-wesley,18 To William Holland,letter,1,168,0.006,0,reconciled:1
jw-letter-1783a-37-to-john-valton,john-wesley,A 37 To John Valton,letter,1,169,0.0059,0,acknowledges:1
jw-letter-1788b-60-to-mrs-crosby,john-wesley,B 60 To Mrs Crosby,letter,1,169,0.0059,0,Corkle:1
jw-letter-1769-02-to-christopher-hopper,john-wesley,02 To Christopher Hopper,letter,1,172,0.0058,0,contributes:1
jw-letter-1771-21-to-mary-stokes,john-wesley,21 To Mary Stokes,letter,1,343,0.0058,0,disclaims:1; prepares:1
jw-letter-1773-13-to-mrs-bennis,john-wesley,13 To Mrs Bennis,letter,1,172,0.0058,0,LOND:1
jw-letter-1777-40-to-elizabeth-ritchie,john-wesley,40 To Elizabeth Ritchie,letter,1,171,0.0058,0,entreated:1
jw-letter-1786b-40-to-ann-bolton,john-wesley,B 40 To Ann Bolton,letter,1,173,0.0058,0,circumstances:1
jw-letter-1759-02-to-miss-london-february-21-1759,john-wesley,02 To Miss London February 21 1759,letter,1,353,0.0057,0,motives:1; talents:1
jw-letter-1768-09-to-peggy-dale,john-wesley,09 To Peggy Dale,letter,1,175,0.0057,0,cases:1
jw-letter-1769-28-to-ann-bolton,john-wesley,28 To Ann Bolton,letter,1,174,0.0057,0,avails:1
jw-letter-1770-43-to-ann-bolton,john-wesley,43 To Ann Bolton,letter,1,175,0.0057,0,duties:1
jw-letter-1784b-02-to-james-barry,john-wesley,B 02 To James Barry,letter,1,352,0.0057,0,entrusted:1; occurs:1
jw-letter-1788b-64-to-walter-churchey,john-wesley,B 64 To Walter Churchey,letter,1,174,0.0057,0,volumes:1
jw-letter-1790a-02-to-thomas-tattershall,john-wesley,A 02 To Thomas Tattershall,letter,1,176,0.0057,0,pounds:1
jw-letter-1774-64-to-mr--------,john-wesley,64 To Mr        ,letter,1,178,0.0056,0,hears:1
jw-letter-1789a-33-to-mrs-bowman,john-wesley,A 33 To Mrs Bowman,letter,1,179,0.0056,0,neighbors:1
jw-letter-1769-13-to-lady-maxwell,john-wesley,13 To Lady Maxwell,letter,1,365,0.0055,0,inquired:1; weakened:1
jw-letter-1772-10-to-rebecca-yeoman,john-wesley,10 To Rebecca Yeoman,letter,1,181,0.0055,0,arrived:1
jw-letter-1782b-08-to-mrs-nuttal,john-wesley,B 08 To Mrs Nuttal,letter,1,181,0.0055,0,staying:1
jw-letter-1780b-10-to-ann-bolton,john-wesley,B 10 To Ann Bolton,letter,1,185,0.0054,0,profited:1
jw-letter-1784a-39-to-ann-bolton,john-wesley,A 39 To Ann Bolton,letter,1,184,0.0054,0,enjoins:1
jw-letter-1789b-12-to-sarah-mallet,john-wesley,B 12 To Sarah Mallet,letter,1,184,0.0054,0,manifestations:1
jw-letter-1748-29-to-mrs-jones-of-fonmon-castle,john-wesley,29 To Mrs Jones Of Fonmon Castle,letter,1,190,0.0053,0,prolonged:1
jw-letter-1757-07-to-mrs-crosby,john-wesley,07 To Mrs Crosby,letter,1,187,0.0053,0,respects:1
jw-letter-1773-74-to-christopher-hopper-london-november-12-1773,john-wesley,74 To Christopher Hopper London November 12 1773,letter,1,189,0.0053,0,sails:1
jw-letter-1782a-42-to-ann-loxdale,john-wesley,A 42 To Ann Loxdale,letter,1,189,0.0053,0,circumstances:1
jw-letter-1789a-45-to-arthur-keene,john-wesley,A 45 To Arthur Keene,letter,1,188,0.0053,0,disputing:1
jw-letter-1791-02-to-john-fry,john-wesley,02 To John Fry,letter,1,188,0.0053,0,styled:1
jw-letter-1761-14-to-thomas-olivers,john-wesley,14 To Thomas Olivers,letter,1,191,0.0052,0,volumes:1
jw-letter-1789a-75-to-robert-dall,john-wesley,A 75 To Robert Dall,letter,1,193,0.0052,0,referred:1
jw-letter-1764-06-to-mrs-ryan,john-wesley,06 To Mrs Ryan,letter,1,198,0.0051,0,dispensations:1
jw-letter-1769-08-to-mrs-woodhouse,john-wesley,08 To Mrs Woodhouse,letter,1,197,0.0051,0,distinctions:1
jw-letter-1769-16-to-mrs-barton-jane-hilton,john-wesley,16 To Mrs Barton Jane Hilton,letter,1,198,0.0051,0,whiling:1
jw-letter-1772-49-to-mrs-savage,john-wesley,49 To Mrs Savage,letter,1,197,0.0051,0,ceasing:1
jw-letter-1762-14-to-jenny-lee,john-wesley,14 To Jenny Lee,letter,1,200,0.005,0,purified:1
jw-letter-1768-29-to-jane-hilton,john-wesley,29 To Jane Hilton,letter,1,201,0.005,0,cleansed:1
jw-letter-1774-15-to-john-fletcher,john-wesley,15 To John Fletcher,letter,1,200,0.005,0,recalled:1
jw-letter-1785a-19-to-barnabas-thomas,john-wesley,A 19 To Barnabas Thomas,letter,1,201,0.005,0,refused:1
jw-letter-1787-24-to-sarah-mallet,john-wesley,24 To Sarah Mallet,letter,1,202,0.005,0,risings:1
jw-letter-1789b-42-to-elizabeth-baker,john-wesley,B 42 To Elizabeth Baker,letter,1,199,0.005,0,unites:1
jw-letter-1745-09-to-count-zinzendorf-and-the-moravian-brethren,john-wesley,09 To Count Zinzendorf And The Moravian Brethren,letter,1,203,0.0049,0,STYLED:1
jw-letter-1768-35-to-the-stewards-of-the-foundery,john-wesley,35 To The Stewards Of The Foundery,letter,1,205,0.0049,0,pounds:1
jw-letter-1781a-34-to-his-niece-sarah-wesley,john-wesley,A 34 To His Niece Sarah Wesley,letter,1,205,0.0049,0,disengages:1
jw-letter-1788a-43-to-mrs-charles-wesley,john-wesley,A 43 To Mrs Charles Wesley,letter,1,204,0.0049,0,wanted:1
jw-letter-1789b-08-to-frances-godfrey,john-wesley,B 08 To Frances Godfrey,letter,1,203,0.0049,0,travelers:1
jw-letter-1757-01-to-matthew-errington,john-wesley,01 To Matthew Errington,letter,1,207,0.0048,0,became:1
jw-letter-1763-27-to-dorothy-furly,john-wesley,27 To Dorothy Furly,letter,1,209,0.0048,0,seemed:1
jw-letter-1776-61-to-elizabeth-ritchie,john-wesley,61 To Elizabeth Ritchie,letter,1,208,0.0048,0,ceasing:1
jw-letter-1783a-11-to-thomas-rutherford,john-wesley,A 11 To Thomas Rutherford,letter,1,210,0.0048,0,concessions:1
jw-letter-1771-08-to-mary-bishop,john-wesley,08 To Mary Bishop,letter,1,212,0.0047,0,abused:1
jw-letter-1773-11-to-mrs-savage,john-wesley,11 To Mrs Savage,letter,1,216,0.0046,0,ceasing:1
jw-letter-1777-41-to-alexander-knox,john-wesley,41 To Alexander Knox,letter,1,217,0.0046,0,PENRHYN:1
jw-letter-1783a-09-to-john-cricket,john-wesley,A 09 To John Cricket,letter,1,219,0.0046,0,inclined:1
jw-letter-1781b-14-to-ann-loxdale,john-wesley,B 14 To Ann Loxdale,letter,1,220,0.0045,0,attained:1
jw-letter-1780a-24-to-hannah-ball,john-wesley,A 24 To Hannah Ball,letter,1,225,0.0044,0,says:1
jw-letter-1781b-29-to-mrs-barton,john-wesley,B 29 To Mrs Barton,letter,1,227,0.0044,0,maidens:1
jw-letter-1751-18-to-john-dowries,john-wesley,18 To John Dowries,letter,1,232,0.0043,0,ff:1
jw-letter-1761-26-to-grace-walton,john-wesley,26 To Grace Walton,letter,1,230,0.0043,0,invested:1
jw-letter-1789b-45-to-mrs-cock,john-wesley,B 45 To Mrs Cock,letter,1,234,0.0043,0,ceasing:1
jw-letter-1790b-12-to-mrs-armstrong,john-wesley,B 12 To Mrs Armstrong,letter,1,235,0.0043,0,increased:1
jw-letter-1788a-71-to-john-mann,john-wesley,A 71 To John Mann,letter,1,239,0.0042,0,opposers:1
jw-letter-1770-22-to-mrs-bennis,john-wesley,22 To Mrs Bennis,letter,1,242,0.0041,0,renewed:1
jw-letter-1785b-23-to-mary-cooke,john-wesley,B 23 To Mary Cooke,letter,2,497,0.004,0,intercepted:1; sanctifieth:1
jw-letter-1778-09-to-mrs-johnston-annandale-lisleen,john-wesley,09 To Mrs Johnston Annandale Lisleen,letter,1,284,0.0035,0,Shakespear's:1
jw-letter-1781a-08-to-ann-bolton,john-wesley,A 08 To Ann Bolton,letter,1,282,0.0035,0,se'nnight:1
jw-letter-1790b-24-to-his-niece-sarah-wesley,john-wesley,B 24 To His Niece Sarah Wesley,letter,1,297,0.0034,0,Whitcomb:1
jw-letter-1776-40-to-elizabeth-ritchie,john-wesley,40 To Elizabeth Ritchie,letter,1,305,0.0033,0,informs:1
cw-forth-in-thy-name,charles-wesley,"Forth in Thy Name, O Lord, I Go",hymn,5,210,0.0,0,
cw-jesus-lover-of-my-soul,charles-wesley,"Jesus, Lover of My Soul",hymn,4,274,0.0,0,
cw-102-the-communion-of-saints-part-iv,charles-wesley,102 The Communion Of Saints Part Iv,hymn,1,50,0.0,0,
jw-letter-1737-07-to-william-wogan-esq,john-wesley,07 To William Wogan Esq,letter,1,8,0.0,0,
jw-letter-1737-14-to-thomas-causton-chief-magistrate-of-savannah,john-wesley,14 To Thomas Causton Chief Magistrate Of Savannah,letter,1,144,0.0,0,
jw-letter-1738-08-to-his-brother-charles,john-wesley,08 To His Brother Charles,letter,1,196,0.0,0,
jw-letter-1738-14-to-the-rev-mr-charles-wesley,john-wesley,14 To The Rev Mr Charles Wesley,letter,1,15,0.0,0,
jw-letter-1738-26-to-richard-viney,john-wesley,26 To Richard Viney,letter,1,90,0.0,0,
jw-letter-1739-09-to-john-edmonds,john-wesley,09 To John Edmonds,letter,1,116,0.0,0,
jw-letter-1739-29-to-mr-blackwell-at-mr-martins,john-wesley,29 To Mr Blackwell At Mr Martins,letter,1,11,0.0,0,
jw-letter-1741-02-to-joseph-humphreys,john-wesley,02 To Joseph Humphreys,letter,1,139,0.0,0,
jw-letter-1744-02-to-john-haime,john-wesley,02 To John Haime,letter,1,230,0.0,0,
jw-letter-1744-05-to-john-bennet,john-wesley,05 To John Bennet,letter,1,164,0.0,0,
jw-letter-1745-14-to-the-moravian-synod,john-wesley,14 To The Moravian Synod,letter,1,165,0.0,0,
jw-letter-1747-04-to-ebenezer-blackwell,john-wesley,04 To Ebenezer Blackwell,letter,1,164,0.0,0,
jw-letter-1748-06-to-john-cennick,john-wesley,06 To John Cennick,letter,1,75,0.0,0,
jw-letter-1748-07-to-john-cennick,john-wesley,07 To John Cennick,letter,1,115,0.0,0,
jw-letter-1748-09-to-william-holland,john-wesley,09 To William Holland,letter,1,125,0.0,0,
jw-letter-1750-12-to-thomas-walsh,john-wesley,12 To Thomas Walsh,letter,1,49,0.0,0,
jw-letter-1751-03-to-eliz-room-a-poor-widow-for-rent-0-5-0-toward-cl,john-wesley,03 To Eliz Room A Poor Widow For Rent 0 5 0 Toward Cl,letter,1,18,0.0,0,
jw-letter-1753-01-to-jonathan-pritchard,john-wesley,01 To Jonathan Pritchard,letter,1,176,0.0,0,
jw-letter-1753-15-to-mr---,john-wesley,15 To Mr   ,letter,1,96,0.0,0,
jw-letter-1754-06-to-samuel-furly,john-wesley,06 To Samuel Furly,letter,1,186,0.0,0,
jw-letter-1755-20-to-samuel-furly,john-wesley,20 To Samuel Furly,letter,1,91,0.0,0,
jw-letter-1756b-21-to-captain-richard-williams,john-wesley,B 21 To Captain Richard Williams,letter,1,77,0.0,0,
jw-letter-1760-13-to-lord-rawdon-sligo-may-18-1760,john-wesley,13 To Lord Rawdon Sligo May 18 1760,letter,1,135,0.0,0,
jw-letter-1760-24-to-miss-march-london-november-11-1760,john-wesley,24 To Miss March London November 11 1760,letter,1,193,0.0,0,
jw-letter-1761-04-to-mrs-crosby,john-wesley,04 To Mrs Crosby,letter,1,227,0.0,0,
jw-letter-1761-07-to-sarah-moore,john-wesley,07 To Sarah Moore,letter,1,84,0.0,0,
jw-letter-1761-28-to-mrs-ryan,john-wesley,28 To Mrs Ryan,letter,1,170,0.0,0,
jw-letter-1763-21-to-dorothy-furly,john-wesley,21 To Dorothy Furly,letter,1,88,0.0,0,
jw-letter-1764-11-to-mrs-ryan,john-wesley,11 To Mrs Ryan,letter,1,56,0.0,0,
jw-letter-1764-13-to-george-merryweather-newcastle-upon-tyne-may-7-1,john-wesley,13 To George Merryweather Newcastle Upon Tyne May 7 1,letter,1,110,0.0,0,
jw-letter-1764-32-to-christopher-hopper-bristol-september-29-1764,john-wesley,32 To Christopher Hopper Bristol September 29 1764,letter,1,169,0.0,0,
jw-letter-1764-36-to-the-printer-of-the-st-jamess-chronicle-london-o,john-wesley,36 To The Printer Of The St Jamess Chronicle London O,letter,1,151,0.0,0,
jw-letter-1765-04-to-thomas-rankin-london-february-9-1765,john-wesley,04 To Thomas Rankin London February 9 1765,letter,1,80,0.0,0,
jw-letter-1765-32-to-peggy-dale-london-december-31-1765,john-wesley,32 To Peggy Dale London December 31 1765,letter,1,167,0.0,0,
jw-letter-1767-33-to-robert-costerdine,john-wesley,33 To Robert Costerdine,letter,1,131,0.0,0,
jw-letter-1767-34-to-robert-costerdine,john-wesley,34 To Robert Costerdine,letter,1,94,0.0,0,
jw-letter-1768-04-to-james-oddie,john-wesley,04 To James Oddie,letter,1,107,0.0,0,
jw-letter-1768-19-to-peggy-dale,john-wesley,19 To Peggy Dale,letter,1,183,0.0,0,
jw-letter-1768-34-to-john-mason,john-wesley,34 To John Mason,letter,1,132,0.0,0,
jw-letter-1768-36-to-jane-hilton,john-wesley,36 To Jane Hilton,letter,1,221,0.0,0,
jw-letter-1768-51-to-jane-hilton,john-wesley,51 To Jane Hilton,letter,1,188,0.0,0,
jw-letter-1768-53-to-christopher-hopper,john-wesley,53 To Christopher Hopper,letter,1,96,0.0,0,
jw-letter-1768-59-to-jane-hilton,john-wesley,59 To Jane Hilton,letter,1,177,0.0,0,
jw-letter-1768-60-to-hannah-ball,john-wesley,60 To Hannah Ball,letter,1,69,0.0,0,
jw-letter-1769-34-to-mary-yeoman-of-mousehole-cornwall,john-wesley,34 To Mary Yeoman Of Mousehole Cornwall,letter,1,89,0.0,0,
jw-letter-1769-38-to-mrs-bennis,john-wesley,38 To Mrs Bennis,letter,1,159,0.0,0,
jw-letter-1769-41-to-mrs-jane-barton-in-norwood-beverley-yorkshire,john-wesley,41 To Mrs Jane Barton In Norwood Beverley Yorkshire,letter,1,11,0.0,0,
jw-letter-1769-42-to-ann-bolton,john-wesley,42 To Ann Bolton,letter,1,88,0.0,0,
jw-letter-1769-51-to-john-valton,john-wesley,51 To John Valton,letter,1,82,0.0,0,
jw-letter-1770-19-to-mrs-barton,john-wesley,19 To Mrs Barton,letter,1,164,0.0,0,
jw-letter-1770-21-to-thomas-robinson,john-wesley,21 To Thomas Robinson,letter,1,65,0.0,0,
jw-letter-1770-35-to-joseph-thompson,john-wesley,35 To Joseph Thompson,letter,1,63,0.0,0,
jw-letter-1770-40-to-mrs-crosby,john-wesley,40 To Mrs Crosby,letter,1,67,0.0,0,
jw-letter-1770-45-to-samuel-bardsley,john-wesley,45 To Samuel Bardsley,letter,1,70,0.0,0,
jw-letter-1770-50-to-ann-bolton,john-wesley,50 To Ann Bolton,letter,1,169,0.0,0,
jw-letter-1771-25-to-mrs-pywell,john-wesley,25 To Mrs Pywell,letter,1,182,0.0,0,
jw-letter-1771-26-to-mr-,john-wesley,26 To Mr ,letter,1,76,0.0,0,
jw-letter-1771-35-to-thomas-mason,john-wesley,35 To Thomas Mason,letter,1,157,0.0,0,
jw-letter-1771-57-to-hannah-ball,john-wesley,57 To Hannah Ball,letter,1,171,0.0,0,
jw-letter-1771-61-to-mrs-savage,john-wesley,61 To Mrs Savage,letter,1,190,0.0,0,
jw-letter-1771-65-to-miss-phil-briggs-at-miss-marchs,john-wesley,65 To Miss Phil Briggs At Miss Marchs,letter,1,12,0.0,0,
jw-letter-1771-77-to-isaac-twycross,john-wesley,77 To Isaac Twycross,letter,1,51,0.0,0,
jw-letter-1771-81-to-matthew-lowes,john-wesley,81 To Matthew Lowes,letter,1,83,0.0,0,
jw-letter-1772-03-to-robert-costerdine,john-wesley,03 To Robert Costerdine,letter,1,122,0.0,0,
jw-letter-1772-05-to-john-mason,john-wesley,05 To John Mason,letter,1,162,0.0,0,
jw-letter-1772-20-to-mary-bishop,john-wesley,20 To Mary Bishop,letter,1,136,0.0,0,
jw-letter-1772-29-to-samuel-bardsley,john-wesley,29 To Samuel Bardsley,letter,1,88,0.0,0,
jw-letter-1772-41-to-thomas-wride,john-wesley,41 To Thomas Wride,letter,1,78,0.0,0,
jw-letter-1772-46-to-john-bredin,john-wesley,46 To John Bredin,letter,1,63,0.0,0,
jw-letter-1772-53-to-john-mason,john-wesley,53 To John Mason,letter,1,59,0.0,0,
jw-letter-1772-63-to-ann-bolton,john-wesley,63 To Ann Bolton,letter,1,126,0.0,0,
jw-letter-1772-72-to-philothea-briggs,john-wesley,72 To Philothea Briggs,letter,1,66,0.0,0,
jw-letter-1772-75-to-miss-bolton-in-witney-oxfordshire,john-wesley,75 To Miss Bolton In Witney Oxfordshire,letter,1,107,0.0,0,
jw-letter-1773-03-to-john-murray,john-wesley,03 To John Murray,letter,1,72,0.0,0,
jw-letter-1773-18-to-joseph-benson,john-wesley,18 To Joseph Benson,letter,1,99,0.0,0,
jw-letter-1773-20-to-mrs-emma-moon-at-mr-george,john-wesley,20 To Mrs Emma Moon At Mr George,letter,1,11,0.0,0,
jw-letter-1773-21-to-isaac-twycross,john-wesley,21 To Isaac Twycross,letter,1,77,0.0,0,
jw-letter-1773-26-to-mrs-bennis,john-wesley,26 To Mrs Bennis,letter,1,95,0.0,0,
jw-letter-1773-38-to-ann-bolton,john-wesley,38 To Ann Bolton,letter,1,65,0.0,0,
jw-letter-1773-43-to-mrs-woodhouse-at-mr-huttons,john-wesley,43 To Mrs Woodhouse At Mr Huttons,letter,1,11,0.0,0,
jw-letter-1773-45-to-christopher-hopper,john-wesley,45 To Christopher Hopper,letter,1,145,0.0,0,
jw-letter-1773-49-to-hannah-ball,john-wesley,49 To Hannah Ball,letter,1,202,0.0,0,
jw-letter-1773-55-to-john-bredin,john-wesley,55 To John Bredin,letter,1,56,0.0,0,
jw-letter-1773-66-to-mary-bosanquet,john-wesley,66 To Mary Bosanquet,letter,1,209,0.0,0,
jw-letter-1773-69-to-mrs-woodhouse-at-mr-huttons,john-wesley,69 To Mrs Woodhouse At Mr Huttons,letter,1,11,0.0,0,
jw-letter-1773-71-to-martha-chapman,john-wesley,71 To Martha Chapman,letter,1,134,0.0,0,
jw-letter-1773-75-to-thomas-wride,john-wesley,75 To Thomas Wride,letter,1,71,0.0,0,
jw-letter-1774-32-to-mr-walter-churchey,john-wesley,32 To Mr Walter Churchey,letter,1,8,0.0,0,
jw-letter-1774-46-to-francis-wolfe,john-wesley,46 To Francis Wolfe,letter,1,79,0.0,0,
jw-letter-1774-52-to-mr-hopper-at-the-orphan-house,john-wesley,52 To Mr Hopper At The Orphan House,letter,1,10,0.0,0,
jw-letter-1774-59-to-mrs-woodhouse-at-mr-huttons,john-wesley,59 To Mrs Woodhouse At Mr Huttons,letter,1,11,0.0,0,
jw-letter-1775-01-to-martha-chapman,john-wesley,01 To Martha Chapman,letter,1,141,0.0,0,
jw-letter-1775-02-to-miss-patty-chapman-at-watlington,john-wesley,02 To Miss Patty Chapman At Watlington,letter,1,9,0.0,0,
jw-letter-1775-05-to-samuel-bardsley,john-wesley,05 To Samuel Bardsley,letter,1,86,0.0,0,
jw-letter-1775-06-to-mr-sam-bardsley-at-mr-james,john-wesley,06 To Mr Sam Bardsley At Mr James,letter,1,10,0.0,0,
jw-letter-1775-18-to-elizabeth-ritchie,john-wesley,18 To Elizabeth Ritchie,letter,1,142,0.0,0,
jw-letter-1775-19-to-martha-chapman,john-wesley,19 To Martha Chapman,letter,1,81,0.0,0,
jw-letter-1775-20-to-miss-chapman-at-watlington,john-wesley,20 To Miss Chapman At Watlington,letter,1,8,0.0,0,
jw-letter-1775-23-to-richard-morgan-esq,john-wesley,23 To Richard Morgan Esq,letter,1,8,0.0,0,
jw-letter-1775-29-to-william-alwood,john-wesley,29 To William Alwood,letter,1,63,0.0,0,
jw-letter-1775-35-to-miss-bolton-at-witney,john-wesley,35 To Miss Bolton At Witney,letter,1,8,0.0,0,
jw-letter-1775-42-to-mrs-woodhouse-at-mr-huttons,john-wesley,42 To Mrs Woodhouse At Mr Huttons,letter,1,11,0.0,0,
jw-letter-1775-46-to-thomas-vasey,john-wesley,46 To Thomas Vasey,letter,1,108,0.0,0,
jw-letter-1775-61-to-jasper-winscom,john-wesley,61 To Jasper Winscom,letter,1,90,0.0,0,
jw-letter-1775-77-to-mrs-crosby-at-miss-bosanquets,john-wesley,77 To Mrs Crosby At Miss Bosanquets,letter,1,10,0.0,0,
jw-letter-1776-01-to-richard-boardman,john-wesley,01 To Richard Boardman,letter,1,93,0.0,0,
jw-letter-1776-02-to-george-gidley,john-wesley,02 To George Gidley,letter,1,84,0.0,0,
jw-letter-1776-03-to-mr-gidley-officer-of-excise-in-port-isaac,john-wesley,03 To Mr Gidley Officer Of Excise In Port Isaac,letter,1,12,0.0,0,
jw-letter-1776-11-to-john-mason,john-wesley,11 To John Mason,letter,1,106,0.0,0,
jw-letter-1776-19-to-christ-alone-resolved-to-live,john-wesley,19 To Christ Alone Resolved To Live,letter,1,12,0.0,0,
jw-letter-1776-20-to-robert-costerdine,john-wesley,20 To Robert Costerdine,letter,1,89,0.0,0,
jw-letter-1776-24-to-james-barry,john-wesley,24 To James Barry,letter,1,122,0.0,0,
jw-letter-1776-25-to-mr-james-barry-at-the-preaching-house,john-wesley,25 To Mr James Barry At The Preaching House,letter,1,13,0.0,0,
jw-letter-1776-30-to-mr-hopper-at-the-preaching-house,john-wesley,30 To Mr Hopper At The Preaching House,letter,1,11,0.0,0,
jw-letter-1776-37-to-isaac-andrews,john-wesley,37 To Isaac Andrews,letter,1,57,0.0,0,
jw-letter-1776-39-to-mr-james-barry-at-the-preaching-,john-wesley,39 To Mr James Barry At The Preaching ,letter,1,16,0.0,0,
jw-letter-1776-42-to-mrs-downes-dorothy-furly,john-wesley,42 To Mrs Downes Dorothy Furly,letter,1,167,0.0,0,
jw-letter-1776-57-to-samuel-bardsley,john-wesley,57 To Samuel Bardsley,letter,1,69,0.0,0,
jw-letter-1776-59-to-francis-wolfe,john-wesley,59 To Francis Wolfe,letter,1,92,0.0,0,
jw-letter-1776-66-to-hannah-ball,john-wesley,66 To Hannah Ball,letter,1,178,0.0,0,
jw-letter-1776-67-to-thomas-rutherford,john-wesley,67 To Thomas Rutherford,letter,1,102,0.0,0,
jw-letter-1776-72-to-robert-costerdine,john-wesley,72 To Robert Costerdine,letter,1,82,0.0,0,
jw-letter-1776-73-to-mr-robert-costerdine-at-the-rev-mr-wesleys,john-wesley,73 To Mr Robert Costerdine At The Rev Mr Wesleys,letter,1,13,0.0,0,
jw-letter-1777-02-to-francis-wolfe,john-wesley,02 To Francis Wolfe,letter,1,60,0.0,0,
jw-letter-1777-24-to-thomas-wride,john-wesley,24 To Thomas Wride,letter,1,71,0.0,0,
jw-letter-1777-30-to-mr-----,john-wesley,30 To Mr     ,letter,1,73,0.0,0,
jw-letter-1777-38-to-mr-geo-robinson-at-langham-row,john-wesley,38 To Mr Geo Robinson At Langham Row,letter,1,10,0.0,0,
jw-letter-1777-57-to-miss-bishop-at-mrs-taylors,john-wesley,57 To Miss Bishop At Mrs Taylors,letter,1,11,0.0,0,
jw-letter-1777-59-to-mrs-jane-barton-in-norwood,john-wesley,59 To Mrs Jane Barton In Norwood,letter,1,8,0.0,0,
jw-letter-1777-61-to-mr------,john-wesley,61 To Mr      ,letter,1,154,0.0,0,
jw-letter-1777-69-to-mr-powell,john-wesley,69 To Mr Powell,letter,1,38,0.0,0,
jw-letter-1778-03-to-duncan-mcallum,john-wesley,03 To Duncan Mcallum,letter,1,75,0.0,0,
jw-letter-1778-14-to-mr-valton-at-the-methodist,john-wesley,14 To Mr Valton At The Methodist,letter,1,10,0.0,0,
jw-letter-1778-17-to-alexander-knox,john-wesley,17 To Alexander Knox,letter,1,108,0.0,0,
jw-letter-1778-26-to-duncan-mcallum,john-wesley,26 To Duncan Mcallum,letter,1,59,0.0,0,
jw-letter-1778-35-to-samuel-tooth,john-wesley,35 To Samuel Tooth,letter,1,89,0.0,0,
jw-letter-1778-48-to-mrs-barton,john-wesley,48 To Mrs Barton,letter,1,152,0.0,0,
jw-letter-1778-50-to-mrs-woodhouse-at-mr-huttons,john-wesley,50 To Mrs Woodhouse At Mr Huttons,letter,1,11,0.0,0,
jw-letter-1778-55-to-captain-richard-williams,john-wesley,55 To Captain Richard Williams,letter,1,118,0.0,0,
jw-letter-1779-04-to-jasper-winscom,john-wesley,04 To Jasper Winscom,letter,1,96,0.0,0,
jw-letter-1779-09-to-elizabeth-padbury,john-wesley,09 To Elizabeth Padbury,letter,1,182,0.0,0,
jw-letter-1779-18-to-mr-robinson-at-langham-row,john-wesley,18 To Mr Robinson At Langham Row,letter,1,9,0.0,0,
jw-letter-1779-28-to-samuel-bradburn,john-wesley,28 To Samuel Bradburn,letter,1,72,0.0,0,
jw-letter-1779-31-to-mr-duncan-mcallum-at-mr,john-wesley,31 To Mr Duncan Mcallum At Mr,letter,1,10,0.0,0,
jw-letter-1779-32-to-john-bredin,john-wesley,32 To John Bredin,letter,1,69,0.0,0,
jw-letter-1779-33-to-mr-john-bredin-at-mr-charles,john-wesley,33 To Mr John Bredin At Mr Charles,letter,1,10,0.0,0,
jw-letter-1779-36-to-min-woodhouse-at-mr-huttons,john-wesley,36 To Min Woodhouse At Mr Huttons,letter,1,11,0.0,0,
jw-letter-1779-45-to-robert-cart-brackenbury,john-wesley,45 To Robert Cart Brackenbury,letter,1,188,0.0,0,
jw-letter-1779-46-to-william-church,john-wesley,46 To William Church,letter,1,96,0.0,0,
jw-letter-1779-47-to-mr-will-church-at-mr-colleys,john-wesley,47 To Mr Will Church At Mr Colleys,letter,1,10,0.0,0,
jw-letter-1779-50-to-zachariah-yewdall,john-wesley,50 To Zachariah Yewdall,letter,1,97,0.0,0,
jw-letter-1779-61-to-abraham-brames,john-wesley,61 To Abraham Brames,letter,1,110,0.0,0,
jw-letter-1779-63-to-robert-cart,john-wesley,63 To Robert Cart,letter,1,129,0.0,0,
jw-letter-1779-64-to-joseph-benson,john-wesley,64 To Joseph Benson,letter,1,66,0.0,0,
jw-letter-1780a-01-to-mr---,john-wesley,A 01 To Mr   ,letter,1,26,0.0,0,
jw-letter-1780a-03-to-thomas-carlill,john-wesley,A 03 To Thomas Carlill,letter,1,82,0.0,0,
jw-letter-1780a-05-to-william-church,john-wesley,A 05 To William Church,letter,1,84,0.0,0,
jw-letter-1780a-06-to-mr-will-church-at-mr-john,john-wesley,A 06 To Mr Will Church At Mr John,letter,1,10,0.0,0,
jw-letter-1780a-09-to-abraham-brames,john-wesley,A 09 To Abraham Brames,letter,1,63,0.0,0,
jw-letter-1780a-26-to-william-strahan,john-wesley,A 26 To William Strahan,letter,1,65,0.0,0,
jw-letter-1780a-31-to-william-church,john-wesley,A 31 To William Church,letter,1,74,0.0,0,
jw-letter-1780a-32-to-mr-will-church-at-mr-john-evans,john-wesley,A 32 To Mr Will Church At Mr John Evans,letter,1,11,0.0,0,
jw-letter-1780a-33-to-william-sagar,john-wesley,A 33 To William Sagar,letter,1,105,0.0,0,
jw-letter-1780b-15-to-thomas-wride,john-wesley,B 15 To Thomas Wride,letter,1,100,0.0,0,
jw-letter-1780b-17-to-william-thom,john-wesley,B 17 To William Thom,letter,1,66,0.0,0,
jw-letter-1780b-20-to-mrs-colbeck,john-wesley,B 20 To Mrs Colbeck,letter,1,6,0.0,0,
jw-letter-1780b-25-to-mrs-barton,john-wesley,B 25 To Mrs Barton,letter,1,97,0.0,0,
jw-letter-1781a-03-to-the-rev-mr-collins-at-the-rev,john-wesley,A 03 To The Rev Mr Collins At The Rev,letter,1,13,0.0,0,
jw-letter-1781a-04-to-edward-jackson,john-wesley,A 04 To Edward Jackson,letter,1,117,0.0,0,
jw-letter-1781a-09-to-thomas-rutherford,john-wesley,A 09 To Thomas Rutherford,letter,1,118,0.0,0,
jw-letter-1781a-10-to-ann-bolton,john-wesley,A 10 To Ann Bolton,letter,1,62,0.0,0,
jw-letter-1781a-20-to-mr-valton-at-the-preaching-house,john-wesley,A 20 To Mr Valton At The Preaching House,letter,1,17,0.0,0,
jw-letter-1781a-30-to-miss-bishop-at-her-boarding-school,john-wesley,A 30 To Miss Bishop At Her Boarding School,letter,1,11,0.0,0,
jw-letter-1781a-33-to-mrs-hall,john-wesley,A 33 To Mrs Hall,letter,1,47,0.0,0,
jw-letter-1781a-38-to-ambrose-foley,john-wesley,A 38 To Ambrose Foley,letter,1,112,0.0,0,
jw-letter-1781b-05-to-miss-bishop-at-the-boarding-school,john-wesley,B 05 To Miss Bishop At The Boarding School,letter,1,10,0.0,0,
jw-letter-1781b-19-to-miss-bolton-in-witney,john-wesley,B 19 To Miss Bolton In Witney,letter,1,8,0.0,0,
jw-letter-1781b-22-to-john-bredin,john-wesley,B 22 To John Bredin,letter,1,136,0.0,0,
jw-letter-1781b-24-to-mr-robert-lindsay-at-mr,john-wesley,B 24 To Mr Robert Lindsay At Mr,letter,1,10,0.0,0,
jw-letter-1781b-25-to-martha-chapman,john-wesley,B 25 To Martha Chapman,letter,1,102,0.0,0,
jw-letter-1781b-31-to-mr-bradbum-at-the-preaching-,john-wesley,B 31 To Mr Bradbum At The Preaching ,letter,1,15,0.0,0,
jw-letter-1781b-38-to-miss-gretton-at-mr-derrys,john-wesley,B 38 To Miss Gretton At Mr Derrys,letter,1,8,0.0,0,
jw-letter-1781b-43-to-mrs-downes,john-wesley,B 43 To Mrs Downes,letter,1,120,0.0,0,
jw-letter-1781b-45-to-the-rev-mr-davenport-at-allexton,john-wesley,B 45 To The Rev Mr Davenport At Allexton,letter,1,10,0.0,0,
jw-letter-1782a-03-to-miss-gretton-at-mr-derrys,john-wesley,A 03 To Miss Gretton At Mr Derrys,letter,1,9,0.0,0,
jw-letter-1782a-04-to-james-------,john-wesley,A 04 To James       ,letter,1,54,0.0,0,
jw-letter-1782a-10-to-the-rev-mr-davenport-at-allexton,john-wesley,A 10 To The Rev Mr Davenport At Allexton,letter,1,10,0.0,0,
jw-letter-1782a-13-to-samuel-bardsley,john-wesley,A 13 To Samuel Bardsley,letter,1,122,0.0,0,
jw-letter-1782a-22-to-mr-joseph-algar-at-mr-henry,john-wesley,A 22 To Mr Joseph Algar At Mr Henry,letter,1,12,0.0,0,
jw-letter-1782a-37-to-francis-wrigley,john-wesley,A 37 To Francis Wrigley,letter,1,90,0.0,0,
jw-letter-1782a-46-to-mrs-nuttal,john-wesley,A 46 To Mrs Nuttal,letter,1,149,0.0,0,
jw-letter-1782a-47-to-mrs-taylor,john-wesley,A 47 To Mrs Taylor,letter,1,109,0.0,0,
jw-letter-1782a-48-to-martha-chapman,john-wesley,A 48 To Martha Chapman,letter,1,113,0.0,0,
jw-letter-1782a-54-to-mrs-clark-at-mr-knapps,john-wesley,A 54 To Mrs Clark At Mr Knapps,letter,1,9,0.0,0,
jw-letter-1782b-21-to-richard-rodda,john-wesley,B 21 To Richard Rodda,letter,1,134,0.0,0,
jw-letter-1782b-28-to-mr-joseph-taylor-at-the-preaching-,john-wesley,B 28 To Mr Joseph Taylor At The Preaching ,letter,1,17,0.0,0,
jw-letter-1782b-33-to-mr-joseph-taylor-at-the-preaching-,john-wesley,B 33 To Mr Joseph Taylor At The Preaching ,letter,1,16,0.0,0,
jw-letter-1782b-38-to-zachariah-yewdall,john-wesley,B 38 To Zachariah Yewdall,letter,1,107,0.0,0,
jw-letter-1783a-12-to-ambrose-foley,john-wesley,A 12 To Ambrose Foley,letter,1,58,0.0,0,
jw-letter-1783a-19-to-mr-mason-at-the-preaching-house,john-wesley,A 19 To Mr Mason At The Preaching House,letter,1,12,0.0,0,
jw-letter-1783a-22-to-mr------,john-wesley,A 22 To Mr      ,letter,1,26,0.0,0,
jw-letter-1783a-25-to-henry-brooke,john-wesley,A 25 To Henry Brooke,letter,1,131,0.0,0,
jw-letter-1783a-35-to-joseph-benson,john-wesley,A 35 To Joseph Benson,letter,1,207,0.0,0,
jw-letter-1783a-36-to-joseph-taylor,john-wesley,A 36 To Joseph Taylor,letter,1,97,0.0,0,
jw-letter-1783b-13-to-william-robarts,john-wesley,B 13 To William Robarts,letter,1,50,0.0,0,
jw-letter-1783b-17-to-jane-bisson,john-wesley,B 17 To Jane Bisson,letter,1,122,0.0,0,
jw-letter-1783b-19-to-mrs-howton-at-mrs-prices,john-wesley,B 19 To Mrs Howton At Mrs Prices,letter,1,9,0.0,0,
jw-letter-1783b-29-to-mrs-nail,john-wesley,B 29 To Mrs Nail,letter,1,53,0.0,0,
jw-letter-1783b-30-to-mr-alexander,john-wesley,B 30 To Mr Alexander,letter,1,273,0.0,0,
jw-letter-1783b-37-to-ann-loxdale,john-wesley,B 37 To Ann Loxdale,letter,1,161,0.0,0,
jw-letter-1784a-04-to-robert-cart-brackenbury,john-wesley,A 04 To Robert Cart Brackenbury,letter,1,161,0.0,0,
jw-letter-1784a-08-to-thomas-carlill-at-the-preachers-house,john-wesley,A 08 To Thomas Carlill At The Preachers House,letter,1,11,0.0,0,
jw-letter-1784a-09-to-joseph-taylor,john-wesley,A 09 To Joseph Taylor,letter,1,94,0.0,0,
jw-letter-1784a-19-to-samuel-bardsley,john-wesley,A 19 To Samuel Bardsley,letter,1,67,0.0,0,
jw-letter-1784a-21-to-susanna-knapp,john-wesley,A 21 To Susanna Knapp,letter,1,90,0.0,0,
jw-letter-1784a-30-to-simon-day,john-wesley,A 30 To Simon Day,letter,1,14,0.0,0,
jw-letter-1784a-33-to-zachariah-yewdall,john-wesley,A 33 To Zachariah Yewdall,letter,1,54,0.0,0,
jw-letter-1784b-05-to-john-white,john-wesley,B 05 To John White,letter,1,13,0.0,0,
jw-letter-1784b-12-to-christopher-hopper,john-wesley,B 12 To Christopher Hopper,letter,1,114,0.0,0,
jw-letter-1784b-34-to-robert-blake,john-wesley,B 34 To Robert Blake,letter,1,76,0.0,0,
jw-letter-1784b-36-to-mr-brettell-at-the-orphan-house,john-wesley,B 36 To Mr Brettell At The Orphan House,letter,1,10,0.0,0,
jw-letter-1785a-12-to-john-broadbent,john-wesley,A 12 To John Broadbent,letter,1,145,0.0,0,
jw-letter-1785a-13-to-mr-broadbent-at-the-preaching-house,john-wesley,A 13 To Mr Broadbent At The Preaching House,letter,1,11,0.0,0,
jw-letter-1785a-14-to-john-baxendale,john-wesley,A 14 To John Baxendale,letter,1,126,0.0,0,
jw-letter-1785a-15-to-jonathan-coussins,john-wesley,A 15 To Jonathan Coussins,letter,1,91,0.0,0,
jw-letter-1785a-20-to-mrs-wren,john-wesley,A 20 To Mrs Wren,letter,1,85,0.0,0,
jw-letter-1785a-22-to-mrs-fletcher,john-wesley,A 22 To Mrs Fletcher,letter,1,172,0.0,0,
jw-letter-1785a-27-to-george-gibbon,john-wesley,A 27 To George Gibbon,letter,1,120,0.0,0,
jw-letter-1785a-38-to-zachariah-yewdull,john-wesley,A 38 To Zachariah Yewdull,letter,1,104,0.0,0,
jw-letter-1785b-08-to-john-ogilvie,john-wesley,B 08 To John Ogilvie,letter,1,89,0.0,0,
jw-letter-1785b-10-to-christopher-hopper,john-wesley,B 10 To Christopher Hopper,letter,1,83,0.0,0,
jw-letter-1785b-11-to-robert-costerdine,john-wesley,B 11 To Robert Costerdine,letter,1,79,0.0,0,
jw-letter-1785b-13-to-mr-valton-at-captain-robinsons,john-wesley,B 13 To Mr Valton At Captain Robinsons,letter,1,10,0.0,0,
jw-letter-1785b-17-to-jasper-winscom,john-wesley,B 17 To Jasper Winscom,letter,1,65,0.0,0,
jw-letter-1785b-19-to-mrs-fletcher-at-madeley,john-wesley,B 19 To Mrs Fletcher At Madeley,letter,1,8,0.0,0,
jw-letter-1785b-36-to-zachariah-yewdall,john-wesley,B 36 To Zachariah Yewdall,letter,1,97,0.0,0,
jw-letter-1785b-39-to-matthew-stuart,john-wesley,B 39 To Matthew Stuart,letter,1,54,0.0,0,
jw-letter-1785b-42-to-mrs-pawson,john-wesley,B 42 To Mrs Pawson,letter,1,85,0.0,0,
jw-letter-1785b-43-to-the-rev-mr-pawson-at-the,john-wesley,B 43 To The Rev Mr Pawson At The,letter,1,11,0.0,0,
jw-letter-1785b-45-to-mr-walter-churchey,john-wesley,B 45 To Mr Walter Churchey,letter,1,8,0.0,0,
jw-letter-1785b-47-to-mrs-winscom,john-wesley,B 47 To Mrs Winscom,letter,1,150,0.0,0,
jw-letter-1786a-04-to-mrs-fletcher-at-madeley,john-wesley,A 04 To Mrs Fletcher At Madeley,letter,1,8,0.0,0,
jw-letter-1786a-12-to-john-ogilvie,john-wesley,A 12 To John Ogilvie,letter,1,110,0.0,0,
jw-letter-1786a-15-to-mr-peter-walker-at-the-preaching-house,john-wesley,A 15 To Mr Peter Walker At The Preaching House,letter,1,12,0.0,0,
jw-letter-1786a-18-to-mrs-emma-moon-at-potto,john-wesley,A 18 To Mrs Emma Moon At Potto,letter,1,9,0.0,0,
jw-letter-1786a-24-to-mr-atmore-at-the-preaching-house,john-wesley,A 24 To Mr Atmore At The Preaching House,letter,1,10,0.0,0,
jw-letter-1786a-26-to-mr-bardsley-at-capt-robinsons,john-wesley,A 26 To Mr Bardsley At Capt Robinsons,letter,1,10,0.0,0,
jw-letter-1786a-27-to-mrs-bowman,john-wesley,A 27 To Mrs Bowman,letter,1,155,0.0,0,
jw-letter-1786a-33-to-mr-lancelot-harrison-at-mr,john-wesley,A 33 To Mr Lancelot Harrison At Mr,letter,1,11,0.0,0,
jw-letter-1786b-11-to-dr-coke,john-wesley,B 11 To Dr Coke,letter,1,46,0.0,0,
jw-letter-1786b-27-to-mr-simon-kilham-in-epworth,john-wesley,B 27 To Mr Simon Kilham In Epworth,letter,1,9,0.0,0,
jw-letter-1786b-30-to-jasper-winscom,john-wesley,B 30 To Jasper Winscom,letter,1,76,0.0,0,
jw-letter-1786b-31-to-thomas-warwick,john-wesley,B 31 To Thomas Warwick,letter,1,91,0.0,0,
jw-letter-1786b-34-to-francis-wrigley,john-wesley,B 34 To Francis Wrigley,letter,1,109,0.0,0,
jw-letter-1786b-37-to-mrs-fletcher,john-wesley,B 37 To Mrs Fletcher,letter,1,154,0.0,0,
jw-letter-1787-03-to-adam-clarke,john-wesley,03 To Adam Clarke,letter,1,73,0.0,0,
jw-letter-1787-11-to-mary-cooke,john-wesley,11 To Mary Cooke,letter,1,55,0.0,0,
jw-letter-1787-12-to-james-currie,john-wesley,12 To James Currie,letter,1,91,0.0,0,
jw-letter-1787-13-to-george-holder,john-wesley,13 To George Holder,letter,1,70,0.0,0,
jw-letter-1787-21-to-henry-moore,john-wesley,21 To Henry Moore,letter,1,185,0.0,0,
jw-letter-1787-47-to-thomas-roberts,john-wesley,47 To Thomas Roberts,letter,1,50,0.0,0,
jw-letter-1787-49-to-joseph-benson,john-wesley,49 To Joseph Benson,letter,1,61,0.0,0,
jw-letter-1788a-06-to-thomas-roberts,john-wesley,A 06 To Thomas Roberts,letter,1,95,0.0,0,
jw-letter-1788a-11-to-mr-w-holmes-at-miss-williams,john-wesley,A 11 To Mr W Holmes At Miss Williams,letter,1,10,0.0,0,
jw-letter-1788a-54-to-jasper-winscorn,john-wesley,A 54 To Jasper Winscorn,letter,1,113,0.0,0,
jw-letter-1788a-62-to-mrs-freeman,john-wesley,A 62 To Mrs Freeman,letter,1,84,0.0,0,
jw-letter-1788a-66-to-henry-brooke,john-wesley,A 66 To Henry Brooke,letter,1,47,0.0,0,
jw-letter-1788a-68-to-the-rev-mr-dickinson-in-the-city-road,john-wesley,A 68 To The Rev Mr Dickinson In The City Road,letter,1,12,0.0,0,
jw-letter-1788a-75-to-mr-bradburn-at-the-new-chapel,john-wesley,A 75 To Mr Bradburn At The New Chapel,letter,1,10,0.0,0,
jw-letter-1788a-76-to-henry-moore,john-wesley,A 76 To Henry Moore,letter,1,85,0.0,0,
jw-letter-1788b-02-to-francis-wrigley,john-wesley,B 02 To Francis Wrigley,letter,1,121,0.0,0,
jw-letter-1788b-03-to-mr-wrigley-at-the-preaching-house,john-wesley,B 03 To Mr Wrigley At The Preaching House,letter,1,10,0.0,0,
jw-letter-1788b-05-to-the-rev-mr-whatcoat-at-philip-rogers-esq,john-wesley,B 05 To The Rev Mr Whatcoat At Philip Rogers Esq,letter,1,16,0.0,0,
jw-letter-1788b-21-to-john-atlay,john-wesley,B 21 To John Atlay,letter,1,102,0.0,0,
jw-letter-1788b-23-to-john-atlay,john-wesley,B 23 To John Atlay,letter,1,78,0.0,0,
jw-letter-1788b-24-to-his-niece-sarah-wesley,john-wesley,B 24 To His Niece Sarah Wesley,letter,1,148,0.0,0,
jw-letter-1788b-40-to-james-bogie,john-wesley,B 40 To James Bogie,letter,1,90,0.0,0,
jw-letter-1788b-41-to-mrs-cock,john-wesley,B 41 To Mrs Cock,letter,1,127,0.0,0,
jw-letter-1788b-44-to-the-rev-mr-heath-at-cokesbury-college,john-wesley,B 44 To The Rev Mr Heath At Cokesbury College,letter,1,18,0.0,0,
jw-letter-1788b-46-to-william-stephens,john-wesley,B 46 To William Stephens,letter,1,84,0.0,0,
jw-letter-1788b-47-to-john-valton,john-wesley,B 47 To John Valton,letter,1,96,0.0,0,
jw-letter-1788b-48-to-peter-mill,john-wesley,B 48 To Peter Mill,letter,1,44,0.0,0,
jw-letter-1788b-54-to-robert-carr-brackenbury,john-wesley,B 54 To Robert Carr Brackenbury,letter,1,129,0.0,0,
jw-letter-1788b-56-to-mr-c-bland-at-the-preaching-,john-wesley,B 56 To Mr C Bland At The Preaching ,letter,1,16,0.0,0,
jw-letter-1788b-58-to-mr-jasper-winscorn-at-the,john-wesley,B 58 To Mr Jasper Winscorn At The,letter,1,10,0.0,0,
jw-letter-1788b-66-to-mr-mill-at-the-orphan-house,john-wesley,B 66 To Mr Mill At The Orphan House,letter,1,10,0.0,0,
jw-letter-1789a-04-to-james-currie,john-wesley,A 04 To James Currie,letter,1,94,0.0,0,
jw-letter-1789a-12-to-mrs-pat-whereat-at-the-new-room,john-wesley,A 12 To Mrs Pat Whereat At The New Room,letter,1,14,0.0,0,
jw-letter-1789a-14-to-mrs-tighe,john-wesley,A 14 To Mrs Tighe,letter,1,115,0.0,0,
jw-letter-1789a-24-to-mr-tegart,john-wesley,A 24 To Mr Tegart,letter,1,92,0.0,0,
jw-letter-1789a-27-to-susanna-knapp,john-wesley,A 27 To Susanna Knapp,letter,1,62,0.0,0,
jw-letter-1789a-29-to-mr-john-taylor,john-wesley,A 29 To Mr John Taylor,letter,1,8,0.0,0,
jw-letter-1789a-30-to-rachel-jones,john-wesley,A 30 To Rachel Jones,letter,1,139,0.0,0,
jw-letter-1789a-42-to-henry-moore,john-wesley,A 42 To Henry Moore,letter,1,119,0.0,0,
jw-letter-1789a-54-to-mrs-jane-freeman-at,john-wesley,A 54 To Mrs Jane Freeman At,letter,1,10,0.0,0,
jw-letter-1789a-63-to-anne-moore,john-wesley,A 63 To Anne Moore,letter,1,45,0.0,0,
jw-letter-1789a-67-to-mr-yewdall-in-south-wynd,john-wesley,A 67 To Mr Yewdall In South Wynd,letter,1,10,0.0,0,
jw-letter-1789a-72-to-anna-and-maria-heath,john-wesley,A 72 To Anna And Maria Heath,letter,1,46,0.0,0,
jw-letter-1789a-80-to-arthur-keene,john-wesley,A 80 To Arthur Keene,letter,1,109,0.0,0,
jw-letter-1789a-87-to-richard-bunt,john-wesley,A 87 To Richard Bunt,letter,1,117,0.0,0,
jw-letter-1789b-03-to-sarah-rutter,john-wesley,B 03 To Sarah Rutter,letter,1,117,0.0,0,
jw-letter-1789b-05-to-james-bogie,john-wesley,B 05 To James Bogie,letter,1,98,0.0,0,
jw-letter-1789b-06-to-mr-james-bogie-at-the,john-wesley,B 06 To Mr James Bogie At The,letter,1,10,0.0,0,
jw-letter-1789b-14-to-the-rev-dr-bradshaw,john-wesley,B 14 To The Rev Dr Bradshaw,letter,1,8,0.0,0,
jw-letter-1789b-17-to-edward-thomas,john-wesley,B 17 To Edward Thomas,letter,1,131,0.0,0,
jw-letter-1789b-29-to-jonathan-brown-isle-of-man,john-wesley,B 29 To Jonathan Brown Isle Of Man,letter,1,107,0.0,0,
jw-letter-1789b-50-to-his-tender-care-i-commend-you-with-all-the-fami,john-wesley,B 50 To His Tender Care I Commend You With All The Fami,letter,1,18,0.0,0,
jw-letter-1790a-08-to-john-valton,john-wesley,A 08 To John Valton,letter,1,165,0.0,0,
jw-letter-1790a-12-to-mr-william-horner-preaching-house,john-wesley,A 12 To Mr William Horner Preaching House,letter,1,9,0.0,0,
jw-letter-1790a-30-to-peter-garforth,john-wesley,A 30 To Peter Garforth,letter,1,72,0.0,0,
jw-letter-1790a-32-to-thomas-tattershall,john-wesley,A 32 To Thomas Tattershall,letter,1,111,0.0,0,
jw-letter-1790a-33-to-mr-tattershall-at-the,john-wesley,A 33 To Mr Tattershall At The,letter,1,9,0.0,0,
jw-letter-1790a-41-to-mr-andrews-near-hertford,john-wesley,A 41 To Mr Andrews Near Hertford,letter,1,14,0.0,0,
jw-letter-1790a-42-to-william-smith,john-wesley,A 42 To William Smith,letter,1,90,0.0,0,
jw-letter-1790a-56-to-william-thom,john-wesley,A 56 To William Thom,letter,1,126,0.0,0,
jw-letter-1790b-03-to-mr-king-at-the-preaching-house,john-wesley,B 03 To Mr King At The Preaching House,letter,1,11,0.0,0,
jw-letter-1790b-25-to-joseph-sutcliffe,john-wesley,B 25 To Joseph Sutcliffe,letter,1,148,0.0,0,
jw-letter-1790b-29-to-mr-george-snowden-at-the,john-wesley,B 29 To Mr George Snowden At The,letter,1,10,0.0,0,
jw-letter-1790b-31-to-mr-york,john-wesley,B 31 To Mr York,letter,1,78,0.0,0,
jw-letter-1791-09-to-mr-henry-anderson-at-kilham,john-wesley,09 To Mr Henry Anderson At Kilham,letter,1,9,0.0,0,
jw-letter-1791-21-to-mr-york,john-wesley,21 To Mr York,letter,1,64,0.0,0,
jw-letter-1791-26-to-francis-wrigley,john-wesley,26 To Francis Wrigley,letter,1,65,0.0,0,
jw-letter-1791-29-to-walter-churchey,john-wesley,29 To Walter Churchey,letter,1,36,0.0,0,
cw-gp-05-gloria-patri-v,charles-wesley,Gp 05 Gloria Patri V,hymn,2,58,0.0,0,
cw-gp-06-gloria-patri-vi,charles-wesley,Gp 06 Gloria Patri Vi,hymn,2,46,0.0,0,
cw-a-hymn-for-christmas-day,charles-wesley,A Hymn For Christmas Day,hymn,2,8,0.0,0,
cw-and-are-we-yet-alive,charles-wesley,And Are We Yet Alive,hymn,2,8,0.0,0,
cw-and-can-it-be,charles-wesley,And Can It Be,hymn,2,8,0.0,0,
cw-captain-of-israels-host,charles-wesley,Captain Of Israels Host,hymn,2,8,0.0,0,
cw-come-let-us-use-the-grace-divine,charles-wesley,Come Let Us Use The Grace Divine,hymn,2,8,0.0,0,
cw-o-thou-who-camest-from-above,charles-wesley,O Thou Who Camest From Above,hymn,2,8,0.0,0,
cw-thou-hidden-source-of-calm-repose,charles-wesley,Thou Hidden Source Of Calm Repose,hymn,2,8,0.0,0,
cw-where-shall-my-wondering-soul-begin,charles-wesley,Where Shall My Wondering Soul Begin,hymn,2,8,0.0,0,
