source_id,slug,title,corpus,open
jw-genuine-christianity,jw/works/genuine-christianity,A Plain Account Of Genuine Christianity,jw-works,True
jw-character,jw/works/character,The Character of a Methodist,jw-works,True
jw-general-rules,jw/works/general-rules,The General Rules of the Methodist Societies,jw-works,True
jw-journal-vol4-part09-section01,jw/journal/vol/vol4-part09-section01,"Journal Vol 4, Part IX Section 1 (1751-1754)",jw-journal-placeholder,True
jw-journal-vol4-part09-section02,jw/journal/vol/vol4-part09-section02,"Journal Vol 4, Part IX Section 2 (1753-1754)",jw-journal-placeholder,True
jw-journal-vol4-part10-section01,jw/journal/vol/vol4-part10-section01,"Journal Vol 4, Part X Section 1 (1755-1758)",jw-journal-placeholder,True
jw-journal-vol4-part10-section02,jw/journal/vol/vol4-part10-section02,"Journal Vol 4, Part X Section 2 (1757-1758)",jw-journal-placeholder,True
jw-journal-vol4-part11-section01,jw/journal/vol/vol4-part11-section01,"Journal Vol 4, Part XI Section 1 (1758-1760)",jw-journal-placeholder,True
jw-journal-vol4-part11-section02,jw/journal/vol/vol4-part11-section02,"Journal Vol 4, Part XI Section 2 (1760)",jw-journal-placeholder,True
jw-journal-vol4-part12-section01,jw/journal/vol/vol4-part12-section01,"Journal Vol 4, Part XII Section 1 (1760-1762)",jw-journal-placeholder,True
jw-journal-vol4-part12-section02,jw/journal/vol/vol4-part12-section02,"Journal Vol 4, Part XII Section 2 (1761)",jw-journal-placeholder,True
jw-journal-vol4-part12-section03,jw/journal/vol/vol4-part12-section03,"Journal Vol 4, Part XII Section 3 (1762)",jw-journal-placeholder,True
jw-journal-vol4-part12-section04,jw/journal/vol/vol4-part12-section04,"Journal Vol 4, Part XII Section 4 (1762)",jw-journal-placeholder,True
jw-journal-vol4-part13,jw/journal/vol/vol4-part13,"Journal Vol 4, Part XIII (1762-1765)",jw-journal-placeholder,True
jw-letter-roman-catholic,jw/works/letter-roman-catholic,A Letter to a Roman Catholic,jw-works,True
jw-means-of-grace,jw/sermons/016,The Means of Grace,jw-sermons,True
jw-catholic-spirit,jw/sermons/039,Catholic Spirit,jw-sermons,True
jw-sermon-053,jw/sermons/053,On the Death of the Rev. Mr. George Whitefield,jw-sermons,True
jw-sermon-086,jw/sermons/086,A Call to Backsliders,jw-sermons,True
jw-free-grace,jw/sermons/110,Free Grace,jw-sermons,True
jw-thoughts-slavery,jw/works/thoughts-slavery,Thoughts Upon Slavery,jw-works,True
cw-charge-to-keep,cw/works/charge-to-keep,A Charge to Keep I Have,cw-works,True
cw-arise-my-soul,cw/works/arise-my-soul,"Arise, My Soul, Arise",cw-works,True
cw-christ-risen,cw/works/christ-risen,Christ the Lord Is Risen Today,cw-works,True
cw-christ-whose-glory,cw/works/christ-whose-glory,"Christ, Whose Glory Fills the Skies",cw-works,True
cw-hymns-1780,cw/hymns/hymns-1780,A Collection of Hymns (1780),cw-hymns-collection-placeholder,True
cw-come-thou-long-expected-jesus,cw/works/come-thou-long-expected-jesus,"Come, Thou Long-Expected Jesus",cw-works,True
cw-depth-of-mercy,cw/works/depth-of-mercy,Depth of Mercy,cw-works,True
cw-forth-in-thy-name,cw/works/forth-in-thy-name,"Forth in Thy Name, O Lord, I Go",cw-works,True
cw-hark-the-herald,cw/works/hark-the-herald,Hark! The Herald Angels Sing,cw-works,True
cw-jesus-lover-of-my-soul,cw/works/jesus-lover-of-my-soul,"Jesus, Lover of My Soul",cw-works,True
cw-lo-he-comes,cw/works/lo-he-comes,Lo! He Comes with Clouds Descending,cw-works,True
cw-love-divine,cw/works/love-divine,"Love Divine, All Loves Excelling",cw-works,True
cw-o-for-a-thousand-tongues,cw/works/o-for-a-thousand-tongues,O for a Thousand Tongues to Sing,cw-works,True
cw-rejoice-the-lord-is-king,cw/works/rejoice-the-lord-is-king,"Rejoice, the Lord Is King",cw-works,True
cw-soldiers-of-christ-arise,cw/works/soldiers-of-christ-arise,"Soldiers of Christ, Arise",cw-works,True
cw-wrestling-jacob,cw/works/wrestling-jacob,Wrestling Jacob,cw-works,True
jw-sermon-137,jw/misattributed/sermon-137,Sermon 137,jw-sermons-misattributed,False
jw-a-plain-account-of-kingswood-school,jw/works/a-plain-account-of-kingswood-school,A Plain Account Of Kingswood School,jw-works,True
jw-letter-to-william-wilberforce,jw/works/letter-to-william-wilberforce,Letter To William Wilberforce,jw-works,True
cw-001-solitude-from-the-latin,cw/hymns/misc/001-solitude-from-the-latin,001 Solitude From The Latin,cw-hymns-misc,True
cw-002-zeal,cw/hymns/misc/002-zeal,002 Zeal,cw-hymns-misc,True
cw-003-on-reading-monsr-de-rentys-life,cw/hymns/misc/003-on-reading-monsr-de-rentys-life,003 On Reading Monsr De Rentys Life,cw-hymns-misc,True
cw-004-john-1518-19,cw/hymns/misc/004-john-1518-19,004 John 1518 19,cw-hymns-misc,True
cw-005-hymn-to-contempt,cw/hymns/misc/005-hymn-to-contempt,005 Hymn To Contempt,cw-hymns-misc,True
cw-006-grace-before-meat-part-i,cw/hymns/misc/006-grace-before-meat-part-i,006 Grace Before Meat Part I,cw-hymns-misc,True
cw-007-grace-before-meat---another-part-i,cw/hymns/misc/007-grace-before-meat---another-part-i,007 Grace Before Meat   Another Part I,cw-hymns-misc,True
cw-008-grace-after-meat-part-i,cw/hymns/misc/008-grace-after-meat-part-i,008 Grace After Meat Part I,cw-hymns-misc,True
cw-009-a-hymn-for-midnight,cw/hymns/misc/009-a-hymn-for-midnight,009 A Hymn For Midnight,cw-hymns-misc,True
cw-010-written-in-the-beginning-of-a-recovery-from-sickness,cw/hymns/misc/010-written-in-the-beginning-of-a-recovery-from-sickness,010 Written In The Beginning Of A Recovery From Sickness,cw-hymns-misc,True
cw-011-after-a-recovery-from-sickness,cw/hymns/misc/011-after-a-recovery-from-sickness,011 After A Recovery From Sickness,cw-hymns-misc,True
cw-012-a-prayer-under-convictions,cw/hymns/misc/012-a-prayer-under-convictions,012 A Prayer Under Convictions,cw-hymns-misc,True
cw-013-the-53rd-chapter-of-isaiah,cw/hymns/misc/013-the-53rd-chapter-of-isaiah,013 The 53Rd Chapter Of Isaiah,cw-hymns-misc,True
cw-014-hebrews-122,cw/hymns/misc/014-hebrews-122,014 Hebrews 122,cw-hymns-misc,True
cw-015-galatians-322,cw/hymns/misc/015-galatians-322,015 Galatians 322,cw-hymns-misc,True
cw-016-matthew-53,cw/hymns/misc/016-matthew-53,016 Matthew 53,cw-hymns-misc,True
cw-017-christ-the-friend-of-sinners,cw/hymns/misc/017-christ-the-friend-of-sinners,017 Christ The Friend Of Sinners,cw-hymns-misc,True
cw-018-on-the-conversion-of-a-common-harlot,cw/hymns/misc/018-on-the-conversion-of-a-common-harlot,018 On The Conversion Of A Common Harlot,cw-hymns-misc,True
cw-019-romans-45,cw/hymns/misc/019-romans-45,019 Romans 45,cw-hymns-misc,True
cw-020-acts-14,cw/hymns/misc/020-acts-14,020 Acts 14,cw-hymns-misc,True
cw-021-hymn-of-thanksgiving-to-the-father,cw/hymns/misc/021-hymn-of-thanksgiving-to-the-father,021 Hymn Of Thanksgiving To The Father,cw-hymns-misc,True
cw-022-hymn-to-the-son,cw/hymns/misc/022-hymn-to-the-son,022 Hymn To The Son,cw-hymns-misc,True
cw-023-hymn-to-the-holy-ghost-part-ii-first,cw/hymns/misc/023-hymn-to-the-holy-ghost-part-ii-first,023 Hymn To The Holy Ghost Part Ii First,cw-hymns-misc,True
cw-024-free-grace,cw/hymns/misc/024-free-grace,024 Free Grace,cw-hymns-misc,True
cw-025-therefore-with-angels,cw/hymns/misc/025-therefore-with-angels,025 Therefore With Angels,cw-hymns-misc,True
cw-026-glory-be-to-god-on-high,cw/hymns/misc/026-glory-be-to-god-on-high,026 Glory Be To God On High,cw-hymns-misc,True
cw-027-the-magnificat,cw/hymns/misc/027-the-magnificat,027 The Magnificat,cw-hymns-misc,True
cw-028-in-affliction,cw/hymns/misc/028-in-affliction,028 In Affliction,cw-hymns-misc,True
cw-029-in-desertion-or-temptation,cw/hymns/misc/029-in-desertion-or-temptation,029 In Desertion Or Temptation,cw-hymns-misc,True
cw-030-justified-but-not-sanctified,cw/hymns/misc/030-justified-but-not-sanctified,030 Justified But Not Sanctified,cw-hymns-misc,True
cw-031-isaiah-431-3,cw/hymns/misc/031-isaiah-431-3,031 Isaiah 431 3,cw-hymns-misc,True
cw-032-hymn-on-the-titles-of-christ,cw/hymns/misc/032-hymn-on-the-titles-of-christ,032 Hymn On The Titles Of Christ,cw-hymns-misc,True
cw-033-second-hymn-to-christ,cw/hymns/misc/033-second-hymn-to-christ,033 Second Hymn To Christ,cw-hymns-misc,True
cw-034-third-hymn-to-christ,cw/hymns/misc/034-third-hymn-to-christ,034 Third Hymn To Christ,cw-hymns-misc,True
cw-035-hymn-to-christ-the-king,cw/hymns/misc/035-hymn-to-christ-the-king,035 Hymn To Christ The King,cw-hymns-misc,True
cw-036-second-hymn-to-christ-the-king,cw/hymns/misc/036-second-hymn-to-christ-the-king,036 Second Hymn To Christ The King,cw-hymns-misc,True
cw-037-a-morning-hymn,cw/hymns/misc/037-a-morning-hymn,037 A Morning Hymn,cw-hymns-misc,True
cw-038-hymn-to-the-holy-ghost-part-ii-second,cw/hymns/misc/038-hymn-to-the-holy-ghost-part-ii-second,038 Hymn To The Holy Ghost Part Ii Second,cw-hymns-misc,True
cw-039-hymn-after-the-sacrament,cw/hymns/misc/039-hymn-after-the-sacrament,039 Hymn After The Sacrament,cw-hymns-misc,True
cw-040-acts-241,cw/hymns/misc/040-acts-241,040 Acts 241,cw-hymns-misc,True
cw-041-to-be-sung-at-work,cw/hymns/misc/041-to-be-sung-at-work,041 To Be Sung At Work,cw-hymns-misc,True
cw-042-to-be-sung-at-work---another,cw/hymns/misc/042-to-be-sung-at-work---another,042 To Be Sung At Work   Another,cw-hymns-misc,True
cw-043-acts-429,cw/hymns/misc/043-acts-429,043 Acts 429,cw-hymns-misc,True
cw-044-congratulation-to-a-friend-upon-believing-in-christ,cw/hymns/misc/044-congratulation-to-a-friend-upon-believing-in-christ,044 Congratulation To A Friend Upon Believing In Christ,cw-hymns-misc,True
cw-045-hymn-for-christmas-day,cw/hymns/misc/045-hymn-for-christmas-day,045 Hymn For Christmas Day,cw-hymns-misc,True
cw-046-hymn-for-the-epiphany,cw/hymns/misc/046-hymn-for-the-epiphany,046 Hymn For The Epiphany,cw-hymns-misc,True
cw-047-hymn-for-easter-day,cw/hymns/misc/047-hymn-for-easter-day,047 Hymn For Easter Day,cw-hymns-misc,True
cw-048-hymn-for-ascension-day,cw/hymns/misc/048-hymn-for-ascension-day,048 Hymn For Ascension Day,cw-hymns-misc,True
cw-049-hymn-for-whitsunday,cw/hymns/misc/049-hymn-for-whitsunday,049 Hymn For Whitsunday,cw-hymns-misc,True
cw-050-grace-before-meat-part-ii,cw/hymns/misc/050-grace-before-meat-part-ii,050 Grace Before Meat Part Ii,cw-hymns-misc,True
cw-051-at-meals,cw/hymns/misc/051-at-meals,051 At Meals,cw-hymns-misc,True
cw-052-grace-after-meat-part-ii,cw/hymns/misc/052-grace-after-meat-part-ii,052 Grace After Meat Part Ii,cw-hymns-misc,True
cw-053-grace-after-meat---another-part-ii,cw/hymns/misc/053-grace-after-meat---another-part-ii,053 Grace After Meat   Another Part Ii,cw-hymns-misc,True
cw-054-john-1624,cw/hymns/misc/054-john-1624,054 John 1624,cw-hymns-misc,True
cw-055-isaiah-519,cw/hymns/misc/055-isaiah-519,055 Isaiah 519,cw-hymns-misc,True
cw-universal-redemption,cw/works/universal-redemption,Universal Redemption,cw-works,True
cw-life-of-faith,cw/works/life-of-faith,The Life of Faith,cw-works,True
cw-001-the-fifty-fifth-chapter-of-isaiah,cw/hymns/misc/001-the-fifty-fifth-chapter-of-isaiah,001 The Fifty Fifth Chapter Of Isaiah,cw-hymns-misc,True
cw-002-the-life-of-faith-exemplified-in-the-eleventh-chapter-of-hebrews,cw/hymns/misc/002-the-life-of-faith-exemplified-in-the-eleventh-chapter-of-hebrews,002 The Life Of Faith Exemplified In The Eleventh Chapter Of Hebrews,cw-hymns-misc,True
cw-003-business-alterd-from-george-herbert,cw/hymns/misc/003-business-alterd-from-george-herbert,003 Business Alterd From George Herbert,cw-hymns-misc,True
cw-004-looking-unto-jesus-from-the-german-maria-böhmer,cw/hymns/misc/004-looking-unto-jesus-from-the-german-maria-böhmer,004 Looking Unto Jesus From The German Maria Böhmer,cw-hymns-misc,True
cw-005-looking-unto-jesus-from-the-german-maria-böhmer-the-same,cw/hymns/misc/005-looking-unto-jesus-from-the-german-maria-böhmer-the-same,005 Looking Unto Jesus From The German Maria Böhmer The Same,cw-hymns-misc,True
cw-006-morning-hymn,cw/hymns/misc/006-morning-hymn,006 Morning Hymn,cw-hymns-misc,True
cw-007-morning-hymn-another-1,cw/hymns/misc/007-morning-hymn-another-1,007 Morning Hymn Another 1,cw-hymns-misc,True
cw-008-an-evening-hymn,cw/hymns/misc/008-an-evening-hymn,008 An Evening Hymn,cw-hymns-misc,True
cw-009-to-the-revd-mr-whitefield,cw/hymns/misc/009-to-the-revd-mr-whitefield,009 To The Revd Mr Whitefield,cw-hymns-misc,True
cw-010-to-the-same-revd-mr-whitefield-before-his-voyage,cw/hymns/misc/010-to-the-same-revd-mr-whitefield-before-his-voyage,010 To The Same Revd Mr Whitefield Before His Voyage,cw-hymns-misc,True
cw-011-a-hymn-to-be-sung-at-sea,cw/hymns/misc/011-a-hymn-to-be-sung-at-sea,011 A Hymn To Be Sung At Sea,cw-hymns-misc,True
cw-012-in-a-storm,cw/hymns/misc/012-in-a-storm,012 In A Storm,cw-hymns-misc,True
cw-013-zechariah-1210-they-shall-look-unto-him-from-the-german-paul-gerhardt,cw/hymns/misc/013-zechariah-1210-they-shall-look-unto-him-from-the-german-paul-gerhardt,013 Zechariah 1210 They Shall Look Unto Him From The German Paul Gerhardt,cw-hymns-misc,True
cw-014-the-means-of-grace,cw/hymns/misc/014-the-means-of-grace,014 The Means Of Grace,cw-hymns-misc,True
cw-015-waiting-for-christ,cw/hymns/misc/015-waiting-for-christ,015 Waiting For Christ,cw-hymns-misc,True
cw-017-before-reading-the-scriptures-another-1,cw/hymns/misc/017-before-reading-the-scriptures-another-1,017 Before Reading The Scriptures Another 1,cw-hymns-misc,True
cw-018-before-reading-the-scriptures-another-2,cw/hymns/misc/018-before-reading-the-scriptures-another-2,018 Before Reading The Scriptures Another 2,cw-hymns-misc,True
cw-019-before-preaching,cw/hymns/misc/019-before-preaching,019 Before Preaching,cw-hymns-misc,True
cw-020-after-preaching,cw/hymns/misc/020-after-preaching,020 After Preaching,cw-hymns-misc,True
cw-021-hymn-to-god-the-sanctifier,cw/hymns/misc/021-hymn-to-god-the-sanctifier,021 Hymn To God The Sanctifier,cw-hymns-misc,True
cw-022-written-in-sickness,cw/hymns/misc/022-written-in-sickness,022 Written In Sickness,cw-hymns-misc,True
cw-023-upon-parting-with-his-friends-part-i,cw/hymns/misc/023-upon-parting-with-his-friends-part-i,023 Upon Parting With His Friends Part I,cw-hymns-misc,True
cw-024-upon-parting-with-his-friends-part-i-part-ii,cw/hymns/misc/024-upon-parting-with-his-friends-part-i-part-ii,024 Upon Parting With His Friends Part I Part Ii,cw-hymns-misc,True
cw-025-upon-parting-with-his-friends-part-i-part-iii,cw/hymns/misc/025-upon-parting-with-his-friends-part-i-part-iii,025 Upon Parting With His Friends Part I Part Iii,cw-hymns-misc,True
cw-026-upon-parting-with-his-friends-part-i-part-iv,cw/hymns/misc/026-upon-parting-with-his-friends-part-i-part-iv,026 Upon Parting With His Friends Part I Part Iv,cw-hymns-misc,True
cw-027-upon-parting-with-his-friends-part-i-part-v,cw/hymns/misc/027-upon-parting-with-his-friends-part-i-part-v,027 Upon Parting With His Friends Part I Part V,cw-hymns-misc,True
cw-028-mourning,cw/hymns/misc/028-mourning,028 Mourning,cw-hymns-misc,True
cw-029-romans-724-25,cw/hymns/misc/029-romans-724-25,029 Romans 724 25,cw-hymns-misc,True
cw-030-romans-724-who-shall-deliver-me-from-the-body-of-this-death,cw/hymns/misc/030-romans-724-who-shall-deliver-me-from-the-body-of-this-death,030 Romans 724 Who Shall Deliver Me From The Body Of This Death,cw-hymns-misc,True
cw-031-psalm-1436-my-soul-gaspeth-for-thee-as-a-thirsty-land,cw/hymns/misc/031-psalm-1436-my-soul-gaspeth-for-thee-as-a-thirsty-land,031 Psalm 1436 My Soul Gaspeth For Thee As A Thirsty Land,cw-hymns-misc,True
cw-033-psalm-130,cw/hymns/misc/033-psalm-130,033 Psalm 130,cw-hymns-misc,True
cw-034-in-temptation,cw/hymns/misc/034-in-temptation,034 In Temptation,cw-hymns-misc,True
cw-035-matthew-53-4-6,cw/hymns/misc/035-matthew-53-4-6,035 Matthew 53 4 6,cw-hymns-misc,True
cw-036-in-temptation,cw/hymns/misc/036-in-temptation,036 In Temptation,cw-hymns-misc,True
cw-037-matthew-121-he-shall-save-his-people-from-their-sins,cw/hymns/misc/037-matthew-121-he-shall-save-his-people-from-their-sins,037 Matthew 121 He Shall Save His People From Their Sins,cw-hymns-misc,True
cw-038-desiring-christ,cw/hymns/misc/038-desiring-christ,038 Desiring Christ,cw-hymns-misc,True
cw-039-1-corinthians-1011-these-things-were-written-for-our-instruction,cw/hymns/misc/039-1-corinthians-1011-these-things-were-written-for-our-instruction,039 1 Corinthians 1011 These Things Were Written For Our Instruction,cw-hymns-misc,True
cw-040-i-thirst-thou-wounded-lamb-of-god-from-the-german-nikolaus-von-zinzend,cw/hymns/misc/040-i-thirst-thou-wounded-lamb-of-god-from-the-german-nikolaus-von-zinzend,040 I Thirst Thou Wounded Lamb Of God From The German Nikolaus Von Zinzend,cw-hymns-misc,True
cw-041-the-resignation,cw/hymns/misc/041-the-resignation,041 The Resignation,cw-hymns-misc,True
cw-042-a-prayer-against-the-power-of-sin,cw/hymns/misc/042-a-prayer-against-the-power-of-sin,042 A Prayer Against The Power Of Sin,cw-hymns-misc,True
cw-043-after-a-relapse-into-sin,cw/hymns/misc/043-after-a-relapse-into-sin,043 After A Relapse Into Sin,cw-hymns-misc,True
cw-044-written-in-stress-of-temptation,cw/hymns/misc/044-written-in-stress-of-temptation,044 Written In Stress Of Temptation,cw-hymns-misc,True
cw-045-micah-66-etc,cw/hymns/misc/045-micah-66-etc,045 Micah 66 Etc,cw-hymns-misc,True
cw-046-redemption-found-from-the-german-johann-andreas-rothe,cw/hymns/misc/046-redemption-found-from-the-german-johann-andreas-rothe,046 Redemption Found From The German Johann Andreas Rothe,cw-hymns-misc,True
cw-047-from-the-same-anna-dober,cw/hymns/misc/047-from-the-same-anna-dober,047 From The Same Anna Dober,cw-hymns-misc,True
cw-048-christ-our-wisdom-1-corinthians-130,cw/hymns/misc/048-christ-our-wisdom-1-corinthians-130,048 Christ Our Wisdom 1 Corinthians 130,cw-hymns-misc,True
cw-049-christ-our-righteousness-1-corinthians-130,cw/hymns/misc/049-christ-our-righteousness-1-corinthians-130,049 Christ Our Righteousness 1 Corinthians 130,cw-hymns-misc,True
cw-050-christ-our-sanctification-1-corinthians-130,cw/hymns/misc/050-christ-our-sanctification-1-corinthians-130,050 Christ Our Sanctification 1 Corinthians 130,cw-hymns-misc,True
cw-051-christ-our-redemption-1-corinthians-130,cw/hymns/misc/051-christ-our-redemption-1-corinthians-130,051 Christ Our Redemption 1 Corinthians 130,cw-hymns-misc,True
cw-052-it-is-very-meet-right-and-our-bounden-duty,cw/hymns/misc/052-it-is-very-meet-right-and-our-bounden-duty,052 It Is Very Meet Right And Our Bounden Duty,cw-hymns-misc,True
cw-053-hymn-to-the-trinity,cw/hymns/misc/053-hymn-to-the-trinity,053 Hymn To The Trinity,cw-hymns-misc,True
cw-056-hymn-to-the-trinity-another-3,cw/hymns/misc/056-hymn-to-the-trinity-another-3,056 Hymn To The Trinity Another 3,cw-hymns-misc,True
cw-058-another-samuel-wesley-sr-another-1,cw/hymns/misc/058-another-samuel-wesley-sr-another-1,058 Another Samuel Wesley Sr Another 1,cw-hymns-misc,True
cw-059-another-samuel-wesley-sr-another-2,cw/hymns/misc/059-another-samuel-wesley-sr-another-2,059 Another Samuel Wesley Sr Another 2,cw-hymns-misc,True
cw-060-hymn-for-the-kingswood-colliers,cw/hymns/misc/060-hymn-for-the-kingswood-colliers,060 Hymn For The Kingswood Colliers,cw-hymns-misc,True
cw-061-to-be-sung-while-at-work,cw/hymns/misc/061-to-be-sung-while-at-work,061 To Be Sung While At Work,cw-hymns-misc,True
cw-062-isaiah-35,cw/hymns/misc/062-isaiah-35,062 Isaiah 35,cw-hymns-misc,True
cw-063-for-a-minister,cw/hymns/misc/063-for-a-minister,063 For A Minister,cw-hymns-misc,True
cw-064-at-setting-out-to-preach-the-gospel,cw/hymns/misc/064-at-setting-out-to-preach-the-gospel,064 At Setting Out To Preach The Gospel,cw-hymns-misc,True
cw-065-acts-424-etc,cw/hymns/misc/065-acts-424-etc,065 Acts 424 Etc,cw-hymns-misc,True
cw-066-to-be-sung-in-a-tumult,cw/hymns/misc/066-to-be-sung-in-a-tumult,066 To Be Sung In A Tumult,cw-hymns-misc,True
cw-067-1-john-318-little-children-love-one-another,cw/hymns/misc/067-1-john-318-little-children-love-one-another,067 1 John 318 Little Children Love One Another,cw-hymns-misc,True
cw-068-for-the-anniversary-day-of-ones-conversion,cw/hymns/misc/068-for-the-anniversary-day-of-ones-conversion,068 For The Anniversary Day Of Ones Conversion,cw-hymns-misc,True
cw-069-1-john-23,cw/hymns/misc/069-1-john-23,069 1 John 23,cw-hymns-misc,True
cw-070-to-be-sung-at-meals,cw/hymns/misc/070-to-be-sung-at-meals,070 To Be Sung At Meals,cw-hymns-misc,True
cw-071-before-a-journey,cw/hymns/misc/071-before-a-journey,071 Before A Journey,cw-hymns-misc,True
cw-072-before-a-journey-another-1,cw/hymns/misc/072-before-a-journey-another-1,072 Before A Journey Another 1,cw-hymns-misc,True
cw-073-on-a-journey,cw/hymns/misc/073-on-a-journey,073 On A Journey,cw-hymns-misc,True
cw-074-after-a-journey,cw/hymns/misc/074-after-a-journey,074 After A Journey,cw-hymns-misc,True
cw-075-at-lying-down,cw/hymns/misc/075-at-lying-down,075 At Lying Down,cw-hymns-misc,True
cw-076-groaning-for-the-spirit-of-adoption,cw/hymns/misc/076-groaning-for-the-spirit-of-adoption,076 Groaning For The Spirit Of Adoption,cw-hymns-misc,True
cw-077-universal-redemption,cw/hymns/misc/077-universal-redemption,077 Universal Redemption,cw-hymns-misc,True
cw-078-universal-redemption-another-1,cw/hymns/misc/078-universal-redemption-another-1,078 Universal Redemption Another 1,cw-hymns-misc,True
cw-079-universal-redemption-another-2,cw/hymns/misc/079-universal-redemption-another-2,079 Universal Redemption Another 2,cw-hymns-misc,True
cw-080-hymn-to-christ-the-prophet,cw/hymns/misc/080-hymn-to-christ-the-prophet,080 Hymn To Christ The Prophet,cw-hymns-misc,True
cw-081-luke-1521-father-i-have-sinned-against-heaven,cw/hymns/misc/081-luke-1521-father-i-have-sinned-against-heaven,081 Luke 1521 Father I Have Sinned Against Heaven,cw-hymns-misc,True
cw-082-at-the-approach-of-temptation,cw/hymns/misc/082-at-the-approach-of-temptation,082 At The Approach Of Temptation,cw-hymns-misc,True
cw-083-in-temptation,cw/hymns/misc/083-in-temptation,083 In Temptation,cw-hymns-misc,True
cw-084-job-238-9-10,cw/hymns/misc/084-job-238-9-10,084 Job 238 9 10,cw-hymns-misc,True
cw-085-after-a-relapse-into-sin,cw/hymns/misc/085-after-a-relapse-into-sin,085 After A Relapse Into Sin,cw-hymns-misc,True
cw-086-against-hope-believing-in-hope,cw/hymns/misc/086-against-hope-believing-in-hope,086 Against Hope Believing In Hope,cw-hymns-misc,True
cw-087-matthew-54-blessed-are-they-that-mourn,cw/hymns/misc/087-matthew-54-blessed-are-they-that-mourn,087 Matthew 54 Blessed Are They That Mourn,cw-hymns-misc,True
cw-088-habakkuk-24-the-just-shall-live-by-faith,cw/hymns/misc/088-habakkuk-24-the-just-shall-live-by-faith,088 Habakkuk 24 The Just Shall Live By Faith,cw-hymns-misc,True
cw-089-isaiah-4522-look-unto-me-and-be-ye-saved-all-ye-ends-of-the-earth,cw/hymns/misc/089-isaiah-4522-look-unto-me-and-be-ye-saved-all-ye-ends-of-the-earth,089 Isaiah 4522 Look Unto Me And Be Ye Saved All Ye Ends Of The Earth,cw-hymns-misc,True
cw-090-praise-for-redemption-from-the-german-ludwig-andreas-gotter,cw/hymns/misc/090-praise-for-redemption-from-the-german-ludwig-andreas-gotter,090 Praise For Redemption From The German Ludwig Andreas Gotter,cw-hymns-misc,True
cw-091-on-the-admission-of-any-person-into-the-society,cw/hymns/misc/091-on-the-admission-of-any-person-into-the-society,091 On The Admission Of Any Person Into The Society,cw-hymns-misc,True
cw-092-seraphick-love-altered-from-john-norris,cw/hymns/misc/092-seraphick-love-altered-from-john-norris,092 Seraphick Love Altered From John Norris,cw-hymns-misc,True
cw-093-the-aspiration-from-the-same-john-norris,cw/hymns/misc/093-the-aspiration-from-the-same-john-norris,093 The Aspiration From The Same John Norris,cw-hymns-misc,True
cw-094-solomons-song-chapter-515-etc-george-sandys,cw/hymns/misc/094-solomons-song-chapter-515-etc-george-sandys,094 Solomons Song Chapter 515 Etc George Sandys,cw-hymns-misc,True
cw-095-written-after-walking-over-smithfield,cw/hymns/misc/095-written-after-walking-over-smithfield,095 Written After Walking Over Smithfield,cw-hymns-misc,True
cw-096-the-believers-triumph-from-the-german-nikolaus-von-zinzendorf,cw/hymns/misc/096-the-believers-triumph-from-the-german-nikolaus-von-zinzendorf,096 The Believers Triumph From The German Nikolaus Von Zinzendorf,cw-hymns-misc,True
cw-097-the-love-feast-part-i,cw/hymns/misc/097-the-love-feast-part-i,097 The Love Feast Part I,cw-hymns-misc,True
cw-098-the-love-feast-part-i---part-v-1-peter-13-etc,cw/hymns/misc/098-the-love-feast-part-i---part-v-1-peter-13-etc,098 The Love Feast Part I   Part V 1 Peter 13 Etc,cw-hymns-misc,True
cw-099-the-communion-of-saints-part-i,cw/hymns/misc/099-the-communion-of-saints-part-i,099 The Communion Of Saints Part I,cw-hymns-misc,True
cw-101-the-communion-of-saints-part-iii-john-1720-etc,cw/hymns/misc/101-the-communion-of-saints-part-iii-john-1720-etc,101 The Communion Of Saints Part Iii John 1720 Etc,cw-hymns-misc,True
cw-102-the-communion-of-saints-part-iv,cw/hymns/misc/102-the-communion-of-saints-part-iv,102 The Communion Of Saints Part Iv,cw-hymns-misc,True
cw-103-the-communion-of-saints-part-v-hebrews-1222-23-24,cw/hymns/misc/103-the-communion-of-saints-part-v-hebrews-1222-23-24,103 The Communion Of Saints Part V Hebrews 1222 23 24,cw-hymns-misc,True
cw-104-the-communion-of-saints-part-vi,cw/hymns/misc/104-the-communion-of-saints-part-vi,104 The Communion Of Saints Part Vi,cw-hymns-misc,True
cw-105-isaiah-64,cw/hymns/misc/105-isaiah-64,105 Isaiah 64,cw-hymns-misc,True
cw-106-hebrews-49-there-remaineth-therefore-a-rest-to-the-people-of-god,cw/hymns/misc/106-hebrews-49-there-remaineth-therefore-a-rest-to-the-people-of-god,106 Hebrews 49 There Remaineth Therefore A Rest To The People Of God,cw-hymns-misc,True
cw-001-gods-love-and-power,cw/hymns/misc/001-gods-love-and-power,001 Gods Love And Power,cw-hymns-misc,True
cw-002-a-prayer-for-the-light-of-life,cw/hymns/misc/002-a-prayer-for-the-light-of-life,002 A Prayer For The Light Of Life,cw-hymns-misc,True
cw-003-prayer-for-faith,cw/hymns/misc/003-prayer-for-faith,003 Prayer For Faith,cw-hymns-misc,True
cw-004-an-hymn-for-the-georgia-orphans,cw/hymns/misc/004-an-hymn-for-the-georgia-orphans,004 An Hymn For The Georgia Orphans,cw-hymns-misc,True
cw-005-for-their-benefactors,cw/hymns/misc/005-for-their-benefactors,005 For Their Benefactors,cw-hymns-misc,True
cw-006-before-their-going-to-work,cw/hymns/misc/006-before-their-going-to-work,006 Before Their Going To Work,cw-hymns-misc,True
cw-007-a-hymn-for-charity-children,cw/hymns/misc/007-a-hymn-for-charity-children,007 A Hymn For Charity Children,cw-hymns-misc,True
cw-008-a-hymn-for-charity-children-another-1,cw/hymns/misc/008-a-hymn-for-charity-children-another-1,008 A Hymn For Charity Children Another 1,cw-hymns-misc,True
cw-009-a-hymn-for-charity-children-another-2,cw/hymns/misc/009-a-hymn-for-charity-children-another-2,009 A Hymn For Charity Children Another 2,cw-hymns-misc,True
cw-010-a-morning-hymn,cw/hymns/misc/010-a-morning-hymn,010 A Morning Hymn,cw-hymns-misc,True
cw-011-an-evening-hymn,cw/hymns/misc/011-an-evening-hymn,011 An Evening Hymn,cw-hymns-misc,True
cw-012-a-funeral-hymn,cw/hymns/misc/012-a-funeral-hymn,012 A Funeral Hymn,cw-hymns-misc,True
cw-013-de-profundis,cw/hymns/misc/013-de-profundis,013 De Profundis,cw-hymns-misc,True
cw-014-prayer-for-one-that-is-lunatick-and-sore-vexed,cw/hymns/misc/014-prayer-for-one-that-is-lunatick-and-sore-vexed,014 Prayer For One That Is Lunatick And Sore Vexed,cw-hymns-misc,True
cw-015-thanksgiving-for-her-deliverance,cw/hymns/misc/015-thanksgiving-for-her-deliverance,015 Thanksgiving For Her Deliverance,cw-hymns-misc,True
jw-letter-1721-01-to-ambrose-eyre-mr-a-h-tod-one-of-the-masters-at-c,jw/letters/1721/01-to-ambrose-eyre-mr-a-h-tod-one-of-the-masters-at-c,01 To Ambrose Eyre Mr A H Tod One Of The Masters At C,jw-letters,True
jw-letter-1723-01-to-his-mother,jw/letters/1723/01-to-his-mother,01 To His Mother,jw-letters,True
jw-letter-1724-01-to-his-brother-samuel,jw/letters/1724/01-to-his-brother-samuel,01 To His Brother Samuel,jw-letters,True
jw-letter-1724-02-to-his-mother,jw/letters/1724/02-to-his-mother,02 To His Mother,jw-letters,True
jw-letter-1724-03-to-his-mother,jw/letters/1724/03-to-his-mother,03 To His Mother,jw-letters,True
jw-letter-1725-01-to-his-mother,jw/letters/1725/01-to-his-mother,01 To His Mother,jw-letters,True
jw-letter-1725-02-to-his-mother,jw/letters/1725/02-to-his-mother,02 To His Mother,jw-letters,True
jw-letter-1725-03-to-his-mother,jw/letters/1725/03-to-his-mother,03 To His Mother,jw-letters,True
jw-letter-1725-04-to-his-mother,jw/letters/1725/04-to-his-mother,04 To His Mother,jw-letters,True
jw-letter-1726-01-to-his-brother-samuel,jw/letters/1726/01-to-his-brother-samuel,01 To His Brother Samuel,jw-letters,True
jw-letter-1726-02-to-his-brother-samuel,jw/letters/1726/02-to-his-brother-samuel,02 To His Brother Samuel,jw-letters,True
jw-letter-1726-04-to-his-brother-samuel,jw/letters/1726/04-to-his-brother-samuel,04 To His Brother Samuel,jw-letters,True
jw-letter-1726-05-to-his-brother-samuel,jw/letters/1726/05-to-his-brother-samuel,05 To His Brother Samuel,jw-letters,True
jw-letter-1727-01-to-his-mother,jw/letters/1727/01-to-his-mother,01 To His Mother,jw-letters,True
jw-letter-1727-02-to-his-mother,jw/letters/1727/02-to-his-mother,02 To His Mother,jw-letters,True
jw-letter-1729-01-to-his-father,jw/letters/1729/01-to-his-father,01 To His Father,jw-letters,True
jw-letter-1730-01-to-his-mother,jw/letters/1730/01-to-his-mother,01 To His Mother,jw-letters,True
jw-letter-1730-02-to-mrs-wesley-at-epworth-to-be-left,jw/letters/1730/02-to-mrs-wesley-at-epworth-to-be-left,02 To Mrs Wesley At Epworth To Be Left,jw-letters,True
jw-letter-1730-03-to-ann-granville,jw/letters/1730/03-to-ann-granville,03 To Ann Granville,jw-letters,True
jw-letter-1730-04-to-his-father,jw/letters/1730/04-to-his-father,04 To His Father,jw-letters,True
jw-letter-1730-05-to-mrs-pendarves,jw/letters/1730/05-to-mrs-pendarves,05 To Mrs Pendarves,jw-letters,True
jw-letter-1731-01-to-his-father,jw/letters/1731/01-to-his-father,01 To His Father,jw-letters,True
jw-letter-1731-02-to-mrs-pendarves,jw/letters/1731/02-to-mrs-pendarves,02 To Mrs Pendarves,jw-letters,True
jw-letter-1731-03-to-mrs-pendarves,jw/letters/1731/03-to-mrs-pendarves,03 To Mrs Pendarves,jw-letters,True
jw-letter-1731-04-to-mrs-pendarves,jw/letters/1731/04-to-mrs-pendarves,04 To Mrs Pendarves,jw-letters,True
jw-letter-1731-05-to-mrs-pendarves,jw/letters/1731/05-to-mrs-pendarves,05 To Mrs Pendarves,jw-letters,True
jw-letter-1731-06-to-mrs-pendarves,jw/letters/1731/06-to-mrs-pendarves,06 To Mrs Pendarves,jw-letters,True
jw-letter-1731-07-to-mrs-pendarves,jw/letters/1731/07-to-mrs-pendarves,07 To Mrs Pendarves,jw-letters,True
jw-letter-1731-08-to-mrs-pendarves,jw/letters/1731/08-to-mrs-pendarves,08 To Mrs Pendarves,jw-letters,True
jw-letter-1731-09-to-mrs-pendarves,jw/letters/1731/09-to-mrs-pendarves,09 To Mrs Pendarves,jw-letters,True
jw-letter-1731-10-to-his-father,jw/letters/1731/10-to-his-father,10 To His Father,jw-letters,True
jw-letter-1731-11-to-his-mother,jw/letters/1731/11-to-his-mother,11 To His Mother,jw-letters,True
jw-letter-1731-12-to-ann-granville,jw/letters/1731/12-to-ann-granville,12 To Ann Granville,jw-letters,True
jw-letter-1731-13-to-mrs-pendarves,jw/letters/1731/13-to-mrs-pendarves,13 To Mrs Pendarves,jw-letters,True
jw-letter-1731-14-to-mrs-pendarves,jw/letters/1731/14-to-mrs-pendarves,14 To Mrs Pendarves,jw-letters,True
jw-letter-1731-15-to-mrs-pendarves,jw/letters/1731/15-to-mrs-pendarves,15 To Mrs Pendarves,jw-letters,True
jw-letter-1731-16-to-ann-granvill,jw/letters/1731/16-to-ann-granvill,16 To Ann Granvill,jw-letters,True
jw-letter-1731-17-to-mrs-pendarves,jw/letters/1731/17-to-mrs-pendarves,17 To Mrs Pendarves,jw-letters,True
jw-letter-1731-18-to-ann-granville,jw/letters/1731/18-to-ann-granville,18 To Ann Granville,jw-letters,True
jw-letter-1731-19-to-mrs-pendarves,jw/letters/1731/19-to-mrs-pendarves,19 To Mrs Pendarves,jw-letters,True
jw-letter-1731-20-to-ann-granville,jw/letters/1731/20-to-ann-granville,20 To Ann Granville,jw-letters,True
jw-letter-1731-21-to-his-brother-samuel,jw/letters/1731/21-to-his-brother-samuel,21 To His Brother Samuel,jw-letters,True
jw-letter-1732-01-to-his-mother,jw/letters/1732/01-to-his-mother,01 To His Mother,jw-letters,True
jw-letter-1732-02-to-richard-morgan,jw/letters/1732/02-to-richard-morgan,02 To Richard Morgan,jw-letters,True
jw-letter-1733-01-to-his-mother,jw/letters/1733/01-to-his-mother,01 To His Mother,jw-letters,True
jw-letter-1733-02-to-his-father,jw/letters/1733/02-to-his-father,02 To His Father,jw-letters,True
jw-letter-1733-03-to-his-mother,jw/letters/1733/03-to-his-mother,03 To His Mother,jw-letters,True
jw-letter-1733-04-to-richard-morgan,jw/letters/1733/04-to-richard-morgan,04 To Richard Morgan,jw-letters,True
jw-letter-1734-01-to-richard-morgan,jw/letters/1734/01-to-richard-morgan,01 To Richard Morgan,jw-letters,True
jw-letter-1734-02-to-richard-morgan,jw/letters/1734/02-to-richard-morgan,02 To Richard Morgan,jw-letters,True
jw-letter-1734-03-to-william-law,jw/letters/1734/03-to-william-law,03 To William Law,jw-letters,True
jw-letter-1734-04-to-mrs-pendarves,jw/letters/1734/04-to-mrs-pendarves,04 To Mrs Pendarves,jw-letters,True
jw-letter-1734-05-to-his-father,jw/letters/1734/05-to-his-father,05 To His Father,jw-letters,True
jw-letter-1735-01-to-his-mother,jw/letters/1735/01-to-his-mother,01 To His Mother,jw-letters,True
jw-letter-1735-02-to-his-brother-samuel,jw/letters/1735/02-to-his-brother-samuel,02 To His Brother Samuel,jw-letters,True
jw-letter-1735-03-to-his-brother-samuel,jw/letters/1735/03-to-his-brother-samuel,03 To His Brother Samuel,jw-letters,True
jw-letter-1735-04-to-his-brother-samuel,jw/letters/1735/04-to-his-brother-samuel,04 To His Brother Samuel,jw-letters,True
jw-letter-1735-05-to-john-robson,jw/letters/1735/05-to-john-robson,05 To John Robson,jw-letters,True
jw-letter-1735-06-to-dr-burton,jw/letters/1735/06-to-dr-burton,06 To Dr Burton,jw-letters,True
jw-letter-1735-07-to-his-brother-samuel,jw/letters/1735/07-to-his-brother-samuel,07 To His Brother Samuel,jw-letters,True
jw-letter-1736-01-to-dr-burton,jw/letters/1736/01-to-dr-burton,01 To Dr Burton,jw-letters,True
jw-letter-1736-02-to-count-zinzendorf,jw/letters/1736/02-to-count-zinzendorf,02 To Count Zinzendorf,jw-letters,False
jw-letter-1736-03-to-his-mother,jw/letters/1736/03-to-his-mother,03 To His Mother,jw-letters,True
jw-letter-1736-04-to-his-brother-charles,jw/letters/1736/04-to-his-brother-charles,04 To His Brother Charles,jw-letters,False
jw-letter-1736-05-to-his-brother-charles,jw/letters/1736/05-to-his-brother-charles,05 To His Brother Charles,jw-letters,True
jw-letter-1736-06-to-general-oglethorpe,jw/letters/1736/06-to-general-oglethorpe,06 To General Oglethorpe,jw-letters,True
jw-letter-1736-07-to-archibald-hutchinson,jw/letters/1736/07-to-archibald-hutchinson,07 To Archibald Hutchinson,jw-letters,True
jw-letter-1736-08-to-james-vernon,jw/letters/1736/08-to-james-vernon,08 To James Vernon,jw-letters,True
jw-letter-1736-09-to-general-oglethorpe,jw/letters/1736/09-to-general-oglethorpe,09 To General Oglethorpe,jw-letters,True
jw-letter-1736-10-to-george-whitefield-and-his-friends-at-oxford,jw/letters/1736/10-to-george-whitefield-and-his-friends-at-oxford,10 To George Whitefield And His Friends At Oxford,jw-letters,True
jw-letter-1736-11-to-james-vernon,jw/letters/1736/11-to-james-vernon,11 To James Vernon,jw-letters,True
jw-letter-1736-12-to-ann-granville,jw/letters/1736/12-to-ann-granville,12 To Ann Granville,jw-letters,True
jw-letter-1736-13-to-mr-verelst-the-date-and-the-person-to-whom-when,jw/letters/1736/13-to-mr-verelst-the-date-and-the-person-to-whom-when,13 To Mr Verelst The Date And The Person To Whom When,jw-letters,True
jw-letter-1736-14-to-his-brother-samuel,jw/letters/1736/14-to-his-brother-samuel,14 To His Brother Samuel,jw-letters,True
jw-letter-1737-01-to-sophia-christiana-hopkey,jw/letters/1737/01-to-sophia-christiana-hopkey,01 To Sophia Christiana Hopkey,jw-letters,True
jw-letter-1737-02-to-john-hutchings,jw/letters/1737/02-to-john-hutchings,02 To John Hutchings,jw-letters,True
jw-letter-1737-03-to-general-oglethorpe,jw/letters/1737/03-to-general-oglethorpe,03 To General Oglethorpe,jw-letters,True
jw-letter-1737-04-to-dr-brays-associates,jw/letters/1737/04-to-dr-brays-associates,04 To Dr Brays Associates,jw-letters,True
jw-letter-1737-05-to-the-georgia-trustees,jw/letters/1737/05-to-the-georgia-trustees,05 To The Georgia Trustees,jw-letters,True
jw-letter-1737-06-to-william-wogan,jw/letters/1737/06-to-william-wogan,06 To William Wogan,jw-letters,True
jw-letter-1737-07-to-william-wogan-esq,jw/letters/1737/07-to-william-wogan-esq,07 To William Wogan Esq,jw-letters,True
jw-letter-1737-08-to-mrs-chapman,jw/letters/1737/08-to-mrs-chapman,08 To Mrs Chapman,jw-letters,True
jw-letter-1737-09-to-the-georgia-trustees,jw/letters/1737/09-to-the-georgia-trustees,09 To The Georgia Trustees,jw-letters,True
jw-letter-1737-10-to-james-hutton,jw/letters/1737/10-to-james-hutton,10 To James Hutton,jw-letters,True
jw-letter-1737-11-to-mr-james-hutton-at-mr-innys,jw/letters/1737/11-to-mr-james-hutton-at-mr-innys,11 To Mr James Hutton At Mr Innys,jw-letters,False
jw-letter-1737-12-to-mr-verelst-accountant-to-the-georgia-trustees,jw/letters/1737/12-to-mr-verelst-accountant-to-the-georgia-trustees,12 To Mr Verelst Accountant To The Georgia Trustees,jw-letters,True
jw-letter-1737-13-to-mr-verelst-the-date-and-the-person-to-whom-this,jw/letters/1737/13-to-mr-verelst-the-date-and-the-person-to-whom-this,13 To Mr Verelst The Date And The Person To Whom This,jw-letters,True
jw-letter-1737-14-to-thomas-causton-chief-magistrate-of-savannah,jw/letters/1737/14-to-thomas-causton-chief-magistrate-of-savannah,14 To Thomas Causton Chief Magistrate Of Savannah,jw-letters,True
jw-letter-1737-15-to-mrs-williamson-sophia-hopkey,jw/letters/1737/15-to-mrs-williamson-sophia-hopkey,15 To Mrs Williamson Sophia Hopkey,jw-letters,True
jw-letter-1737-16-to-dr-humphreys-secretary-to-the-spg,jw/letters/1737/16-to-dr-humphreys-secretary-to-the-spg,16 To Dr Humphreys Secretary To The Spg,jw-letters,True
jw-letter-1737-17-to-mrs-williamson,jw/letters/1737/17-to-mrs-williamson,17 To Mrs Williamson,jw-letters,True
jw-letter-1737-18-to-the-magistrates-of-the-town-of-savannah,jw/letters/1737/18-to-the-magistrates-of-the-town-of-savannah,18 To The Magistrates Of The Town Of Savannah,jw-letters,True
jw-letter-1738-01-to-lady-cox,jw/letters/1738/01-to-lady-cox,01 To Lady Cox,jw-letters,True
jw-letter-1738-02-to-james-hutton,jw/letters/1738/02-to-james-hutton,02 To James Hutton,jw-letters,True
jw-letter-1738-03-to-his-brother-charles,jw/letters/1738/03-to-his-brother-charles,03 To His Brother Charles,jw-letters,True
jw-letter-1738-04-to-james-hutton,jw/letters/1738/04-to-james-hutton,04 To James Hutton,jw-letters,True
jw-letter-1738-05-to-william-law,jw/letters/1738/05-to-william-law,05 To William Law,jw-letters,True
jw-letter-1738-06-to-william-law,jw/letters/1738/06-to-william-law,06 To William Law,jw-letters,True
jw-letter-1738-07-to-his-mother,jw/letters/1738/07-to-his-mother,07 To His Mother,jw-letters,True
jw-letter-1738-08-to-his-brother-charles,jw/letters/1738/08-to-his-brother-charles,08 To His Brother Charles,jw-letters,True
jw-letter-1738-09-to-his-mother,jw/letters/1738/09-to-his-mother,09 To His Mother,jw-letters,True
jw-letter-1738-10-to-his-mother,jw/letters/1738/10-to-his-mother,10 To His Mother,jw-letters,True
jw-letter-1738-11-to-his-brother-charles,jw/letters/1738/11-to-his-brother-charles,11 To His Brother Charles,jw-letters,True
jw-letter-1738-12-to-his-brother-samuel,jw/letters/1738/12-to-his-brother-samuel,12 To His Brother Samuel,jw-letters,True
jw-letter-1738-13-to-his-brother-charles,jw/letters/1738/13-to-his-brother-charles,13 To His Brother Charles,jw-letters,True
jw-letter-1738-14-to-the-rev-mr-charles-wesley,jw/letters/1738/14-to-the-rev-mr-charles-wesley,14 To The Rev Mr Charles Wesley,jw-letters,True
jw-letter-1738-15-to-james-hutton,jw/letters/1738/15-to-james-hutton,15 To James Hutton,jw-letters,True
jw-letter-1738-16-to-arthur-bedford,jw/letters/1738/16-to-arthur-bedford,16 To Arthur Bedford,jw-letters,True
jw-letter-1738-17-to-the-moravians-at-marienborn-and-herrnhut,jw/letters/1738/17-to-the-moravians-at-marienborn-and-herrnhut,17 To The Moravians At Marienborn And Herrnhut,jw-letters,True
jw-letter-1738-18-to-benjamin-ingham,jw/letters/1738/18-to-benjamin-ingham,18 To Benjamin Ingham,jw-letters,True
jw-letter-1738-19-to-the-church-at-herrnhut,jw/letters/1738/19-to-the-church-at-herrnhut,19 To The Church At Herrnhut,jw-letters,True
jw-letter-1738-20-to-dr-koker,jw/letters/1738/20-to-dr-koker,20 To Dr Koker,jw-letters,True
jw-letter-1738-21-to-his-brother-samuel,jw/letters/1738/21-to-his-brother-samuel,21 To His Brother Samuel,jw-letters,True
jw-letter-1738-22-to-connt-zinzendorf,jw/letters/1738/22-to-connt-zinzendorf,22 To Connt Zinzendorf,jw-letters,True
jw-letter-1738-23-to-benjamin-ingram-and-james-hutton,jw/letters/1738/23-to-benjamin-ingram-and-james-hutton,23 To Benjamin Ingram And James Hutton,jw-letters,True
jw-letter-1738-24-to-dr-koker,jw/letters/1738/24-to-dr-koker,24 To Dr Koker,jw-letters,True
jw-letter-1738-25-to-isaac-lelong,jw/letters/1738/25-to-isaac-lelong,25 To Isaac Lelong,jw-letters,True
jw-letter-1738-26-to-richard-viney,jw/letters/1738/26-to-richard-viney,26 To Richard Viney,jw-letters,True
jw-letter-1738-27-to-mr-fox,jw/letters/1738/27-to-mr-fox,27 To Mr Fox,jw-letters,True
jw-letter-1738-28-to-james-hutton,jw/letters/1738/28-to-james-hutton,28 To James Hutton,jw-letters,True
jw-letter-1738-29-to-james-hutton,jw/letters/1738/29-to-james-hutton,29 To James Hutton,jw-letters,True
jw-letter-1738-30-to-james-hutton,jw/letters/1738/30-to-james-hutton,30 To James Hutton,jw-letters,True
jw-letter-1738-31-to-his-brother-samuel,jw/letters/1738/31-to-his-brother-samuel,31 To His Brother Samuel,jw-letters,True
jw-letter-1738-32-to-james-hutton,jw/letters/1738/32-to-james-hutton,32 To James Hutton,jw-letters,True
jw-letter-1739-01-to-his-brother-samuel,jw/letters/1739/01-to-his-brother-samuel,01 To His Brother Samuel,jw-letters,True
jw-letter-1739-02-to-george-whitefield,jw/letters/1739/02-to-george-whitefield,02 To George Whitefield,jw-letters,True
jw-letter-1739-03-to-george-whitefield,jw/letters/1739/03-to-george-whitefield,03 To George Whitefield,jw-letters,True
jw-letter-1739-04-to-james-hervey,jw/letters/1739/04-to-james-hervey,04 To James Hervey,jw-letters,True
jw-letter-1739-05-to-george-whitefield,jw/letters/1739/05-to-george-whitefield,05 To George Whitefield,jw-letters,True
jw-letter-1739-06-to-james-hutton,jw/letters/1739/06-to-james-hutton,06 To James Hutton,jw-letters,True
jw-letter-1739-07-to-his-brother-samuel,jw/letters/1739/07-to-his-brother-samuel,07 To His Brother Samuel,jw-letters,True
jw-letter-1739-08-to-his-brother-charles,jw/letters/1739/08-to-his-brother-charles,08 To His Brother Charles,jw-letters,True
jw-letter-1739-09-to-john-edmonds,jw/letters/1739/09-to-john-edmonds,09 To John Edmonds,jw-letters,True
jw-letter-1739-10-to-james-hutton,jw/letters/1739/10-to-james-hutton,10 To James Hutton,jw-letters,True
jw-letter-1739-11-to-james-hutton,jw/letters/1739/11-to-james-hutton,11 To James Hutton,jw-letters,True
jw-letter-1739-12-to-james-hutton,jw/letters/1739/12-to-james-hutton,12 To James Hutton,jw-letters,True
jw-letter-1739-13-to-james-hutton,jw/letters/1739/13-to-james-hutton,13 To James Hutton,jw-letters,True
jw-letter-1739-14-to-james-hutton,jw/letters/1739/14-to-james-hutton,14 To James Hutton,jw-letters,True
jw-letter-1739-15-to-james-hutton,jw/letters/1739/15-to-james-hutton,15 To James Hutton,jw-letters,True
jw-letter-1739-16-to-james-hutton,jw/letters/1739/16-to-james-hutton,16 To James Hutton,jw-letters,True
jw-letter-1739-17-to-his-brother-samuel,jw/letters/1739/17-to-his-brother-samuel,17 To His Brother Samuel,jw-letters,True
jw-letter-1739-18-to-james-hutton,jw/letters/1739/18-to-james-hutton,18 To James Hutton,jw-letters,True
jw-letter-1739-19-to-james-hutton,jw/letters/1739/19-to-james-hutton,19 To James Hutton,jw-letters,True
jw-letter-1739-20-to-james-hutton,jw/letters/1739/20-to-james-hutton,20 To James Hutton,jw-letters,True
jw-letter-1739-21-to-james-hutton,jw/letters/1739/21-to-james-hutton,21 To James Hutton,jw-letters,True
jw-letter-1739-22-to-his-brother-charles,jw/letters/1739/22-to-his-brother-charles,22 To His Brother Charles,jw-letters,True
jw-letter-1739-23-to-james-hutton,jw/letters/1739/23-to-james-hutton,23 To James Hutton,jw-letters,True
jw-letter-1739-24-to-dr-stebbing,jw/letters/1739/24-to-dr-stebbing,24 To Dr Stebbing,jw-letters,True
jw-letter-1739-25-to-james-hutton,jw/letters/1739/25-to-james-hutton,25 To James Hutton,jw-letters,True
jw-letter-1739-26-to-james-hervey,jw/letters/1739/26-to-james-hervey,26 To James Hervey,jw-letters,True
jw-letter-1739-27-to-james-hutton,jw/letters/1739/27-to-james-hutton,27 To James Hutton,jw-letters,True
jw-letter-1739-28-to-ebenezer-blackwell,jw/letters/1739/28-to-ebenezer-blackwell,28 To Ebenezer Blackwell,jw-letters,True
jw-letter-1739-29-to-mr-blackwell-at-mr-martins,jw/letters/1739/29-to-mr-blackwell-at-mr-martins,29 To Mr Blackwell At Mr Martins,jw-letters,True
jw-letter-1739-30-to-james-hutton,jw/letters/1739/30-to-james-hutton,30 To James Hutton,jw-letters,True
jw-letter-1739-31-to-his-brother-charles,jw/letters/1739/31-to-his-brother-charles,31 To His Brother Charles,jw-letters,True
jw-letter-1739-32-to-nathanael-price,jw/letters/1739/32-to-nathanael-price,32 To Nathanael Price,jw-letters,True
jw-letter-1740-01-to-james-huton,jw/letters/1740/01-to-james-huton,01 To James Huton,jw-letters,True
jw-letter-1740-02-to-james-hutton,jw/letters/1740/02-to-james-hutton,02 To James Hutton,jw-letters,True
jw-letter-1740-03-to-philip-henry-molther,jw/letters/1740/03-to-philip-henry-molther,03 To Philip Henry Molther,jw-letters,True
jw-letter-1740-04-to-howell-harris,jw/letters/1740/04-to-howell-harris,04 To Howell Harris,jw-letters,True
jw-letter-1740-05-to-the-church-at-herrnhut,jw/letters/1740/05-to-the-church-at-herrnhut,05 To The Church At Herrnhut,jw-letters,True
jw-letter-1740-06-to-george-whitefield,jw/letters/1740/06-to-george-whitefield,06 To George Whitefield,jw-letters,True
jw-letter-1741-01-to-his-brother-charles,jw/letters/1741/01-to-his-brother-charles,01 To His Brother Charles,jw-letters,True
jw-letter-1741-02-to-joseph-humphreys,jw/letters/1741/02-to-joseph-humphreys,02 To Joseph Humphreys,jw-letters,True
jw-letter-1741-03-to-george-whitefield,jw/letters/1741/03-to-george-whitefield,03 To George Whitefield,jw-letters,True
jw-letter-1741-04-to-dr-butler-bishop-of-bristol,jw/letters/1741/04-to-dr-butler-bishop-of-bristol,04 To Dr Butler Bishop Of Bristol,jw-letters,True
jw-letter-1741-05-to-his-brother-charles,jw/letters/1741/05-to-his-brother-charles,05 To His Brother Charles,jw-letters,True
jw-letter-1741-06-to-james-hutton,jw/letters/1741/06-to-james-hutton,06 To James Hutton,jw-letters,True
jw-letter-1741-07-to-mr-james-hutton-bookseller-in-little,jw/letters/1741/07-to-mr-james-hutton-bookseller-in-little,07 To Mr James Hutton Bookseller In Little,jw-letters,True
jw-letter-1742-01-to-his-brother-charles,jw/letters/1742/01-to-his-brother-charles,01 To His Brother Charles,jw-letters,True
jw-letter-1742-02-to-his-brother-charles,jw/letters/1742/02-to-his-brother-charles,02 To His Brother Charles,jw-letters,True
jw-letter-1742-03-to-captain-robert-williams,jw/letters/1742/03-to-captain-robert-williams,03 To Captain Robert Williams,jw-letters,True
jw-letter-1742-04-to-howell-harris,jw/letters/1742/04-to-howell-harris,04 To Howell Harris,jw-letters,True
jw-letter-1742-05-to-captain-robert-williams,jw/letters/1742/05-to-captain-robert-williams,05 To Captain Robert Williams,jw-letters,True
jw-letter-1742-06-to-mrs-hall-martha-wesley,jw/letters/1742/06-to-mrs-hall-martha-wesley,06 To Mrs Hall Martha Wesley,jw-letters,True
jw-letter-1743-01-to-mrs-harper-emilia-wesley,jw/letters/1743/01-to-mrs-harper-emilia-wesley,01 To Mrs Harper Emilia Wesley,jw-letters,True
jw-letter-1743-02-to-the-mayor-of-newcastle-upon-tyne,jw/letters/1743/02-to-the-mayor-of-newcastle-upon-tyne,02 To The Mayor Of Newcastle Upon Tyne,jw-letters,True
jw-letter-1743-03-to-westley-hall,jw/letters/1743/03-to-westley-hall,03 To Westley Hall,jw-letters,True
jw-letter-1744-01-to-king-george-ii,jw/letters/1744/01-to-king-george-ii,01 To King George Ii,jw-letters,True
jw-letter-1744-02-to-john-haime,jw/letters/1744/02-to-john-haime,02 To John Haime,jw-letters,True
jw-letter-1744-03-to-john-nelson,jw/letters/1744/03-to-john-nelson,03 To John Nelson,jw-letters,True
jw-letter-1744-04-to-the-moravian-church,jw/letters/1744/04-to-the-moravian-church,04 To The Moravian Church,jw-letters,True
jw-letter-1744-05-to-john-bennet,jw/letters/1744/05-to-john-bennet,05 To John Bennet,jw-letters,True
jw-letter-1744-06-to-mrs-hutton,jw/letters/1744/06-to-mrs-hutton,06 To Mrs Hutton,jw-letters,True
jw-letter-1744-07-to-the-countess-of-huntingdon,jw/letters/1744/07-to-the-countess-of-huntingdon,07 To The Countess Of Huntingdon,jw-letters,True
jw-letter-1744-08-to-thomas-church,jw/letters/1744/08-to-thomas-church,08 To Thomas Church,jw-letters,True
jw-letter-1745-01-to-thomas-church,jw/letters/1745/01-to-thomas-church,01 To Thomas Church,jw-letters,True
jw-letter-1745-02-to-robert-dodsley-the-publisher,jw/letters/1745/02-to-robert-dodsley-the-publisher,02 To Robert Dodsley The Publisher,jw-letters,True
jw-letter-1745-03-to-robert-young,jw/letters/1745/03-to-robert-young,03 To Robert Young,jw-letters,True
jw-letter-1745-04-to-lord-grange-james-erskine,jw/letters/1745/04-to-lord-grange-james-erskine,04 To Lord Grange James Erskine,jw-letters,True
jw-letter-1745-05-to-john-stephenson,jw/letters/1745/05-to-john-stephenson,05 To John Stephenson,jw-letters,True
jw-letter-1745-06-to-his-brother-charles,jw/letters/1745/06-to-his-brother-charles,06 To His Brother Charles,jw-letters,True
jw-letter-1745-07-to-mrs-jones-of-fonmon-castle,jw/letters/1745/07-to-mrs-jones-of-fonmon-castle,07 To Mrs Jones Of Fonmon Castle,jw-letters,True
jw-letter-1745-08-to-the-author-of-the-craftsman,jw/letters/1745/08-to-the-author-of-the-craftsman,08 To The Author Of The Craftsman,jw-letters,True
jw-letter-1745-09-to-count-zinzendorf-and-the-moravian-brethren,jw/letters/1745/09-to-count-zinzendorf-and-the-moravian-brethren,09 To Count Zinzendorf And The Moravian Brethren,jw-letters,True
jw-letter-1745-10-to-the-mayor-of-newcastle-upon-tyne,jw/letters/1745/10-to-the-mayor-of-newcastle-upon-tyne,10 To The Mayor Of Newcastle Upon Tyne,jw-letters,True
jw-letter-1745-11-to-his-brother-charles,jw/letters/1745/11-to-his-brother-charles,11 To His Brother Charles,jw-letters,True
jw-letter-1745-12-to-general-husk,jw/letters/1745/12-to-general-husk,12 To General Husk,jw-letters,True
jw-letter-1745-13-to-the-mayor-of-newcastle-upon-tyne,jw/letters/1745/13-to-the-mayor-of-newcastle-upon-tyne,13 To The Mayor Of Newcastle Upon Tyne,jw-letters,True
jw-letter-1745-14-to-the-moravian-synod,jw/letters/1745/14-to-the-moravian-synod,14 To The Moravian Synod,jw-letters,True
jw-letter-1745-15-to-westley-hall,jw/letters/1745/15-to-westley-hall,15 To Westley Hall,jw-letters,True
jw-letter-1746-01-to-mrs-hutton,jw/letters/1746/01-to-mrs-hutton,01 To Mrs Hutton,jw-letters,True
jw-letter-1746-02-to-thomas-church,jw/letters/1746/02-to-thomas-church,02 To Thomas Church,jw-letters,True
jw-letter-1746-03-to-the-editor-of-the-london-magazine,jw/letters/1746/03-to-the-editor-of-the-london-magazine,03 To The Editor Of The London Magazine,jw-letters,True
jw-letter-1746-04-to-mrshutton,jw/letters/1746/04-to-mrshutton,04 To Mrshutton,jw-letters,True
jw-letter-1746-05-to-mrs-jones-of-fonmon-castle,jw/letters/1746/05-to-mrs-jones-of-fonmon-castle,05 To Mrs Jones Of Fonmon Castle,jw-letters,True
jw-letter-1746-06-to-benjamin-ingham,jw/letters/1746/06-to-benjamin-ingham,06 To Benjamin Ingham,jw-letters,True
jw-letter-1746-07-to-joseph-cownley,jw/letters/1746/07-to-joseph-cownley,07 To Joseph Cownley,jw-letters,True
jw-letter-1746-08-to-john-bennet,jw/letters/1746/08-to-john-bennet,08 To John Bennet,jw-letters,True
jw-letter-1747-01-to-ebenezer-blackwell,jw/letters/1747/01-to-ebenezer-blackwell,01 To Ebenezer Blackwell,jw-letters,True
jw-letter-1747-02-to-howell-harris,jw/letters/1747/02-to-howell-harris,02 To Howell Harris,jw-letters,True
jw-letter-1747-03-to-mr-howell-harris-at-trevecca-near-hay-brecknock,jw/letters/1747/03-to-mr-howell-harris-at-trevecca-near-hay-brecknock,03 To Mr Howell Harris At Trevecca Near Hay Brecknock,jw-letters,True
jw-letter-1747-04-to-ebenezer-blackwell,jw/letters/1747/04-to-ebenezer-blackwell,04 To Ebenezer Blackwell,jw-letters,True
jw-letter-1747-05-to-dr-gibson-bishop-of-london,jw/letters/1747/05-to-dr-gibson-bishop-of-london,05 To Dr Gibson Bishop Of London,jw-letters,True
jw-letter-1747-06-to-the-clergyman-at-tredinny,jw/letters/1747/06-to-the-clergyman-at-tredinny,06 To The Clergyman At Tredinny,jw-letters,True
jw-letter-1747-07-to-ebenezer-blackwell,jw/letters/1747/07-to-ebenezer-blackwell,07 To Ebenezer Blackwell,jw-letters,True
jw-letter-1747-08-to-his-brother-charles,jw/letters/1747/08-to-his-brother-charles,08 To His Brother Charles,jw-letters,True
jw-letter-1747-09-to-ebenezer-blackwell,jw/letters/1747/09-to-ebenezer-blackwell,09 To Ebenezer Blackwell,jw-letters,True
jw-letter-1747-10-to-westley-hall,jw/letters/1747/10-to-westley-hall,10 To Westley Hall,jw-letters,True
jw-letter-1748-01-to-ebenezer-blackwell,jw/letters/1748/01-to-ebenezer-blackwell,01 To Ebenezer Blackwell,jw-letters,True
jw-letter-1748-02-to-william-holland,jw/letters/1748/02-to-william-holland,02 To William Holland,jw-letters,True
jw-letter-1748-03-to-thomas-whitehead,jw/letters/1748/03-to-thomas-whitehead,03 To Thomas Whitehead,jw-letters,True
jw-letter-1748-04-to-mrs-jones-of-fonmon-castle,jw/letters/1748/04-to-mrs-jones-of-fonmon-castle,04 To Mrs Jones Of Fonmon Castle,jw-letters,True
jw-letter-1748-05-to-howell-harris,jw/letters/1748/05-to-howell-harris,05 To Howell Harris,jw-letters,True
jw-letter-1748-06-to-john-cennick,jw/letters/1748/06-to-john-cennick,06 To John Cennick,jw-letters,True
jw-letter-1748-07-to-john-cennick,jw/letters/1748/07-to-john-cennick,07 To John Cennick,jw-letters,True
jw-letter-1748-08-to-ebenezer-blackwell,jw/letters/1748/08-to-ebenezer-blackwell,08 To Ebenezer Blackwell,jw-letters,True
jw-letter-1748-09-to-william-holland,jw/letters/1748/09-to-william-holland,09 To William Holland,jw-letters,True
jw-letter-1748-10-to-william-holland,jw/letters/1748/10-to-william-holland,10 To William Holland,jw-letters,True
jw-letter-1748-11-to-john-cennick,jw/letters/1748/11-to-john-cennick,11 To John Cennick,jw-letters,True
jw-letter-1748-12-to-john-toltschig,jw/letters/1748/12-to-john-toltschig,12 To John Toltschig,jw-letters,True
jw-letter-1748-13-to-john-toltschig,jw/letters/1748/13-to-john-toltschig,13 To John Toltschig,jw-letters,True
jw-letter-1748-14-to-his-brother-charles,jw/letters/1748/14-to-his-brother-charles,14 To His Brother Charles,jw-letters,True
jw-letter-1748-15-to-william-mondet,jw/letters/1748/15-to-william-mondet,15 To William Mondet,jw-letters,True
jw-letter-1748-16-to-john-toltschig,jw/letters/1748/16-to-john-toltschig,16 To John Toltschig,jw-letters,True
jw-letter-1748-17-to-ebenezer-blackwell,jw/letters/1748/17-to-ebenezer-blackwell,17 To Ebenezer Blackwell,jw-letters,True
jw-letter-1748-18-to-william-holland,jw/letters/1748/18-to-william-holland,18 To William Holland,jw-letters,True
jw-letter-1748-19-to-william-horne,jw/letters/1748/19-to-william-horne,19 To William Horne,jw-letters,True
jw-letter-1748-20-to-william-horne,jw/letters/1748/20-to-william-horne,20 To William Horne,jw-letters,True
jw-letter-1748-21-to-william-mondet,jw/letters/1748/21-to-william-mondet,21 To William Mondet,jw-letters,True
jw-letter-1748-22-to-john-cennick,jw/letters/1748/22-to-john-cennick,22 To John Cennick,jw-letters,True
jw-letter-1748-23-to-john-haime,jw/letters/1748/23-to-john-haime,23 To John Haime,jw-letters,True
jw-letter-1748-24-to-ebenezer-blackwell,jw/letters/1748/24-to-ebenezer-blackwell,24 To Ebenezer Blackwell,jw-letters,True
jw-letter-1748-25-to-james-hargrave-the-constable-at-barrowford,jw/letters/1748/25-to-james-hargrave-the-constable-at-barrowford,25 To James Hargrave The Constable At Barrowford,jw-letters,True
jw-letter-1748-26-to-william-grimshaw,jw/letters/1748/26-to-william-grimshaw,26 To William Grimshaw,jw-letters,True
jw-letter-1748-27-to-john-bennet,jw/letters/1748/27-to-john-bennet,27 To John Bennet,jw-letters,True
jw-letter-1748-28-to-john-bennet,jw/letters/1748/28-to-john-bennet,28 To John Bennet,jw-letters,True
jw-letter-1748-29-to-mrs-jones-of-fonmon-castle,jw/letters/1748/29-to-mrs-jones-of-fonmon-castle,29 To Mrs Jones Of Fonmon Castle,jw-letters,True
jw-letter-1748-30-to-vincent-perronet,jw/letters/1748/30-to-vincent-perronet,30 To Vincent Perronet,jw-letters,True
jw-letter-1749-01-to-dr-conyers-middleton,jw/letters/1749/01-to-dr-conyers-middleton,01 To Dr Conyers Middleton,jw-letters,True
jw-letter-1749-02-to-john-bennet,jw/letters/1749/02-to-john-bennet,02 To John Bennet,jw-letters,True
jw-letter-1749-03-to-james-edmundson,jw/letters/1749/03-to-james-edmundson,03 To James Edmundson,jw-letters,True
jw-letter-1750-01-to-john-bennet,jw/letters/1750/01-to-john-bennet,01 To John Bennet,jw-letters,True
jw-letter-1750-02-to-dr-lavington-bishop-of-exeter,jw/letters/1750/02-to-dr-lavington-bishop-of-exeter,02 To Dr Lavington Bishop Of Exeter,jw-letters,True
jw-letter-1750-03-to-christopher-hopper,jw/letters/1750/03-to-christopher-hopper,03 To Christopher Hopper,jw-letters,True
jw-letter-1750-04-to-john-bennet,jw/letters/1750/04-to-john-bennet,04 To John Bennet,jw-letters,True
jw-letter-1750-05-to-mrs-bennet,jw/letters/1750/05-to-mrs-bennet,05 To Mrs Bennet,jw-letters,True
jw-letter-1750-06-to-james-brewster,jw/letters/1750/06-to-james-brewster,06 To James Brewster,jw-letters,True
jw-letter-1750-07-to-the-sheffield-society,jw/letters/1750/07-to-the-sheffield-society,07 To The Sheffield Society,jw-letters,True
jw-letter-1750-08-to-joseph-cownley,jw/letters/1750/08-to-joseph-cownley,08 To Joseph Cownley,jw-letters,True
jw-letter-1750-09-to-gilbert-boyce,jw/letters/1750/09-to-gilbert-boyce,09 To Gilbert Boyce,jw-letters,True
jw-letter-1750-10-to-edward-perronet,jw/letters/1750/10-to-edward-perronet,10 To Edward Perronet,jw-letters,True
jw-letter-1750-11-to-john-baily,jw/letters/1750/11-to-john-baily,11 To John Baily,jw-letters,True
jw-letter-1750-12-to-thomas-walsh,jw/letters/1750/12-to-thomas-walsh,12 To Thomas Walsh,jw-letters,True
jw-letter-1750-13-to-joshua-strangman,jw/letters/1750/13-to-joshua-strangman,13 To Joshua Strangman,jw-letters,True
jw-letter-1750-14-to-john-bennet,jw/letters/1750/14-to-john-bennet,14 To John Bennet,jw-letters,True
jw-letter-1750-15-to-mrs-gallatin,jw/letters/1750/15-to-mrs-gallatin,15 To Mrs Gallatin,jw-letters,True
jw-letter-1750-16-to-ebenezer-blackwell,jw/letters/1750/16-to-ebenezer-blackwell,16 To Ebenezer Blackwell,jw-letters,True
jw-letter-1750-17-to-mrs-madan,jw/letters/1750/17-to-mrs-madan,17 To Mrs Madan,jw-letters,True
jw-letter-1750-18-to-dr-lavington-bishop-of-exeter,jw/letters/1750/18-to-dr-lavington-bishop-of-exeter,18 To Dr Lavington Bishop Of Exeter,jw-letters,True
jw-letter-1750-19-to-george-james-stonehouse,jw/letters/1750/19-to-george-james-stonehouse,19 To George James Stonehouse,jw-letters,True
jw-letter-1751-01-to-ebenezer-blackwell,jw/letters/1751/01-to-ebenezer-blackwell,01 To Ebenezer Blackwell,jw-letters,True
jw-letter-1751-02-to-eliz-brooks-expecting-daily-to-have,jw/letters/1751/02-to-eliz-brooks-expecting-daily-to-have,02 To Eliz Brooks Expecting Daily To Have,jw-letters,True
jw-letter-1751-03-to-eliz-room-a-poor-widow-for-rent-0-5-0-toward-cl,jw/letters/1751/03-to-eliz-room-a-poor-widow-for-rent-0-5-0-toward-cl,03 To Eliz Room A Poor Widow For Rent 0 5 0 Toward Cl,jw-letters,True
jw-letter-1751-04-to-john-edger-a-poor-weaver-out-of-work-0-5-0-to-l,jw/letters/1751/04-to-john-edger-a-poor-weaver-out-of-work-0-5-0-to-l,04 To John Edger A Poor Weaver Out Of Work 0 5 0 To L,jw-letters,True
jw-letter-1751-05-to-ebenezer-blackwell,jw/letters/1751/05-to-ebenezer-blackwell,05 To Ebenezer Blackwell,jw-letters,True
jw-letter-1751-06-to-john-bennet,jw/letters/1751/06-to-john-bennet,06 To John Bennet,jw-letters,True
jw-letter-1751-07-to-his-wife,jw/letters/1751/07-to-his-wife,07 To His Wife,jw-letters,True
jw-letter-1751-08-to-his-wife,jw/letters/1751/08-to-his-wife,08 To His Wife,jw-letters,True
jw-letter-1751-09-to-the-revd-mr-john-wesley-this-line-was-not-in-we,jw/letters/1751/09-to-the-revd-mr-john-wesley-this-line-was-not-in-we,09 To The Revd Mr John Wesley This Line Was Not In We,jw-letters,False
jw-letter-1751-10-to-ebenezer-blackwell,jw/letters/1751/10-to-ebenezer-blackwell,10 To Ebenezer Blackwell,jw-letters,True
jw-letter-1751-11-to-ebenezer-blackwell,jw/letters/1751/11-to-ebenezer-blackwell,11 To Ebenezer Blackwell,jw-letters,True
jw-letter-1751-12-to-his-wife,jw/letters/1751/12-to-his-wife,12 To His Wife,jw-letters,True
jw-letter-1751-13-to-the-rector-and-fellows-of-lincoln-college,jw/letters/1751/13-to-the-rector-and-fellows-of-lincoln-college,13 To The Rector And Fellows Of Lincoln College,jw-letters,False
jw-letter-1751-14-to-james-wheatley,jw/letters/1751/14-to-james-wheatley,14 To James Wheatley,jw-letters,True
jw-letter-1751-15-to-ebenezer-blackwell,jw/letters/1751/15-to-ebenezer-blackwell,15 To Ebenezer Blackwell,jw-letters,True
jw-letter-1751-16-to-richard-bailey-vicar-of-wrangle,jw/letters/1751/16-to-richard-bailey-vicar-of-wrangle,16 To Richard Bailey Vicar Of Wrangle,jw-letters,True
jw-letter-1751-17-to-john-downes,jw/letters/1751/17-to-john-downes,17 To John Downes,jw-letters,True
jw-letter-1751-18-to-john-dowries,jw/letters/1751/18-to-john-dowries,18 To John Dowries,jw-letters,True
jw-letter-1751-19-to-john-bennet,jw/letters/1751/19-to-john-bennet,19 To John Bennet,jw-letters,True
jw-letter-1751-20-to-his-brother-charles,jw/letters/1751/20-to-his-brother-charles,20 To His Brother Charles,jw-letters,True
jw-letter-1751-21-to-john-downes,jw/letters/1751/21-to-john-downes,21 To John Downes,jw-letters,True
jw-letter-1751-22-to-ebenezer-blackwell,jw/letters/1751/22-to-ebenezer-blackwell,22 To Ebenezer Blackwell,jw-letters,True
jw-letter-1751-23-to-john-downes,jw/letters/1751/23-to-john-downes,23 To John Downes,jw-letters,True
jw-letter-1751-24-to-dr-lavington-bishop-of-exeter,jw/letters/1751/24-to-dr-lavington-bishop-of-exeter,24 To Dr Lavington Bishop Of Exeter,jw-letters,True
jw-letter-1752-01-to-the-society-at-monyash-derbyshire,jw/letters/1752/01-to-the-society-at-monyash-derbyshire,01 To The Society At Monyash Derbyshire,jw-letters,True
jw-letter-1752-02-to-ebenezer-blackwell,jw/letters/1752/02-to-ebenezer-blackwell,02 To Ebenezer Blackwell,jw-letters,True
jw-letter-1752-03-to-dr-lavington-bishop-of-exeter,jw/letters/1752/03-to-dr-lavington-bishop-of-exeter,03 To Dr Lavington Bishop Of Exeter,jw-letters,True
jw-letter-1752-04-to-his-wife,jw/letters/1752/04-to-his-wife,04 To His Wife,jw-letters,True
jw-letter-1752-05-to-ebenezer-blackwell,jw/letters/1752/05-to-ebenezer-blackwell,05 To Ebenezer Blackwell,jw-letters,True
jw-letter-1752-06-to-john-topping,jw/letters/1752/06-to-john-topping,06 To John Topping,jw-letters,True
jw-letter-1752-07-to-ebenezer-blackwell,jw/letters/1752/07-to-ebenezer-blackwell,07 To Ebenezer Blackwell,jw-letters,True
jw-letter-1752-08-to-his-brother-charles,jw/letters/1752/08-to-his-brother-charles,08 To His Brother Charles,jw-letters,True
jw-letter-1753-01-to-jonathan-pritchard,jw/letters/1753/01-to-jonathan-pritchard,01 To Jonathan Pritchard,jw-letters,True
jw-letter-1753-02-to-thomas-capiter,jw/letters/1753/02-to-thomas-capiter,02 To Thomas Capiter,jw-letters,True
jw-letter-1753-03-to-jonathan-maskew,jw/letters/1753/03-to-jonathan-maskew,03 To Jonathan Maskew,jw-letters,True
jw-letter-1753-04-to-ebenezer-blackwall,jw/letters/1753/04-to-ebenezer-blackwall,04 To Ebenezer Blackwall,jw-letters,True
jw-letter-1753-05-to-ebenezer-blackwell,jw/letters/1753/05-to-ebenezer-blackwell,05 To Ebenezer Blackwell,jw-letters,True
jw-letter-1753-06-to-george-whitefield,jw/letters/1753/06-to-george-whitefield,06 To George Whitefield,jw-letters,True
jw-letter-1753-07-to-ebenezer-blackwell,jw/letters/1753/07-to-ebenezer-blackwell,07 To Ebenezer Blackwell,jw-letters,True
jw-letter-1753-08-to-dr-robertson,jw/letters/1753/08-to-dr-robertson,08 To Dr Robertson,jw-letters,True
jw-letter-1753-09-to-mr-----,jw/letters/1753/09-to-mr-----,09 To Mr     ,jw-letters,True
jw-letter-1753-10-to-his-brother-charles,jw/letters/1753/10-to-his-brother-charles,10 To His Brother Charles,jw-letters,True
jw-letter-1753-11-to-his-brother-charles,jw/letters/1753/11-to-his-brother-charles,11 To His Brother Charles,jw-letters,True
jw-letter-1753-12-to-mr-gillespie,jw/letters/1753/12-to-mr-gillespie,12 To Mr Gillespie,jw-letters,True
jw-letter-1753-13-to-mr-gillespie-at-mr-seamans,jw/letters/1753/13-to-mr-gillespie-at-mr-seamans,13 To Mr Gillespie At Mr Seamans,jw-letters,True
jw-letter-1753-14-to-samuel-lloyd,jw/letters/1753/14-to-samuel-lloyd,14 To Samuel Lloyd,jw-letters,True
jw-letter-1753-15-to-mr---,jw/letters/1753/15-to-mr---,15 To Mr   ,jw-letters,True
jw-letter-1754-01-to-ebenezer-blackwell,jw/letters/1754/01-to-ebenezer-blackwell,01 To Ebenezer Blackwell,jw-letters,True
jw-letter-1754-02-to-samuel-furly,jw/letters/1754/02-to-samuel-furly,02 To Samuel Furly,jw-letters,True
jw-letter-1754-03-to-samuel-furly,jw/letters/1754/03-to-samuel-furly,03 To Samuel Furly,jw-letters,True
jw-letter-1754-04-to-ebenezer-blackwell,jw/letters/1754/04-to-ebenezer-blackwell,04 To Ebenezer Blackwell,jw-letters,True
jw-letter-1754-05-to-sir-james-lowther,jw/letters/1754/05-to-sir-james-lowther,05 To Sir James Lowther,jw-letters,True
jw-letter-1754-06-to-samuel-furly,jw/letters/1754/06-to-samuel-furly,06 To Samuel Furly,jw-letters,True
jw-letter-1755-01-to-james-hutton,jw/letters/1755/01-to-james-hutton,01 To James Hutton,jw-letters,True
jw-letter-1755-02-to-samuel-furly,jw/letters/1755/02-to-samuel-furly,02 To Samuel Furly,jw-letters,True
jw-letter-1755-03-to-samuel-lloyd,jw/letters/1755/03-to-samuel-lloyd,03 To Samuel Lloyd,jw-letters,True
jw-letter-1755-04-to-ebenezer-blackwell,jw/letters/1755/04-to-ebenezer-blackwell,04 To Ebenezer Blackwell,jw-letters,True
jw-letter-1755-05-to-ebenezer-blackwell,jw/letters/1755/05-to-ebenezer-blackwell,05 To Ebenezer Blackwell,jw-letters,True
jw-letter-1755-06-to-mrs-hall,jw/letters/1755/06-to-mrs-hall,06 To Mrs Hall,jw-letters,True
jw-letter-1755-07-to-samuel-furly,jw/letters/1755/07-to-samuel-furly,07 To Samuel Furly,jw-letters,True
jw-letter-1755-08-to-his-brother-charles,jw/letters/1755/08-to-his-brother-charles,08 To His Brother Charles,jw-letters,True
jw-letter-1755-09-to-his-brother-charles,jw/letters/1755/09-to-his-brother-charles,09 To His Brother Charles,jw-letters,True
jw-letter-1755-10-to-dr-sherlock-bishop-of-london,jw/letters/1755/10-to-dr-sherlock-bishop-of-london,10 To Dr Sherlock Bishop Of London,jw-letters,True
jw-letter-1755-11-to-his-brother-charles,jw/letters/1755/11-to-his-brother-charles,11 To His Brother Charles,jw-letters,True
jw-letter-1755-12-to-richard-tompson,jw/letters/1755/12-to-richard-tompson,12 To Richard Tompson,jw-letters,True
jw-letter-1755-13-to-his-brother-charles,jw/letters/1755/13-to-his-brother-charles,13 To His Brother Charles,jw-letters,True
jw-letter-1755-14-to-richard-tompson,jw/letters/1755/14-to-richard-tompson,14 To Richard Tompson,jw-letters,True
jw-letter-1755-15-to-ebenezer-blackwell,jw/letters/1755/15-to-ebenezer-blackwell,15 To Ebenezer Blackwell,jw-letters,True
jw-letter-1755-16-to-ebenezer-blackwell,jw/letters/1755/16-to-ebenezer-blackwell,16 To Ebenezer Blackwell,jw-letters,True
jw-letter-1755-17-to-christopher-hopper,jw/letters/1755/17-to-christopher-hopper,17 To Christopher Hopper,jw-letters,True
jw-letter-1755-18-to-john-trembath,jw/letters/1755/18-to-john-trembath,18 To John Trembath,jw-letters,True
jw-letter-1755-19-to-samuel-walker,jw/letters/1755/19-to-samuel-walker,19 To Samuel Walker,jw-letters,True
jw-letter-1755-20-to-samuel-furly,jw/letters/1755/20-to-samuel-furly,20 To Samuel Furly,jw-letters,True
jw-letter-1755-21-to-paul-greenwood,jw/letters/1755/21-to-paul-greenwood,21 To Paul Greenwood,jw-letters,True
jw-letter-1755-22-to-christopher-hopper,jw/letters/1755/22-to-christopher-hopper,22 To Christopher Hopper,jw-letters,True
jw-letter-1755-23-to-henry-rimius,jw/letters/1755/23-to-henry-rimius,23 To Henry Rimius,jw-letters,True
jw-letter-1755-24-to-thomas-adam,jw/letters/1755/24-to-thomas-adam,24 To Thomas Adam,jw-letters,True
jw-letter-1755-25-to-samuel-walker,jw/letters/1755/25-to-samuel-walker,25 To Samuel Walker,jw-letters,True
jw-letter-1756a-01-to-william-law,jw/letters/1756a/01-to-william-law,A 01 To William Law,jw-letters,True
jw-letter-1756a-02-to-his-wife,jw/letters/1756a/02-to-his-wife,A 02 To His Wife,jw-letters,True
jw-letter-1756a-03-to-joseph-cownley,jw/letters/1756a/03-to-joseph-cownley,A 03 To Joseph Cownley,jw-letters,True
jw-letter-1756a-04-to-jonathan-pritchard,jw/letters/1756a/04-to-jonathan-pritchard,A 04 To Jonathan Pritchard,jw-letters,True
jw-letter-1756a-05-to-samuel-furly,jw/letters/1756a/05-to-samuel-furly,A 05 To Samuel Furly,jw-letters,True
jw-letter-1756a-06-to-william-dodd,jw/letters/1756a/06-to-william-dodd,A 06 To William Dodd,jw-letters,True
jw-letter-1756a-07-to-richard-tompson,jw/letters/1756a/07-to-richard-tompson,A 07 To Richard Tompson,jw-letters,True
jw-letter-1756a-08-to-samuel-furly,jw/letters/1756a/08-to-samuel-furly,A 08 To Samuel Furly,jw-letters,True
jw-letter-1756a-09-to-richard-tompson,jw/letters/1756a/09-to-richard-tompson,A 09 To Richard Tompson,jw-letters,True
jw-letter-1756a-10-to-samuel-furly,jw/letters/1756a/10-to-samuel-furly,A 10 To Samuel Furly,jw-letters,True
jw-letter-1756a-11-to-ebenezer-blackwell,jw/letters/1756a/11-to-ebenezer-blackwell,A 11 To Ebenezer Blackwell,jw-letters,True
jw-letter-1756a-12-to-james-west,jw/letters/1756a/12-to-james-west,A 12 To James West,jw-letters,True
jw-letter-1756a-13-to-ebenezer-blackwell,jw/letters/1756a/13-to-ebenezer-blackwell,A 13 To Ebenezer Blackwell,jw-letters,True
jw-letter-1756b-01-to-william-dodd,jw/letters/1756b/01-to-william-dodd,B 01 To William Dodd,jw-letters,True
jw-letter-1756b-02-to-samuel-furly,jw/letters/1756b/02-to-samuel-furly,B 02 To Samuel Furly,jw-letters,True
jw-letter-1756b-03-to-richard-tompson,jw/letters/1756b/03-to-richard-tompson,B 03 To Richard Tompson,jw-letters,True
jw-letter-1756b-04-to-samuel-furly,jw/letters/1756b/04-to-samuel-furly,B 04 To Samuel Furly,jw-letters,True
jw-letter-1756b-05-to-ebenezer-blackwell,jw/letters/1756b/05-to-ebenezer-blackwell,B 05 To Ebenezer Blackwell,jw-letters,True
jw-letter-1756b-06-to-his-wife,jw/letters/1756b/06-to-his-wife,B 06 To His Wife,jw-letters,True
jw-letter-1756b-07-to-mr-----,jw/letters/1756b/07-to-mr-----,B 07 To Mr     ,jw-letters,True
jw-letter-1756b-08-to-his-wife,jw/letters/1756b/08-to-his-wife,B 08 To His Wife,jw-letters,True
jw-letter-1756b-09-to-james-clark,jw/letters/1756b/09-to-james-clark,B 09 To James Clark,jw-letters,True
jw-letter-1756b-10-to-thomas-olivers,jw/letters/1756b/10-to-thomas-olivers,B 10 To Thomas Olivers,jw-letters,True
jw-letter-1756b-11-to-robert-marsden,jw/letters/1756b/11-to-robert-marsden,B 11 To Robert Marsden,jw-letters,True
jw-letter-1756b-12-to-mr-rob-marsden-at-mr-friths,jw/letters/1756b/12-to-mr-rob-marsden-at-mr-friths,B 12 To Mr Rob Marsden At Mr Friths,jw-letters,True
jw-letter-1756b-13-to-mr-----,jw/letters/1756b/13-to-mr-----,B 13 To Mr     ,jw-letters,True
jw-letter-1756b-14-to-nicholas-norton,jw/letters/1756b/14-to-nicholas-norton,B 14 To Nicholas Norton,jw-letters,True
jw-letter-1756b-15-to-samuel-walker,jw/letters/1756b/15-to-samuel-walker,B 15 To Samuel Walker,jw-letters,True
jw-letter-1756b-16-to-the-monthly-reviewers,jw/letters/1756b/16-to-the-monthly-reviewers,B 16 To The Monthly Reviewers,jw-letters,True
jw-letter-1756b-17-to-mrs-hall,jw/letters/1756b/17-to-mrs-hall,B 17 To Mrs Hall,jw-letters,True
jw-letter-1756b-18-to-james-clark,jw/letters/1756b/18-to-james-clark,B 18 To James Clark,jw-letters,True
jw-letter-1756b-19-to-the-monthly-reviewers,jw/letters/1756b/19-to-the-monthly-reviewers,B 19 To The Monthly Reviewers,jw-letters,True
jw-letter-1756b-20-to-james-hervey,jw/letters/1756b/20-to-james-hervey,B 20 To James Hervey,jw-letters,True
jw-letter-1756b-21-to-captain-richard-williams,jw/letters/1756b/21-to-captain-richard-williams,B 21 To Captain Richard Williams,jw-letters,True
jw-letter-1756b-22-to-samuel-furly,jw/letters/1756b/22-to-samuel-furly,B 22 To Samuel Furly,jw-letters,True
jw-letter-1756b-23-to-samuel-furly,jw/letters/1756b/23-to-samuel-furly,B 23 To Samuel Furly,jw-letters,True
jw-letter-1756b-24-to-samuel-furly,jw/letters/1756b/24-to-samuel-furly,B 24 To Samuel Furly,jw-letters,True
jw-letter-1756b-25-to-dorothy-furly,jw/letters/1756b/25-to-dorothy-furly,B 25 To Dorothy Furly,jw-letters,True
jw-letter-1757-01-to-matthew-errington,jw/letters/1757/01-to-matthew-errington,01 To Matthew Errington,jw-letters,True
jw-letter-1757-02-to-samuel-furly,jw/letters/1757/02-to-samuel-furly,02 To Samuel Furly,jw-letters,True
jw-letter-1757-03-to-thomas-olivers,jw/letters/1757/03-to-thomas-olivers,03 To Thomas Olivers,jw-letters,True
jw-letter-1757-04-to-his-wife,jw/letters/1757/04-to-his-wife,04 To His Wife,jw-letters,True
jw-letter-1757-05-to-dorothy-furly,jw/letters/1757/05-to-dorothy-furly,05 To Dorothy Furly,jw-letters,True
jw-letter-1757-06-to-ebezezer-blackwell,jw/letters/1757/06-to-ebezezer-blackwell,06 To Ebezezer Blackwell,jw-letters,True
jw-letter-1757-07-to-mrs-crosby,jw/letters/1757/07-to-mrs-crosby,07 To Mrs Crosby,jw-letters,True
jw-letter-1757-08-to-dorthy-furly,jw/letters/1757/08-to-dorthy-furly,08 To Dorthy Furly,jw-letters,True
jw-letter-1757-09-to-dorothy-furly,jw/letters/1757/09-to-dorothy-furly,09 To Dorothy Furly,jw-letters,True
jw-letter-1757-10-to-mrs-crosby,jw/letters/1757/10-to-mrs-crosby,10 To Mrs Crosby,jw-letters,True
jw-letter-1757-11-to-min-crosby-at-mr-kents-bricklayer,jw/letters/1757/11-to-min-crosby-at-mr-kents-bricklayer,11 To Min Crosby At Mr Kents Bricklayer,jw-letters,True
jw-letter-1757-12-to-dorothy-furly,jw/letters/1757/12-to-dorothy-furly,12 To Dorothy Furly,jw-letters,True
jw-letter-1757-13-to-samuel-furly,jw/letters/1757/13-to-samuel-furly,13 To Samuel Furly,jw-letters,True
jw-letter-1757-14-to-dorothy-furly,jw/letters/1757/14-to-dorothy-furly,14 To Dorothy Furly,jw-letters,True
jw-letter-1757-15-to-samuel-walker,jw/letters/1757/15-to-samuel-walker,15 To Samuel Walker,jw-letters,True
jw-letter-1757-16-to-dorothy-furly,jw/letters/1757/16-to-dorothy-furly,16 To Dorothy Furly,jw-letters,True
jw-letter-1757-17-to-samuel-furly,jw/letters/1757/17-to-samuel-furly,17 To Samuel Furly,jw-letters,True
jw-letter-1757-18-to-dorthy-furly,jw/letters/1757/18-to-dorthy-furly,18 To Dorthy Furly,jw-letters,True
jw-letter-1757-19-to-john-glass,jw/letters/1757/19-to-john-glass,19 To John Glass,jw-letters,True
jw-letter-1757-20-to-mrs-ryan,jw/letters/1757/20-to-mrs-ryan,20 To Mrs Ryan,jw-letters,True
jw-letter-1757-21-to-mrs-ryan,jw/letters/1757/21-to-mrs-ryan,21 To Mrs Ryan,jw-letters,True
jw-letter-1757-22-to-mrs-ryan,jw/letters/1757/22-to-mrs-ryan,22 To Mrs Ryan,jw-letters,True
jw-letter-1757-23-to-walter-sellon,jw/letters/1757/23-to-walter-sellon,23 To Walter Sellon,jw-letters,True
jw-letter-1757-24-to-mrs-ryan,jw/letters/1757/24-to-mrs-ryan,24 To Mrs Ryan,jw-letters,True
jw-letter-1758-01-to-micaiah-towgood,jw/letters/1758/01-to-micaiah-towgood,01 To Micaiah Towgood,jw-letters,True
jw-letter-1759-01-to-samuel-furly-london-february-17-1759,jw/letters/1759/01-to-samuel-furly-london-february-17-1759,01 To Samuel Furly London February 17 1759,jw-letters,True
jw-letter-1759-02-to-miss-london-february-21-1759,jw/letters/1759/02-to-miss-london-february-21-1759,02 To Miss London February 21 1759,jw-letters,True
jw-letter-1759-03-to-ebenezer-blackwell-editors-introductory-notes-1,jw/letters/1759/03-to-ebenezer-blackwell-editors-introductory-notes-1,03 To Ebenezer Blackwell Editors Introductory Notes 1,jw-letters,True
jw-letter-1759-04-to-william-alwood-editors-introductory-notes-1759,jw/letters/1759/04-to-william-alwood-editors-introductory-notes-1759,04 To William Alwood Editors Introductory Notes 1759,jw-letters,True
jw-letter-1759-05-to-dorothy-furly-norwich-march-6-1759,jw/letters/1759/05-to-dorothy-furly-norwich-march-6-1759,05 To Dorothy Furly Norwich March 6 1759,jw-letters,True
jw-letter-1759-06-to-matthew-lowes-editors-introductory-notes-1759,jw/letters/1759/06-to-matthew-lowes-editors-introductory-notes-1759,06 To Matthew Lowes Editors Introductory Notes 1759,jw-letters,True
jw-letter-1759-07-to-the-countess-of-huntingdon-editors-introductory,jw/letters/1759/07-to-the-countess-of-huntingdon-editors-introductory,07 To The Countess Of Huntingdon Editors Introductory,jw-letters,True
jw-letter-1759-08-to-ebenezer-blackwell-norwich-march-12-1759,jw/letters/1759/08-to-ebenezer-blackwell-norwich-march-12-1759,08 To Ebenezer Blackwell Norwich March 12 1759,jw-letters,True
jw-letter-1759-09-to-miss-johnson-colchester-march-20-1759,jw/letters/1759/09-to-miss-johnson-colchester-march-20-1759,09 To Miss Johnson Colchester March 20 1759,jw-letters,True
jw-letter-1759-10-to-william-alwood-norwich-march-29-1759,jw/letters/1759/10-to-william-alwood-norwich-march-29-1759,10 To William Alwood Norwich March 29 1759,jw-letters,True
jw-letter-1759-11-to-his-wife-grimsby-april-9-1759,jw/letters/1759/11-to-his-wife-grimsby-april-9-1759,11 To His Wife Grimsby April 9 1759,jw-letters,True
jw-letter-1759-12-to-sir-james-lowther-afterwards-earl-of-lonsdale-e,jw/letters/1759/12-to-sir-james-lowther-afterwards-earl-of-lonsdale-e,12 To Sir James Lowther Afterwards Earl Of Lonsdale E,jw-letters,True
jw-letter-1759-13-to-clayton-carthy-editors-introductory-notes-1759,jw/letters/1759/13-to-clayton-carthy-editors-introductory-notes-1759,13 To Clayton Carthy Editors Introductory Notes 1759,jw-letters,True
jw-letter-1759-14-to-sir-james-lowther-newcastle-upon-tyne-june-1-17,jw/letters/1759/14-to-sir-james-lowther-newcastle-upon-tyne-june-1-17,14 To Sir James Lowther Newcastle Upon Tyne June 1 17,jw-letters,True
jw-letter-1759-15-to-dr-taylor-of-norwich-editors-introductory-notes,jw/letters/1759/15-to-dr-taylor-of-norwich-editors-introductory-notes,15 To Dr Taylor Of Norwich Editors Introductory Notes,jw-letters,True
jw-letter-1759-16-to-samuel-furly-editors-introductory-notes-1759,jw/letters/1759/16-to-samuel-furly-editors-introductory-notes-1759,16 To Samuel Furly Editors Introductory Notes 1759,jw-letters,True
jw-letter-1759-17-to-miss-c---york-july-15-1759,jw/letters/1759/17-to-miss-c---york-july-15-1759,17 To Miss C   York July 15 1759,jw-letters,True
jw-letter-1759-18-to-mr----editors-introductory-notes-1759,jw/letters/1759/18-to-mr----editors-introductory-notes-1759,18 To Mr    Editors Introductory Notes 1759,jw-letters,True
jw-letter-1759-19-to-dorothy-furly-editors-introductory-notes-1759,jw/letters/1759/19-to-dorothy-furly-editors-introductory-notes-1759,19 To Dorothy Furly Editors Introductory Notes 1759,jw-letters,True
jw-letter-1759-20-to-mr-jones-editors-introductory-notes-1759,jw/letters/1759/20-to-mr-jones-editors-introductory-notes-1759,20 To Mr Jones Editors Introductory Notes 1759,jw-letters,True
jw-letter-1759-21-to-richard-tompson-editors-introductory-notes-1759,jw/letters/1759/21-to-richard-tompson-editors-introductory-notes-1759,21 To Richard Tompson Editors Introductory Notes 1759,jw-letters,True
jw-letter-1759-22-to-the-editor-of-lloyds-evening-post-editors-intro,jw/letters/1759/22-to-the-editor-of-lloyds-evening-post-editors-intro,22 To The Editor Of Lloyds Evening Post Editors Intro,jw-letters,True
jw-letter-1759-23-to-his-wife-editors-introductory-notes-1759,jw/letters/1759/23-to-his-wife-editors-introductory-notes-1759,23 To His Wife Editors Introductory Notes 1759,jw-letters,True
jw-letter-1759-24-to-john-downes-rector-of-st-michaels-wood-street-e,jw/letters/1759/24-to-john-downes-rector-of-st-michaels-wood-street-e,24 To John Downes Rector Of St Michaels Wood Street E,jw-letters,True
jw-letter-1759-25-to-his-wife-bedford-november-24-1759,jw/letters/1759/25-to-his-wife-bedford-november-24-1759,25 To His Wife Bedford November 24 1759,jw-letters,True
jw-letter-1760-01-to-george-merryweather-brentford-january-24-1760,jw/letters/1760/01-to-george-merryweather-brentford-january-24-1760,01 To George Merryweather Brentford January 24 1760,jw-letters,True
jw-letter-1760-02-to-the-editor-of-lloyds-evening-post-editors-intro,jw/letters/1760/02-to-the-editor-of-lloyds-evening-post-editors-intro,02 To The Editor Of Lloyds Evening Post Editors Intro,jw-letters,True
jw-letter-1760-03-to-samuel-furly-editors-introductory-notes-1760,jw/letters/1760/03-to-samuel-furly-editors-introductory-notes-1760,03 To Samuel Furly Editors Introductory Notes 1760,jw-letters,True
jw-letter-1760-04-to-miss-march-editors-introductory-notes-1760,jw/letters/1760/04-to-miss-march-editors-introductory-notes-1760,04 To Miss March Editors Introductory Notes 1760,jw-letters,True
jw-letter-1760-05-to-ebenezer-blackwell-editors-introductory-notes-1,jw/letters/1760/05-to-ebenezer-blackwell-editors-introductory-notes-1,05 To Ebenezer Blackwell Editors Introductory Notes 1,jw-letters,True
jw-letter-1760-06-to-lady-rawdon-editors-introductory-notes-1760,jw/letters/1760/06-to-lady-rawdon-editors-introductory-notes-1760,06 To Lady Rawdon Editors Introductory Notes 1760,jw-letters,True
jw-letter-1760-07-to-his-wife-editors-introductory-notes-1760,jw/letters/1760/07-to-his-wife-editors-introductory-notes-1760,07 To His Wife Editors Introductory Notes 1760,jw-letters,True
jw-letter-1760-08-to-miss-march-editors-introductory-notes-1760,jw/letters/1760/08-to-miss-march-editors-introductory-notes-1760,08 To Miss March Editors Introductory Notes 1760,jw-letters,True
jw-letter-1760-09-to-miss-march-dublin-april-16-1760-eltham-is-a-bar,jw/letters/1760/09-to-miss-march-dublin-april-16-1760-eltham-is-a-bar,09 To Miss March Dublin April 16 1760 Eltham Is A Bar,jw-letters,True
jw-letter-1760-10-to-john-berridge-editors-introductory-notes-1760,jw/letters/1760/10-to-john-berridge-editors-introductory-notes-1760,10 To John Berridge Editors Introductory Notes 1760,jw-letters,True
jw-letter-1760-11-to-ebenezer-blackwell-newry-april-26-1760,jw/letters/1760/11-to-ebenezer-blackwell-newry-april-26-1760,11 To Ebenezer Blackwell Newry April 26 1760,jw-letters,True
jw-letter-1760-12-to-ebenezer-blackwell-editors-introductory-notes-1,jw/letters/1760/12-to-ebenezer-blackwell-editors-introductory-notes-1,12 To Ebenezer Blackwell Editors Introductory Notes 1,jw-letters,True
jw-letter-1760-13-to-lord-rawdon-sligo-may-18-1760,jw/letters/1760/13-to-lord-rawdon-sligo-may-18-1760,13 To Lord Rawdon Sligo May 18 1760,jw-letters,True
jw-letter-1760-14-to-dorothy-furly-athlone-june-1-1760,jw/letters/1760/14-to-dorothy-furly-athlone-june-1-1760,14 To Dorothy Furly Athlone June 1 1760,jw-letters,True
jw-letter-1760-15-to-samuel-furly-editors-introductory-notes-1760,jw/letters/1760/15-to-samuel-furly-editors-introductory-notes-1760,15 To Samuel Furly Editors Introductory Notes 1760,jw-letters,True
jw-letter-1760-16-to-his-brother-charles-editors-introductory-notes-,jw/letters/1760/16-to-his-brother-charles-editors-introductory-notes-,16 To His Brother Charles Editors Introductory Notes ,jw-letters,True
jw-letter-1760-17-to-miss-march-sligo-june-27-1760,jw/letters/1760/17-to-miss-march-sligo-june-27-1760,17 To Miss March Sligo June 27 1760,jw-letters,True
jw-letter-1760-18-to-his-wife-ennis-near-limerick-july-12-1760,jw/letters/1760/18-to-his-wife-ennis-near-limerick-july-12-1760,18 To His Wife Ennis Near Limerick July 12 1760,jw-letters,True
jw-letter-1760-19-to-john-trembath-cork-august-17-1760,jw/letters/1760/19-to-john-trembath-cork-august-17-1760,19 To John Trembath Cork August 17 1760,jw-letters,True
jw-letter-1760-20-to-samuel-furly-launceston-september-4-1760,jw/letters/1760/20-to-samuel-furly-launceston-september-4-1760,20 To Samuel Furly Launceston September 4 1760,jw-letters,True
jw-letter-1760-21-to-the-editor-of-the-london-chronicle-editors-intr,jw/letters/1760/21-to-the-editor-of-the-london-chronicle-editors-intr,21 To The Editor Of The London Chronicle Editors Intr,jw-letters,True
jw-letter-1760-22-to-his-brother-charles-redruth-september-21-1760,jw/letters/1760/22-to-his-brother-charles-redruth-september-21-1760,22 To His Brother Charles Redruth September 21 1760,jw-letters,True
jw-letter-1760-23-to-his-brother-charles-plymouth-dock-september-28-,jw/letters/1760/23-to-his-brother-charles-plymouth-dock-september-28-,23 To His Brother Charles Plymouth Dock September 28 ,jw-letters,True
jw-letter-1760-24-to-miss-march-london-november-11-1760,jw/letters/1760/24-to-miss-march-london-november-11-1760,24 To Miss March London November 11 1760,jw-letters,True
jw-letter-1760-25-to-the-editor-of-lloyds-evening-post-editors-intro,jw/letters/1760/25-to-the-editor-of-lloyds-evening-post-editors-intro,25 To The Editor Of Lloyds Evening Post Editors Intro,jw-letters,True
jw-letter-1760-26-to-mrs-abigail-brown-london-november-21-1760,jw/letters/1760/26-to-mrs-abigail-brown-london-november-21-1760,26 To Mrs Abigail Brown London November 21 1760,jw-letters,True
jw-letter-1760-27-to-the-editor-of-lloyds-evening-post-editors-intro,jw/letters/1760/27-to-the-editor-of-lloyds-evening-post-editors-intro,27 To The Editor Of Lloyds Evening Post Editors Intro,jw-letters,True
jw-letter-1760-28-to-the-editor-of-lloyds-evening-post-to-mr-somebod,jw/letters/1760/28-to-the-editor-of-lloyds-evening-post-to-mr-somebod,28 To The Editor Of Lloyds Evening Post To Mr Somebod,jw-letters,True
jw-letter-1760-29-to-samuel-furly-london-december-9-1760,jw/letters/1760/29-to-samuel-furly-london-december-9-1760,29 To Samuel Furly London December 9 1760,jw-letters,True
jw-letter-1760-30-to-the-editor-of-the-london-magazine-editors-intro,jw/letters/1760/30-to-the-editor-of-the-london-magazine-editors-intro,30 To The Editor Of The London Magazine Editors Intro,jw-letters,True
jw-letter-1760-31-to-miss-march-london-december-12-1760,jw/letters/1760/31-to-miss-march-london-december-12-1760,31 To Miss March London December 12 1760,jw-letters,True
jw-letter-1760-32-to-the-editor-of-lloyds-evening-post-to-mr-t-h-ali,jw/letters/1760/32-to-the-editor-of-lloyds-evening-post-to-mr-t-h-ali,32 To The Editor Of Lloyds Evening Post To Mr T H Ali,jw-letters,True
jw-letter-1761-01-to-the-editor-of-the-london-chronicle,jw/letters/1761/01-to-the-editor-of-the-london-chronicle,01 To The Editor Of The London Chronicle,jw-letters,True
jw-letter-1761-02-to-the-author-of-the-westminster-journal-the-new-w,jw/letters/1761/02-to-the-author-of-the-westminster-journal-the-new-w,02 To The Author Of The Westminster Journal The New W,jw-letters,True
jw-letter-1761-03-to-dorothy-furly,jw/letters/1761/03-to-dorothy-furly,03 To Dorothy Furly,jw-letters,True
jw-letter-1761-04-to-mrs-crosby,jw/letters/1761/04-to-mrs-crosby,04 To Mrs Crosby,jw-letters,True
jw-letter-1761-05-to-mr-g-r-alias-r-a-alias-m-k-alias-r-w,jw/letters/1761/05-to-mr-g-r-alias-r-a-alias-m-k-alias-r-w,05 To Mr G R Alias R A Alias M K Alias R W,jw-letters,True
jw-letter-1761-06-to-the-editor-of-the-london-chronicle,jw/letters/1761/06-to-the-editor-of-the-london-chronicle,06 To The Editor Of The London Chronicle,jw-letters,True
jw-letter-1761-07-to-sarah-moore,jw/letters/1761/07-to-sarah-moore,07 To Sarah Moore,jw-letters,True
jw-letter-1761-08-to-christopher-hopper,jw/letters/1761/08-to-christopher-hopper,08 To Christopher Hopper,jw-letters,True
jw-letter-1761-09-to-james-rouquet,jw/letters/1761/09-to-james-rouquet,09 To James Rouquet,jw-letters,True
jw-letter-1761-10-to-dr-green,jw/letters/1761/10-to-dr-green,10 To Dr Green,jw-letters,True
jw-letter-1761-11-to-george-downing,jw/letters/1761/11-to-george-downing,11 To George Downing,jw-letters,True
jw-letter-1761-12-to-the-earl-of-dartmouth,jw/letters/1761/12-to-the-earl-of-dartmouth,12 To The Earl Of Dartmouth,jw-letters,True
jw-letter-1761-13-to-his-wife,jw/letters/1761/13-to-his-wife,13 To His Wife,jw-letters,True
jw-letter-1761-14-to-thomas-olivers,jw/letters/1761/14-to-thomas-olivers,14 To Thomas Olivers,jw-letters,True
jw-letter-1761-15-to-mrs-booth,jw/letters/1761/15-to-mrs-booth,15 To Mrs Booth,jw-letters,True
jw-letter-1761-16-to-john-hosmer,jw/letters/1761/16-to-john-hosmer,16 To John Hosmer,jw-letters,True
jw-letter-1761-17-to-george-merryweather,jw/letters/1761/17-to-george-merryweather,17 To George Merryweather,jw-letters,True
jw-letter-1761-18-to-mrs-hall,jw/letters/1761/18-to-mrs-hall,18 To Mrs Hall,jw-letters,True
jw-letter-1761-19-to-miss-march,jw/letters/1761/19-to-miss-march,19 To Miss March,jw-letters,True
jw-letter-1761-20-to-alexander-coates,jw/letters/1761/20-to-alexander-coates,20 To Alexander Coates,jw-letters,True
jw-letter-1761-21-to-ebenezer-blackwell,jw/letters/1761/21-to-ebenezer-blackwell,21 To Ebenezer Blackwell,jw-letters,True
jw-letter-1761-22-to-ebenezer-blackwell,jw/letters/1761/22-to-ebenezer-blackwell,22 To Ebenezer Blackwell,jw-letters,True
jw-letter-1761-23-to-his-brother-charles,jw/letters/1761/23-to-his-brother-charles,23 To His Brother Charles,jw-letters,True
jw-letter-1761-24-to-samuel-furly,jw/letters/1761/24-to-samuel-furly,24 To Samuel Furly,jw-letters,True
jw-letter-1761-25-to-matthew-lowes,jw/letters/1761/25-to-matthew-lowes,25 To Matthew Lowes,jw-letters,True
jw-letter-1761-26-to-grace-walton,jw/letters/1761/26-to-grace-walton,26 To Grace Walton,jw-letters,True
jw-letter-1761-27-to-matthew-lowes,jw/letters/1761/27-to-matthew-lowes,27 To Matthew Lowes,jw-letters,True
jw-letter-1761-28-to-mrs-ryan,jw/letters/1761/28-to-mrs-ryan,28 To Mrs Ryan,jw-letters,True
jw-letter-1761-29-to-his-brother-charles,jw/letters/1761/29-to-his-brother-charles,29 To His Brother Charles,jw-letters,True
jw-letter-1761-30-to-elizabeth-hardy,jw/letters/1761/30-to-elizabeth-hardy,30 To Elizabeth Hardy,jw-letters,True
jw-letter-1762-01-to-christopher-hopper-norwich-january-18-1762,jw/letters/1762/01-to-christopher-hopper-norwich-january-18-1762,01 To Christopher Hopper Norwich January 18 1762,jw-letters,True
jw-letter-1762-02-to-samuel-furly-london-january-25-1762,jw/letters/1762/02-to-samuel-furly-london-january-25-1762,02 To Samuel Furly London January 25 1762,jw-letters,True
jw-letter-1762-03-to-matthew-lowes-london-january-25-1762,jw/letters/1762/03-to-matthew-lowes-london-january-25-1762,03 To Matthew Lowes London January 25 1762,jw-letters,True
jw-letter-1762-04-to-miss-j-c-march,jw/letters/1762/04-to-miss-j-c-march,04 To Miss J C March,jw-letters,True
jw-letter-1762-05-to-matthew-lowes-london-february-13-1762,jw/letters/1762/05-to-matthew-lowes-london-february-13-1762,05 To Matthew Lowes London February 13 1762,jw-letters,True
jw-letter-1762-06-to-thomas-rankin,jw/letters/1762/06-to-thomas-rankin,06 To Thomas Rankin,jw-letters,True
jw-letter-1762-07-to-henry-brooke,jw/letters/1762/07-to-henry-brooke,07 To Henry Brooke,jw-letters,True
jw-letter-1762-08-to-christopher-hopper-london-march-i-1762,jw/letters/1762/08-to-christopher-hopper-london-march-i-1762,08 To Christopher Hopper London March I 1762,jw-letters,True
jw-letter-1762-09-to-dr-horne,jw/letters/1762/09-to-dr-horne,09 To Dr Horne,jw-letters,True
jw-letter-1762-10-to-matthew-lowes-london-march-11-1762,jw/letters/1762/10-to-matthew-lowes-london-march-11-1762,10 To Matthew Lowes London March 11 1762,jw-letters,True
jw-letter-1762-11-to-thomas-rankin-bristol-march-20-1762-my-dear-bro,jw/letters/1762/11-to-thomas-rankin-bristol-march-20-1762-my-dear-bro,11 To Thomas Rankin Bristol March 20 1762 My Dear Bro,jw-letters,True
jw-letter-1762-12-to-miss-march-athlone-may-13-1762,jw/letters/1762/12-to-miss-march-athlone-may-13-1762,12 To Miss March Athlone May 13 1762,jw-letters,True
jw-letter-1762-13-to-samuel-furly-may-21-1762,jw/letters/1762/13-to-samuel-furly-may-21-1762,13 To Samuel Furly May 21 1762,jw-letters,True
jw-letter-1762-14-to-jenny-lee,jw/letters/1762/14-to-jenny-lee,14 To Jenny Lee,jw-letters,True
jw-letter-1762-15-to-christopher-hopper-cork-june-18-1762,jw/letters/1762/15-to-christopher-hopper-cork-june-18-1762,15 To Christopher Hopper Cork June 18 1762,jw-letters,True
jw-letter-1762-16-to-jenny-lee-cork-june-18-1762,jw/letters/1762/16-to-jenny-lee-cork-june-18-1762,16 To Jenny Lee Cork June 18 1762,jw-letters,True
jw-letter-1762-17-to-ebenezer-blackwell,jw/letters/1762/17-to-ebenezer-blackwell,17 To Ebenezer Blackwell,jw-letters,True
jw-letter-1762-18-to-samuel-furly-dublin-july-30-1762,jw/letters/1762/18-to-samuel-furly-dublin-july-30-1762,18 To Samuel Furly Dublin July 30 1762,jw-letters,True
jw-letter-1762-19-to-his-brother-charles,jw/letters/1762/19-to-his-brother-charles,19 To His Brother Charles,jw-letters,True
jw-letter-1762-20-to-dorothy-furly-st-ives-september-15-1762,jw/letters/1762/20-to-dorothy-furly-st-ives-september-15-1762,20 To Dorothy Furly St Ives September 15 1762,jw-letters,True
jw-letter-1762-21-to-samuel-furly-st-ives-september-15-1762,jw/letters/1762/21-to-samuel-furly-st-ives-september-15-1762,21 To Samuel Furly St Ives September 15 1762,jw-letters,True
jw-letter-1762-22-to-miss-march-bristol-october-9-1762,jw/letters/1762/22-to-miss-march-bristol-october-9-1762,22 To Miss March Bristol October 9 1762,jw-letters,True
jw-letter-1762-23-to-samuel-furly-bristol-october-13-1762,jw/letters/1762/23-to-samuel-furly-bristol-october-13-1762,23 To Samuel Furly Bristol October 13 1762,jw-letters,True
jw-letter-1762-24-to-thomas-maxfield,jw/letters/1762/24-to-thomas-maxfield,24 To Thomas Maxfield,jw-letters,True
jw-letter-1762-25-to-mrs-moon,jw/letters/1762/25-to-mrs-moon,25 To Mrs Moon,jw-letters,True
jw-letter-1762-26-to-his-brother-charles-london-december-11-1762,jw/letters/1762/26-to-his-brother-charles-london-december-11-1762,26 To His Brother Charles London December 11 1762,jw-letters,True
jw-letter-1762-27-to-jonah-freeman,jw/letters/1762/27-to-jonah-freeman,27 To Jonah Freeman,jw-letters,True
jw-letter-1762-28-to-samuel-furly-london-december-20-1762,jw/letters/1762/28-to-samuel-furly-london-december-20-1762,28 To Samuel Furly London December 20 1762,jw-letters,True
jw-letter-1762-29-to-his-brother-charles-london-december-23-1762,jw/letters/1762/29-to-his-brother-charles-london-december-23-1762,29 To His Brother Charles London December 23 1762,jw-letters,True
jw-letter-1763-01-to-his-brother-charles,jw/letters/1763/01-to-his-brother-charles,01 To His Brother Charles,jw-letters,True
jw-letter-1763-02-to-the-editor-of-the-london-chronicle,jw/letters/1763/02-to-the-editor-of-the-london-chronicle,02 To The Editor Of The London Chronicle,jw-letters,True
jw-letter-1763-03-to-thomas-maxfield,jw/letters/1763/03-to-thomas-maxfield,03 To Thomas Maxfield,jw-letters,True
jw-letter-1763-04-to-his-brother-charles,jw/letters/1763/04-to-his-brother-charles,04 To His Brother Charles,jw-letters,True
jw-letter-1763-05-to-the-editor-of-the-london-chronicle,jw/letters/1763/05-to-the-editor-of-the-london-chronicle,05 To The Editor Of The London Chronicle,jw-letters,True
jw-letter-1763-06-to-his-brother-charles,jw/letters/1763/06-to-his-brother-charles,06 To His Brother Charles,jw-letters,True
jw-letter-1763-07-to-his-brother-charles,jw/letters/1763/07-to-his-brother-charles,07 To His Brother Charles,jw-letters,True
jw-letter-1763-08-to-samuel-furly,jw/letters/1763/08-to-samuel-furly,08 To Samuel Furly,jw-letters,True
jw-letter-1763-09-to-the-editor-of-lloyds-evening-post,jw/letters/1763/09-to-the-editor-of-lloyds-evening-post,09 To The Editor Of Lloyds Evening Post,jw-letters,True
jw-letter-1763-10-to-the-countess-of-huntingdon,jw/letters/1763/10-to-the-countess-of-huntingdon,10 To The Countess Of Huntingdon,jw-letters,True
jw-letter-1763-11-to-mrs,jw/letters/1763/11-to-mrs,11 To Mrs,jw-letters,True
jw-letter-1763-12-to-the-editor-of-the-london-chronicle,jw/letters/1763/12-to-the-editor-of-the-london-chronicle,12 To The Editor Of The London Chronicle,jw-letters,True
jw-letter-1763-13-to-miss-march,jw/letters/1763/13-to-miss-march,13 To Miss March,jw-letters,True
jw-letter-1763-14-to-mr,jw/letters/1763/14-to-mr,14 To Mr,jw-letters,True
jw-letter-1763-15-to-mrs-maitland,jw/letters/1763/15-to-mrs-maitland,15 To Mrs Maitland,jw-letters,True
jw-letter-1763-16-to-jenny-lee,jw/letters/1763/16-to-jenny-lee,16 To Jenny Lee,jw-letters,True
jw-letter-1763-17-to-ann-foard,jw/letters/1763/17-to-ann-foard,17 To Ann Foard,jw-letters,True
jw-letter-1763-18-to-henry-venn,jw/letters/1763/18-to-henry-venn,18 To Henry Venn,jw-letters,True
jw-letter-1763-19-to-duncan-wright,jw/letters/1763/19-to-duncan-wright,19 To Duncan Wright,jw-letters,True
jw-letter-1763-20-to-richard-hart,jw/letters/1763/20-to-richard-hart,20 To Richard Hart,jw-letters,True
jw-letter-1763-21-to-dorothy-furly,jw/letters/1763/21-to-dorothy-furly,21 To Dorothy Furly,jw-letters,True
jw-letter-1763-22-to-mrs-bennis,jw/letters/1763/22-to-mrs-bennis,22 To Mrs Bennis,jw-letters,True
jw-letter-1763-23-to-christopher-hopper,jw/letters/1763/23-to-christopher-hopper,23 To Christopher Hopper,jw-letters,True
jw-letter-1763-24-to-george-merryweather,jw/letters/1763/24-to-george-merryweather,24 To George Merryweather,jw-letters,True
jw-letter-1763-25-to-lady-frances-gardiner,jw/letters/1763/25-to-lady-frances-gardiner,25 To Lady Frances Gardiner,jw-letters,True
jw-letter-1763-26-to-christopher-hopper,jw/letters/1763/26-to-christopher-hopper,26 To Christopher Hopper,jw-letters,True
jw-letter-1763-27-to-dorothy-furly,jw/letters/1763/27-to-dorothy-furly,27 To Dorothy Furly,jw-letters,True
jw-letter-1764-01-to-samuel-furly-london-january-14-1764,jw/letters/1764/01-to-samuel-furly-london-january-14-1764,01 To Samuel Furly London January 14 1764,jw-letters,True
jw-letter-1764-02-to-john-valton,jw/letters/1764/02-to-john-valton,02 To John Valton,jw-letters,True
jw-letter-1764-03-to-his-brother-charles-london-march-1-1764,jw/letters/1764/03-to-his-brother-charles-london-march-1-1764,03 To His Brother Charles London March 1 1764,jw-letters,True
jw-letter-1764-04-to-mrs-freeman,jw/letters/1764/04-to-mrs-freeman,04 To Mrs Freeman,jw-letters,True
jw-letter-1764-05-to-samuel-furly-lewisham-march-6-1764,jw/letters/1764/05-to-samuel-furly-lewisham-march-6-1764,05 To Samuel Furly Lewisham March 6 1764,jw-letters,True
jw-letter-1764-06-to-mrs-ryan,jw/letters/1764/06-to-mrs-ryan,06 To Mrs Ryan,jw-letters,True
jw-letter-1764-07-to-thomas-hartley,jw/letters/1764/07-to-thomas-hartley,07 To Thomas Hartley,jw-letters,True
jw-letter-1764-08-to-mr---sheffield-march-29-1764,jw/letters/1764/08-to-mr---sheffield-march-29-1764,08 To Mr   Sheffield March 29 1764,jw-letters,True
jw-letter-1764-09-to-various-clergymen,jw/letters/1764/09-to-various-clergymen,09 To Various Clergymen,jw-letters,True
jw-letter-1764-10-to-the-countess-of-huntingdon,jw/letters/1764/10-to-the-countess-of-huntingdon,10 To The Countess Of Huntingdon,jw-letters,True
jw-letter-1764-11-to-mrs-ryan,jw/letters/1764/11-to-mrs-ryan,11 To Mrs Ryan,jw-letters,True
jw-letter-1764-12-to-mrs-woodhouse,jw/letters/1764/12-to-mrs-woodhouse,12 To Mrs Woodhouse,jw-letters,True
jw-letter-1764-13-to-george-merryweather-newcastle-upon-tyne-may-7-1,jw/letters/1764/13-to-george-merryweather-newcastle-upon-tyne-may-7-1,13 To George Merryweather Newcastle Upon Tyne May 7 1,jw-letters,True
jw-letter-1764-14-to-thomas-newall-newcastle-upon-tyne-may-7-1764,jw/letters/1764/14-to-thomas-newall-newcastle-upon-tyne-may-7-1764,14 To Thomas Newall Newcastle Upon Tyne May 7 1764,jw-letters,True
jw-letter-1764-15-to-cradock-glascott,jw/letters/1764/15-to-cradock-glascott,15 To Cradock Glascott,jw-letters,True
jw-letter-1764-16-to-the-countess-of-huntingdon,jw/letters/1764/16-to-the-countess-of-huntingdon,16 To The Countess Of Huntingdon,jw-letters,True
jw-letter-1764-17-to-his-brother-charles-haddington-may-25-1764,jw/letters/1764/17-to-his-brother-charles-haddington-may-25-1764,17 To His Brother Charles Haddington May 25 1764,jw-letters,True
jw-letter-1764-18-to-dorothy-furly-edinburgh-may-28-1764,jw/letters/1764/18-to-dorothy-furly-edinburgh-may-28-1764,18 To Dorothy Furly Edinburgh May 28 1764,jw-letters,True
jw-letter-1764-19-to-matthew-errington,jw/letters/1764/19-to-matthew-errington,19 To Matthew Errington,jw-letters,True
jw-letter-1764-20-to-margaret-lewen,jw/letters/1764/20-to-margaret-lewen,20 To Margaret Lewen,jw-letters,True
jw-letter-1764-21-to-lady-maxwell,jw/letters/1764/21-to-lady-maxwell,21 To Lady Maxwell,jw-letters,True
jw-letter-1764-22-to-miss-j-c-march-whitehaven-june-24-1764,jw/letters/1764/22-to-miss-j-c-march-whitehaven-june-24-1764,22 To Miss J C March Whitehaven June 24 1764,jw-letters,True
jw-letter-1764-23-to-sarah-moore,jw/letters/1764/23-to-sarah-moore,23 To Sarah Moore,jw-letters,True
jw-letter-1764-24-to-lady-maxwell-manchester-july-io-1764,jw/letters/1764/24-to-lady-maxwell-manchester-july-io-1764,24 To Lady Maxwell Manchester July Io 1764,jw-letters,True
jw-letter-1764-25-to-ebenezer-blackwell-liverpool-july-14-1764,jw/letters/1764/25-to-ebenezer-blackwell-liverpool-july-14-1764,25 To Ebenezer Blackwell Liverpool July 14 1764,jw-letters,True
jw-letter-1764-26-to-samuel-furly,jw/letters/1764/26-to-samuel-furly,26 To Samuel Furly,jw-letters,True
jw-letter-1764-27-to-the-earl-of-dartmouth-lampeter-july-26-1764,jw/letters/1764/27-to-the-earl-of-dartmouth-lampeter-july-26-1764,27 To The Earl Of Dartmouth Lampeter July 26 1764,jw-letters,True
jw-letter-1764-28-to-lady-maxwell-london-august-17-1764,jw/letters/1764/28-to-lady-maxwell-london-august-17-1764,28 To Lady Maxwell London August 17 1764,jw-letters,True
jw-letter-1764-29-to-thomas-rankin,jw/letters/1764/29-to-thomas-rankin,29 To Thomas Rankin,jw-letters,True
jw-letter-1764-30-to-lady-maxwell,jw/letters/1764/30-to-lady-maxwell,30 To Lady Maxwell,jw-letters,True
jw-letter-1764-31-to-ann-foard,jw/letters/1764/31-to-ann-foard,31 To Ann Foard,jw-letters,True
jw-letter-1764-32-to-christopher-hopper-bristol-september-29-1764,jw/letters/1764/32-to-christopher-hopper-bristol-september-29-1764,32 To Christopher Hopper Bristol September 29 1764,jw-letters,True
jw-letter-1764-33-to-samuel-furly-yarmouth-october-ii-1764,jw/letters/1764/33-to-samuel-furly-yarmouth-october-ii-1764,33 To Samuel Furly Yarmouth October Ii 1764,jw-letters,True
jw-letter-1764-34-to-ann-foard-norwich-october-12-1764,jw/letters/1764/34-to-ann-foard-norwich-october-12-1764,34 To Ann Foard Norwich October 12 1764,jw-letters,True
jw-letter-1764-35-to-miss-march-norwich-october-13-1764,jw/letters/1764/35-to-miss-march-norwich-october-13-1764,35 To Miss March Norwich October 13 1764,jw-letters,True
jw-letter-1764-36-to-the-printer-of-the-st-jamess-chronicle-london-o,jw/letters/1764/36-to-the-printer-of-the-st-jamess-chronicle-london-o,36 To The Printer Of The St Jamess Chronicle London O,jw-letters,True
jw-letter-1764-37-to-the-societies-at-bristol,jw/letters/1764/37-to-the-societies-at-bristol,37 To The Societies At Bristol,jw-letters,True
jw-letter-1764-38-to-thomas-rankin,jw/letters/1764/38-to-thomas-rankin,38 To Thomas Rankin,jw-letters,True
jw-letter-1764-39-to-thomas-rankin,jw/letters/1764/39-to-thomas-rankin,39 To Thomas Rankin,jw-letters,True
jw-letter-1764-40-to-his-brother-charles,jw/letters/1764/40-to-his-brother-charles,40 To His Brother Charles,jw-letters,True
jw-letter-1764-41-to-sarah-moore-london-december-8-1764,jw/letters/1764/41-to-sarah-moore-london-december-8-1764,41 To Sarah Moore London December 8 1764,jw-letters,True
jw-letter-1764-42-to-thomas-rankin,jw/letters/1764/42-to-thomas-rankin,42 To Thomas Rankin,jw-letters,True
jw-letter-1764-43-to-the-mayor-and-corporation-of-bristol-london-dec,jw/letters/1764/43-to-the-mayor-and-corporation-of-bristol-london-dec,43 To The Mayor And Corporation Of Bristol London Dec,jw-letters,True
jw-letter-1764-44-to-his-brother-charles,jw/letters/1764/44-to-his-brother-charles,44 To His Brother Charles,jw-letters,True
jw-letter-1765-01-to-his-brother-charles,jw/letters/1765/01-to-his-brother-charles,01 To His Brother Charles,jw-letters,True
jw-letter-1765-02-to-thomas-rankin-ovington-january-13-1765,jw/letters/1765/02-to-thomas-rankin-ovington-january-13-1765,02 To Thomas Rankin Ovington January 13 1765,jw-letters,True
jw-letter-1765-03-to-the-printer-of-the-st-jamess-chronicle,jw/letters/1765/03-to-the-printer-of-the-st-jamess-chronicle,03 To The Printer Of The St Jamess Chronicle,jw-letters,True
jw-letter-1765-04-to-thomas-rankin-london-february-9-1765,jw/letters/1765/04-to-thomas-rankin-london-february-9-1765,04 To Thomas Rankin London February 9 1765,jw-letters,True
jw-letter-1765-05-to-the-printer-of-the-st-jamess-chronicle-london-f,jw/letters/1765/05-to-the-printer-of-the-st-jamess-chronicle-london-f,05 To The Printer Of The St Jamess Chronicle London F,jw-letters,True
jw-letter-1765-06-to-thomas-rankin,jw/letters/1765/06-to-thomas-rankin,06 To Thomas Rankin,jw-letters,True
jw-letter-1765-07-to-john-newton,jw/letters/1765/07-to-john-newton,07 To John Newton,jw-letters,True
jw-letter-1765-08-to-dr-erskine,jw/letters/1765/08-to-dr-erskine,08 To Dr Erskine,jw-letters,True
jw-letter-1765-09-to-john-newton,jw/letters/1765/09-to-john-newton,09 To John Newton,jw-letters,True
jw-letter-1765-10-to-lady-maxwell,jw/letters/1765/10-to-lady-maxwell,10 To Lady Maxwell,jw-letters,True
jw-letter-1765-11-to-james-knox,jw/letters/1765/11-to-james-knox,11 To James Knox,jw-letters,True
jw-letter-1765-12-to-peggy-dale,jw/letters/1765/12-to-peggy-dale,12 To Peggy Dale,jw-letters,True
jw-letter-1765-13-to-the-leaders-and-stewards-limerick-june-9-1765,jw/letters/1765/13-to-the-leaders-and-stewards-limerick-june-9-1765,13 To The Leaders And Stewards Limerick June 9 1765,jw-letters,True
jw-letter-1765-14-to-thomas-rankin,jw/letters/1765/14-to-thomas-rankin,14 To Thomas Rankin,jw-letters,True
jw-letter-1765-15-to-peggy-dale-kilkenny-july-5-1765,jw/letters/1765/15-to-peggy-dale-kilkenny-july-5-1765,15 To Peggy Dale Kilkenny July 5 1765,jw-letters,True
jw-letter-1765-16-to-lady-maxwell-kilkenny-july-5-1765,jw/letters/1765/16-to-lady-maxwell-kilkenny-july-5-1765,16 To Lady Maxwell Kilkenny July 5 1765,jw-letters,True
jw-letter-1765-17-to-thomas-rankin,jw/letters/1765/17-to-thomas-rankin,17 To Thomas Rankin,jw-letters,True
jw-letter-1765-18-to-miss-march-newcastle-upon-tyne-august-9-1765,jw/letters/1765/18-to-miss-march-newcastle-upon-tyne-august-9-1765,18 To Miss March Newcastle Upon Tyne August 9 1765,jw-letters,True
jw-letter-1765-19-to-miss-march-bristol-august-31-1765,jw/letters/1765/19-to-miss-march-bristol-august-31-1765,19 To Miss March Bristol August 31 1765,jw-letters,True
jw-letter-1765-20-to-richard-walsh,jw/letters/1765/20-to-richard-walsh,20 To Richard Walsh,jw-letters,True
jw-letter-1765-21-to-thomas-rankin,jw/letters/1765/21-to-thomas-rankin,21 To Thomas Rankin,jw-letters,True
jw-letter-1765-22-to-mrs-crosby-kingswood-october-5-1765,jw/letters/1765/22-to-mrs-crosby-kingswood-october-5-1765,22 To Mrs Crosby Kingswood October 5 1765,jw-letters,True
jw-letter-1765-23-to-miss-march-bristol-october-13-1765,jw/letters/1765/23-to-miss-march-bristol-october-13-1765,23 To Miss March Bristol October 13 1765,jw-letters,True
jw-letter-1765-24-to-christopher-hopper,jw/letters/1765/24-to-christopher-hopper,24 To Christopher Hopper,jw-letters,True
jw-letter-1765-25-to-peggy-dale-london-november-6-1765,jw/letters/1765/25-to-peggy-dale-london-november-6-1765,25 To Peggy Dale London November 6 1765,jw-letters,True
jw-letter-1765-26-to-william-orpe,jw/letters/1765/26-to-william-orpe,26 To William Orpe,jw-letters,True
jw-letter-1765-27-to-thomas-rankin-london-november-18-1765,jw/letters/1765/27-to-thomas-rankin-london-november-18-1765,27 To Thomas Rankin London November 18 1765,jw-letters,True
jw-letter-1765-28-to-george-gidley,jw/letters/1765/28-to-george-gidley,28 To George Gidley,jw-letters,True
jw-letter-1765-29-to-lady-maxwell,jw/letters/1765/29-to-lady-maxwell,29 To Lady Maxwell,jw-letters,True
jw-letter-1765-30-to-william-orpe-london-december-14-1765,jw/letters/1765/30-to-william-orpe-london-december-14-1765,30 To William Orpe London December 14 1765,jw-letters,True
jw-letter-1765-31-to-christopher-hopper,jw/letters/1765/31-to-christopher-hopper,31 To Christopher Hopper,jw-letters,True
jw-letter-1765-32-to-peggy-dale-london-december-31-1765,jw/letters/1765/32-to-peggy-dale-london-december-31-1765,32 To Peggy Dale London December 31 1765,jw-letters,True
jw-letter-1766-01-to-mrs-wyndowe-london-january-7-1766,jw/letters/1766/01-to-mrs-wyndowe-london-january-7-1766,01 To Mrs Wyndowe London January 7 1766,jw-letters,True
jw-letter-1766-02-to-thomas-rankin,jw/letters/1766/02-to-thomas-rankin,02 To Thomas Rankin,jw-letters,True
jw-letter-1766-03-to-george-merryweather,jw/letters/1766/03-to-george-merryweather,03 To George Merryweather,jw-letters,True
jw-letter-1766-04-to-peggy-dale,jw/letters/1766/04-to-peggy-dale,04 To Peggy Dale,jw-letters,True
jw-letter-1766-05-to-his-brother-charles-lewisham-february-28-1766,jw/letters/1766/05-to-his-brother-charles-lewisham-february-28-1766,05 To His Brother Charles Lewisham February 28 1766,jw-letters,True
jw-letter-1767-01-to-ann-foard,jw/letters/1767/01-to-ann-foard,01 To Ann Foard,jw-letters,True
jw-letter-1767-02-to-thomas-rankin,jw/letters/1767/02-to-thomas-rankin,02 To Thomas Rankin,jw-letters,True
jw-letter-1767-03-to-his-brother-charles,jw/letters/1767/03-to-his-brother-charles,03 To His Brother Charles,jw-letters,True
jw-letter-1767-04-to-george-merryweather,jw/letters/1767/04-to-george-merryweather,04 To George Merryweather,jw-letters,True
jw-letter-1767-05-to-his-brother-charles,jw/letters/1767/05-to-his-brother-charles,05 To His Brother Charles,jw-letters,True
jw-letter-1767-06-to-lady-maxwell,jw/letters/1767/06-to-lady-maxwell,06 To Lady Maxwell,jw-letters,True
jw-letter-1767-07-to-the-editor-of-lloyds-evening-post,jw/letters/1767/07-to-the-editor-of-lloyds-evening-post,07 To The Editor Of Lloyds Evening Post,jw-letters,True
jw-letter-1767-08-to-george-whitefeld,jw/letters/1767/08-to-george-whitefeld,08 To George Whitefeld,jw-letters,True
jw-letter-1767-09-to-peggy-dale,jw/letters/1767/09-to-peggy-dale,09 To Peggy Dale,jw-letters,True
jw-letter-1767-10-to-ann-foard,jw/letters/1767/10-to-ann-foard,10 To Ann Foard,jw-letters,True
jw-letter-1767-11-to-mrs-crosby,jw/letters/1767/11-to-mrs-crosby,11 To Mrs Crosby,jw-letters,True
jw-letter-1767-12-to-lady-maxwell,jw/letters/1767/12-to-lady-maxwell,12 To Lady Maxwell,jw-letters,True
jw-letter-1767-13-to-peggy-dale,jw/letters/1767/13-to-peggy-dale,13 To Peggy Dale,jw-letters,True
jw-letter-1767-14-to-lady-maxwell,jw/letters/1767/14-to-lady-maxwell,14 To Lady Maxwell,jw-letters,True
jw-letter-1767-15-to-peggy-dale,jw/letters/1767/15-to-peggy-dale,15 To Peggy Dale,jw-letters,True
jw-letter-1767-16-to-christopher-hopper,jw/letters/1767/16-to-christopher-hopper,16 To Christopher Hopper,jw-letters,True
jw-letter-1767-17-to-his-brother-charles,jw/letters/1767/17-to-his-brother-charles,17 To His Brother Charles,jw-letters,True
jw-letter-1767-18-to-miss-march,jw/letters/1767/18-to-miss-march,18 To Miss March,jw-letters,True
jw-letter-1767-19-to-duncan-wright,jw/letters/1767/19-to-duncan-wright,19 To Duncan Wright,jw-letters,True
jw-letter-1767-20-to-the-printer-of-the-freemans-journal,jw/letters/1767/20-to-the-printer-of-the-freemans-journal,20 To The Printer Of The Freemans Journal,jw-letters,True
jw-letter-1767-21-to-mrs-bennis,jw/letters/1767/21-to-mrs-bennis,21 To Mrs Bennis,jw-letters,True
jw-letter-1767-22-to-joseph-townsend,jw/letters/1767/22-to-joseph-townsend,22 To Joseph Townsend,jw-letters,True
jw-letter-1767-23-to-ann-foard,jw/letters/1767/23-to-ann-foard,23 To Ann Foard,jw-letters,True
jw-letter-1767-24-to-john-whitehead,jw/letters/1767/24-to-john-whitehead,24 To John Whitehead,jw-letters,True
jw-letter-1767-25-to-mary-bosanquet,jw/letters/1767/25-to-mary-bosanquet,25 To Mary Bosanquet,jw-letters,True
jw-letter-1767-26-to-peggy-dale,jw/letters/1767/26-to-peggy-dale,26 To Peggy Dale,jw-letters,True
jw-letter-1767-27-to-william-orpe,jw/letters/1767/27-to-william-orpe,27 To William Orpe,jw-letters,True
jw-letter-1767-28-to-peggy-dale,jw/letters/1767/28-to-peggy-dale,28 To Peggy Dale,jw-letters,True
jw-letter-1767-29-to-george-merryweather,jw/letters/1767/29-to-george-merryweather,29 To George Merryweather,jw-letters,True
jw-letter-1767-30-to-christopher-hopper,jw/letters/1767/30-to-christopher-hopper,30 To Christopher Hopper,jw-letters,True
jw-letter-1767-31-to-ann-foard,jw/letters/1767/31-to-ann-foard,31 To Ann Foard,jw-letters,True
jw-letter-1767-32-to-robert-costerdine,jw/letters/1767/32-to-robert-costerdine,32 To Robert Costerdine,jw-letters,True
jw-letter-1767-33-to-robert-costerdine,jw/letters/1767/33-to-robert-costerdine,33 To Robert Costerdine,jw-letters,True
jw-letter-1767-34-to-robert-costerdine,jw/letters/1767/34-to-robert-costerdine,34 To Robert Costerdine,jw-letters,True
jw-letter-1767-35-to-ann-foard,jw/letters/1767/35-to-ann-foard,35 To Ann Foard,jw-letters,True
jw-letter-1767-36-to-mrs-moon,jw/letters/1767/36-to-mrs-moon,36 To Mrs Moon,jw-letters,True
jw-letter-1767-37-to-james-oddie,jw/letters/1767/37-to-james-oddie,37 To James Oddie,jw-letters,True
jw-letter-1767-38-to-mrs-woodhouse,jw/letters/1767/38-to-mrs-woodhouse,38 To Mrs Woodhouse,jw-letters,True
jw-letter-1767-39-to-john-fenwick,jw/letters/1767/39-to-john-fenwick,39 To John Fenwick,jw-letters,True
jw-letter-1767-40-to-george-merryweather,jw/letters/1767/40-to-george-merryweather,40 To George Merryweather,jw-letters,True
jw-letter-1767-41-to-miss-g-wood,jw/letters/1767/41-to-miss-g-wood,41 To Miss G Wood,jw-letters,True
jw-letter-1768-01-to-samuel-levick,jw/letters/1768/01-to-samuel-levick,01 To Samuel Levick,jw-letters,True
jw-letter-1768-02-to-the-countess-of-huntingdon,jw/letters/1768/02-to-the-countess-of-huntingdon,02 To The Countess Of Huntingdon,jw-letters,True
jw-letter-1768-03-to-christopher-hopper,jw/letters/1768/03-to-christopher-hopper,03 To Christopher Hopper,jw-letters,True
jw-letter-1768-04-to-james-oddie,jw/letters/1768/04-to-james-oddie,04 To James Oddie,jw-letters,True
jw-letter-1768-05-to-his-brother-charles,jw/letters/1768/05-to-his-brother-charles,05 To His Brother Charles,jw-letters,True
jw-letter-1768-06-to-samuel-levick,jw/letters/1768/06-to-samuel-levick,06 To Samuel Levick,jw-letters,True
jw-letter-1768-07-to-mrs-moon,jw/letters/1768/07-to-mrs-moon,07 To Mrs Moon,jw-letters,True
jw-letter-1768-08-to-hannah-ball,jw/letters/1768/08-to-hannah-ball,08 To Hannah Ball,jw-letters,True
jw-letter-1768-09-to-peggy-dale,jw/letters/1768/09-to-peggy-dale,09 To Peggy Dale,jw-letters,True
jw-letter-1768-10-to-joseph-benson,jw/letters/1768/10-to-joseph-benson,10 To Joseph Benson,jw-letters,True
jw-letter-1768-11-to-mrs-woodhouse,jw/letters/1768/11-to-mrs-woodhouse,11 To Mrs Woodhouse,jw-letters,True
jw-letter-1768-12-to-ann-bolton,jw/letters/1768/12-to-ann-bolton,12 To Ann Bolton,jw-letters,True
jw-letter-1768-13-to-james-oddie,jw/letters/1768/13-to-james-oddie,13 To James Oddie,jw-letters,True
jw-letter-1768-14-to-miss-march,jw/letters/1768/14-to-miss-march,14 To Miss March,jw-letters,True
jw-letter-1768-15-to-john-fletcher,jw/letters/1768/15-to-john-fletcher,15 To John Fletcher,jw-letters,True
jw-letter-1768-16-to-robert-costerdine,jw/letters/1768/16-to-robert-costerdine,16 To Robert Costerdine,jw-letters,True
jw-letter-1768-17-to-christopher-hopper,jw/letters/1768/17-to-christopher-hopper,17 To Christopher Hopper,jw-letters,True
jw-letter-1768-18-to-ann-bolton,jw/letters/1768/18-to-ann-bolton,18 To Ann Bolton,jw-letters,True
jw-letter-1768-19-to-peggy-dale,jw/letters/1768/19-to-peggy-dale,19 To Peggy Dale,jw-letters,True
jw-letter-1768-20-to-robert-costerdine,jw/letters/1768/20-to-robert-costerdine,20 To Robert Costerdine,jw-letters,True
jw-letter-1768-21-to-ann-bolton,jw/letters/1768/21-to-ann-bolton,21 To Ann Bolton,jw-letters,True
jw-letter-1768-22-to-his-brother-charles,jw/letters/1768/22-to-his-brother-charles,22 To His Brother Charles,jw-letters,True
jw-letter-1768-23-to-the-rev-mr-plenderlieth,jw/letters/1768/23-to-the-rev-mr-plenderlieth,23 To The Rev Mr Plenderlieth,jw-letters,True
jw-letter-1768-24-to-henry-brooke,jw/letters/1768/24-to-henry-brooke,24 To Henry Brooke,jw-letters,True
jw-letter-1768-25-to-george-merryweather,jw/letters/1768/25-to-george-merryweather,25 To George Merryweather,jw-letters,True
jw-letter-1768-26-to-ann-bolton,jw/letters/1768/26-to-ann-bolton,26 To Ann Bolton,jw-letters,True
jw-letter-1768-27-to-his-brother-charles,jw/letters/1768/27-to-his-brother-charles,27 To His Brother Charles,jw-letters,True
jw-letter-1768-28-to-jane-hilton,jw/letters/1768/28-to-jane-hilton,28 To Jane Hilton,jw-letters,True
jw-letter-1768-29-to-jane-hilton,jw/letters/1768/29-to-jane-hilton,29 To Jane Hilton,jw-letters,True
jw-letter-1768-30-to-miss-march,jw/letters/1768/30-to-miss-march,30 To Miss March,jw-letters,True
jw-letter-1768-31-to-walter-sellon,jw/letters/1768/31-to-walter-sellon,31 To Walter Sellon,jw-letters,True
jw-letter-1768-32-to-jane-hilton,jw/letters/1768/32-to-jane-hilton,32 To Jane Hilton,jw-letters,True
jw-letter-1768-33-to-thomas-adam,jw/letters/1768/33-to-thomas-adam,33 To Thomas Adam,jw-letters,True
jw-letter-1768-34-to-john-mason,jw/letters/1768/34-to-john-mason,34 To John Mason,jw-letters,True
jw-letter-1768-35-to-the-stewards-of-the-foundery,jw/letters/1768/35-to-the-stewards-of-the-foundery,35 To The Stewards Of The Foundery,jw-letters,True
jw-letter-1768-36-to-jane-hilton,jw/letters/1768/36-to-jane-hilton,36 To Jane Hilton,jw-letters,True
jw-letter-1768-37-to-lawrence-coughlan,jw/letters/1768/37-to-lawrence-coughlan,37 To Lawrence Coughlan,jw-letters,True
jw-letter-1768-38-to-james-morgan,jw/letters/1768/38-to-james-morgan,38 To James Morgan,jw-letters,True
jw-letter-1768-39-to-his-wife,jw/letters/1768/39-to-his-wife,39 To His Wife,jw-letters,True
jw-letter-1768-40-to-lady-maxwell,jw/letters/1768/40-to-lady-maxwell,40 To Lady Maxwell,jw-letters,True
jw-letter-1768-41-to-george-merryweather,jw/letters/1768/41-to-george-merryweather,41 To George Merryweather,jw-letters,True
jw-letter-1768-42-to-jane-hilton,jw/letters/1768/42-to-jane-hilton,42 To Jane Hilton,jw-letters,True
jw-letter-1768-43-to-christopher-hopper,jw/letters/1768/43-to-christopher-hopper,43 To Christopher Hopper,jw-letters,True
jw-letter-1768-44-to-mrs-hall,jw/letters/1768/44-to-mrs-hall,44 To Mrs Hall,jw-letters,True
jw-letter-1768-45-to-jane-hilton,jw/letters/1768/45-to-jane-hilton,45 To Jane Hilton,jw-letters,True
jw-letter-1768-46-to-joseph-benson,jw/letters/1768/46-to-joseph-benson,46 To Joseph Benson,jw-letters,True
jw-letter-1768-47-to-hannah-ball,jw/letters/1768/47-to-hannah-ball,47 To Hannah Ball,jw-letters,True
jw-letter-1768-48-to-mrs-woodhouse,jw/letters/1768/48-to-mrs-woodhouse,48 To Mrs Woodhouse,jw-letters,True
jw-letter-1768-49-to-john-mason,jw/letters/1768/49-to-john-mason,49 To John Mason,jw-letters,True
jw-letter-1768-50-to-george-cussons,jw/letters/1768/50-to-george-cussons,50 To George Cussons,jw-letters,True
jw-letter-1768-51-to-jane-hilton,jw/letters/1768/51-to-jane-hilton,51 To Jane Hilton,jw-letters,True
jw-letter-1768-52-to-thomas-rankin,jw/letters/1768/52-to-thomas-rankin,52 To Thomas Rankin,jw-letters,True
jw-letter-1768-53-to-christopher-hopper,jw/letters/1768/53-to-christopher-hopper,53 To Christopher Hopper,jw-letters,True
jw-letter-1768-54-to-joseph-benson,jw/letters/1768/54-to-joseph-benson,54 To Joseph Benson,jw-letters,True
jw-letter-1768-55-to-george-merryweather,jw/letters/1768/55-to-george-merryweather,55 To George Merryweather,jw-letters,True
jw-letter-1768-56-to-mary-bosanquet,jw/letters/1768/56-to-mary-bosanquet,56 To Mary Bosanquet,jw-letters,True
jw-letter-1768-57-to-his-brother-charles,jw/letters/1768/57-to-his-brother-charles,57 To His Brother Charles,jw-letters,True
jw-letter-1768-58-to-joseph-benson,jw/letters/1768/58-to-joseph-benson,58 To Joseph Benson,jw-letters,True
jw-letter-1768-59-to-jane-hilton,jw/letters/1768/59-to-jane-hilton,59 To Jane Hilton,jw-letters,True
jw-letter-1768-60-to-hannah-ball,jw/letters/1768/60-to-hannah-ball,60 To Hannah Ball,jw-letters,True
jw-letter-1768-61-to-mary-bosanquet,jw/letters/1768/61-to-mary-bosanquet,61 To Mary Bosanquet,jw-letters,True
jw-letter-1768-62-to-dr-brown,jw/letters/1768/62-to-dr-brown,62 To Dr Brown,jw-letters,True
jw-letter-1769-01-to-joseph-benson,jw/letters/1769/01-to-joseph-benson,01 To Joseph Benson,jw-letters,True
jw-letter-1769-02-to-christopher-hopper,jw/letters/1769/02-to-christopher-hopper,02 To Christopher Hopper,jw-letters,True
jw-letter-1769-03-to-ann-bolton,jw/letters/1769/03-to-ann-bolton,03 To Ann Bolton,jw-letters,True
jw-letter-1769-04-to-samuel-levick,jw/letters/1769/04-to-samuel-levick,04 To Samuel Levick,jw-letters,True
jw-letter-1769-05-to-ann-bolton,jw/letters/1769/05-to-ann-bolton,05 To Ann Bolton,jw-letters,True
jw-letter-1769-06-to-robert-costerdine,jw/letters/1769/06-to-robert-costerdine,06 To Robert Costerdine,jw-letters,True
jw-letter-1769-07-to-edward-bolton,jw/letters/1769/07-to-edward-bolton,07 To Edward Bolton,jw-letters,True
jw-letter-1769-08-to-mrs-woodhouse,jw/letters/1769/08-to-mrs-woodhouse,08 To Mrs Woodhouse,jw-letters,True
jw-letter-1769-09-to-robert-costerdine,jw/letters/1769/09-to-robert-costerdine,09 To Robert Costerdine,jw-letters,True
jw-letter-1769-10-to-philothea-briggs,jw/letters/1769/10-to-philothea-briggs,10 To Philothea Briggs,jw-letters,True
jw-letter-1769-11-to-jane-hilton,jw/letters/1769/11-to-jane-hilton,11 To Jane Hilton,jw-letters,True
jw-letter-1769-12-to-john-valton,jw/letters/1769/12-to-john-valton,12 To John Valton,jw-letters,True
jw-letter-1769-13-to-lady-maxwell,jw/letters/1769/13-to-lady-maxwell,13 To Lady Maxwell,jw-letters,True
jw-letter-1769-14-to-mrs-crosby,jw/letters/1769/14-to-mrs-crosby,14 To Mrs Crosby,jw-letters,True
jw-letter-1769-15-to-john-valton,jw/letters/1769/15-to-john-valton,15 To John Valton,jw-letters,True
jw-letter-1769-16-to-mrs-barton-jane-hilton,jw/letters/1769/16-to-mrs-barton-jane-hilton,16 To Mrs Barton Jane Hilton,jw-letters,True
jw-letter-1769-17-to-richard-steel,jw/letters/1769/17-to-richard-steel,17 To Richard Steel,jw-letters,True
jw-letter-1769-18-to-lady-maxwell,jw/letters/1769/18-to-lady-maxwell,18 To Lady Maxwell,jw-letters,True
jw-letter-1769-19-to-miss-march,jw/letters/1769/19-to-miss-march,19 To Miss March,jw-letters,True
jw-letter-1769-20-to-peggy-dale,jw/letters/1769/20-to-peggy-dale,20 To Peggy Dale,jw-letters,True
jw-letter-1769-21-to-joseph-benson,jw/letters/1769/21-to-joseph-benson,21 To Joseph Benson,jw-letters,True
jw-letter-1769-22-to-mrs-bennis,jw/letters/1769/22-to-mrs-bennis,22 To Mrs Bennis,jw-letters,True
jw-letter-1769-23-to-john-mason,jw/letters/1769/23-to-john-mason,23 To John Mason,jw-letters,True
jw-letter-1769-24-to-howell-powell-bandon,jw/letters/1769/24-to-howell-powell-bandon,24 To Howell Powell Bandon,jw-letters,True
jw-letter-1769-25-to-john-furz,jw/letters/1769/25-to-john-furz,25 To John Furz,jw-letters,True
jw-letter-1769-26-to-john-whitehead,jw/letters/1769/26-to-john-whitehead,26 To John Whitehead,jw-letters,True
jw-letter-1769-27-to-mrs-bennis,jw/letters/1769/27-to-mrs-bennis,27 To Mrs Bennis,jw-letters,True
jw-letter-1769-28-to-ann-bolton,jw/letters/1769/28-to-ann-bolton,28 To Ann Bolton,jw-letters,True
jw-letter-1769-29-to-the-travelling-preachers,jw/letters/1769/29-to-the-travelling-preachers,29 To The Travelling Preachers,jw-letters,True
jw-letter-1769-30-to-robert-wilkinson,jw/letters/1769/30-to-robert-wilkinson,30 To Robert Wilkinson,jw-letters,True
jw-letter-1769-31-to-mrs-woodhouse,jw/letters/1769/31-to-mrs-woodhouse,31 To Mrs Woodhouse,jw-letters,True
jw-letter-1769-32-to-mrs-barton,jw/letters/1769/32-to-mrs-barton,32 To Mrs Barton,jw-letters,True
jw-letter-1769-33-to-miss-march,jw/letters/1769/33-to-miss-march,33 To Miss March,jw-letters,True
jw-letter-1769-34-to-mary-yeoman-of-mousehole-cornwall,jw/letters/1769/34-to-mary-yeoman-of-mousehole-cornwall,34 To Mary Yeoman Of Mousehole Cornwall,jw-letters,True
jw-letter-1769-35-to-mrs-barton,jw/letters/1769/35-to-mrs-barton,35 To Mrs Barton,jw-letters,True
jw-letter-1769-36-to-edward-spencer,jw/letters/1769/36-to-edward-spencer,36 To Edward Spencer,jw-letters,True
jw-letter-1769-37-to-mr---,jw/letters/1769/37-to-mr---,37 To Mr   ,jw-letters,True
jw-letter-1769-38-to-mrs-bennis,jw/letters/1769/38-to-mrs-bennis,38 To Mrs Bennis,jw-letters,True
jw-letter-1769-39-to-mrs-woodhouse,jw/letters/1769/39-to-mrs-woodhouse,39 To Mrs Woodhouse,jw-letters,True
jw-letter-1769-40-to-mrs-barton,jw/letters/1769/40-to-mrs-barton,40 To Mrs Barton,jw-letters,True
jw-letter-1769-41-to-mrs-jane-barton-in-norwood-beverley-yorkshire,jw/letters/1769/41-to-mrs-jane-barton-in-norwood-beverley-yorkshire,41 To Mrs Jane Barton In Norwood Beverley Yorkshire,jw-letters,True
jw-letter-1769-42-to-ann-bolton,jw/letters/1769/42-to-ann-bolton,42 To Ann Bolton,jw-letters,True
jw-letter-1769-43-to-hannah-ball,jw/letters/1769/43-to-hannah-ball,43 To Hannah Ball,jw-letters,True
jw-letter-1769-44-to-joseph-benson,jw/letters/1769/44-to-joseph-benson,44 To Joseph Benson,jw-letters,True
jw-letter-1769-45-to-mary-bishop,jw/letters/1769/45-to-mary-bishop,45 To Mary Bishop,jw-letters,True
jw-letter-1769-46-to-professor-john-liden-of-lund,jw/letters/1769/46-to-professor-john-liden-of-lund,46 To Professor John Liden Of Lund,jw-letters,True
jw-letter-1769-47-to-peggy-dale,jw/letters/1769/47-to-peggy-dale,47 To Peggy Dale,jw-letters,True
jw-letter-1769-48-to-joseph-benson,jw/letters/1769/48-to-joseph-benson,48 To Joseph Benson,jw-letters,True
jw-letter-1769-49-to-various-friends,jw/letters/1769/49-to-various-friends,49 To Various Friends,jw-letters,True
jw-letter-1769-50-to-christopher-hopper,jw/letters/1769/50-to-christopher-hopper,50 To Christopher Hopper,jw-letters,True
jw-letter-1769-51-to-john-valton,jw/letters/1769/51-to-john-valton,51 To John Valton,jw-letters,True
jw-letter-1769-52-to-mary-bishop,jw/letters/1769/52-to-mary-bishop,52 To Mary Bishop,jw-letters,True
jw-letter-1769-53-to-professor-john-liden-of-lund,jw/letters/1769/53-to-professor-john-liden-of-lund,53 To Professor John Liden Of Lund,jw-letters,True
jw-letter-1769-54-to-robert-bell,jw/letters/1769/54-to-robert-bell,54 To Robert Bell,jw-letters,True
jw-letter-1769-55-to-john-valton,jw/letters/1769/55-to-john-valton,55 To John Valton,jw-letters,True
jw-letter-1769-56-to-joseph-benson,jw/letters/1769/56-to-joseph-benson,56 To Joseph Benson,jw-letters,True
jw-letter-1769-57-to-mrs-barton,jw/letters/1769/57-to-mrs-barton,57 To Mrs Barton,jw-letters,True
jw-letter-1769-58-to-joseph-benson,jw/letters/1769/58-to-joseph-benson,58 To Joseph Benson,jw-letters,True
jw-letter-1769-59-to-walter-sellon,jw/letters/1769/59-to-walter-sellon,59 To Walter Sellon,jw-letters,True
jw-letter-1770-01-to-mrs-crosby,jw/letters/1770/01-to-mrs-crosby,01 To Mrs Crosby,jw-letters,True
jw-letter-1770-02-to-mrs-woodhouse,jw/letters/1770/02-to-mrs-woodhouse,02 To Mrs Woodhouse,jw-letters,True
jw-letter-1770-03-to-mary-bosanquet,jw/letters/1770/03-to-mary-bosanquet,03 To Mary Bosanquet,jw-letters,True
jw-letter-1770-04-to-mary-bosanquet,jw/letters/1770/04-to-mary-bosanquet,04 To Mary Bosanquet,jw-letters,True
jw-letter-1770-05-to-christopher-hopper,jw/letters/1770/05-to-christopher-hopper,05 To Christopher Hopper,jw-letters,True
jw-letter-1770-06-to-ann-bolton,jw/letters/1770/06-to-ann-bolton,06 To Ann Bolton,jw-letters,True
jw-letter-1770-07-to-joseph-benson,jw/letters/1770/07-to-joseph-benson,07 To Joseph Benson,jw-letters,True
jw-letter-1770-08-to-john-whitehead,jw/letters/1770/08-to-john-whitehead,08 To John Whitehead,jw-letters,True
jw-letter-1770-09-to-dr-wrangel,jw/letters/1770/09-to-dr-wrangel,09 To Dr Wrangel,jw-letters,True
jw-letter-1770-10-to-lady-maxwell,jw/letters/1770/10-to-lady-maxwell,10 To Lady Maxwell,jw-letters,True
jw-letter-1770-11-to-walter-sellon,jw/letters/1770/11-to-walter-sellon,11 To Walter Sellon,jw-letters,True
jw-letter-1770-12-to-george-whitefield,jw/letters/1770/12-to-george-whitefield,12 To George Whitefield,jw-letters,True
jw-letter-1770-13-to-matthew-lowes,jw/letters/1770/13-to-matthew-lowes,13 To Matthew Lowes,jw-letters,True
jw-letter-1770-14-to-mrs-barton,jw/letters/1770/14-to-mrs-barton,14 To Mrs Barton,jw-letters,True
jw-letter-1770-15-to-mrs-marston,jw/letters/1770/15-to-mrs-marston,15 To Mrs Marston,jw-letters,True
jw-letter-1770-16-to-mary-bosanquet,jw/letters/1770/16-to-mary-bosanquet,16 To Mary Bosanquet,jw-letters,True
jw-letter-1770-17-to-mrs-marston,jw/letters/1770/17-to-mrs-marston,17 To Mrs Marston,jw-letters,True
jw-letter-1770-18-to-mrs-bennis,jw/letters/1770/18-to-mrs-bennis,18 To Mrs Bennis,jw-letters,True
jw-letter-1770-19-to-mrs-barton,jw/letters/1770/19-to-mrs-barton,19 To Mrs Barton,jw-letters,True
jw-letter-1770-20-to-richard-bourke,jw/letters/1770/20-to-richard-bourke,20 To Richard Bourke,jw-letters,True
jw-letter-1770-21-to-thomas-robinson,jw/letters/1770/21-to-thomas-robinson,21 To Thomas Robinson,jw-letters,True
jw-letter-1770-22-to-mrs-bennis,jw/letters/1770/22-to-mrs-bennis,22 To Mrs Bennis,jw-letters,True
jw-letter-1770-23-to-mary-bishop,jw/letters/1770/23-to-mary-bishop,23 To Mary Bishop,jw-letters,True
jw-letter-1770-24-to-george-merryweather,jw/letters/1770/24-to-george-merryweather,24 To George Merryweather,jw-letters,True
jw-letter-1770-25-to-miss-march,jw/letters/1770/25-to-miss-march,25 To Miss March,jw-letters,True
jw-letter-1770-26-to-mrs-bennis,jw/letters/1770/26-to-mrs-bennis,26 To Mrs Bennis,jw-letters,True
jw-letter-1770-27-to-rebecca-yeoman,jw/letters/1770/27-to-rebecca-yeoman,27 To Rebecca Yeoman,jw-letters,True
jw-letter-1770-28-to-george-merryweather,jw/letters/1770/28-to-george-merryweather,28 To George Merryweather,jw-letters,True
jw-letter-1770-29-to-mrs-marston,jw/letters/1770/29-to-mrs-marston,29 To Mrs Marston,jw-letters,True
jw-letter-1770-30-to-ann-bolton,jw/letters/1770/30-to-ann-bolton,30 To Ann Bolton,jw-letters,True
jw-letter-1770-31-to-james-freeman,jw/letters/1770/31-to-james-freeman,31 To James Freeman,jw-letters,True
jw-letter-1770-32-to-mrs-marston,jw/letters/1770/32-to-mrs-marston,32 To Mrs Marston,jw-letters,True
jw-letter-1770-33-to-richard-locke,jw/letters/1770/33-to-richard-locke,33 To Richard Locke,jw-letters,True
jw-letter-1770-34-to-miss-march,jw/letters/1770/34-to-miss-march,34 To Miss March,jw-letters,True
jw-letter-1770-35-to-joseph-thompson,jw/letters/1770/35-to-joseph-thompson,35 To Joseph Thompson,jw-letters,True
jw-letter-1770-36-to-richard-locke,jw/letters/1770/36-to-richard-locke,36 To Richard Locke,jw-letters,True
jw-letter-1770-37-to-joseph-benson,jw/letters/1770/37-to-joseph-benson,37 To Joseph Benson,jw-letters,True
jw-letter-1770-38-to-christopher-hopper,jw/letters/1770/38-to-christopher-hopper,38 To Christopher Hopper,jw-letters,True
jw-letter-1770-39-to-matthew-lowes,jw/letters/1770/39-to-matthew-lowes,39 To Matthew Lowes,jw-letters,True
jw-letter-1770-40-to-mrs-crosby,jw/letters/1770/40-to-mrs-crosby,40 To Mrs Crosby,jw-letters,True
jw-letter-1770-41-to-mrs-barton,jw/letters/1770/41-to-mrs-barton,41 To Mrs Barton,jw-letters,True
jw-letter-1770-42-to-mary-bishop,jw/letters/1770/42-to-mary-bishop,42 To Mary Bishop,jw-letters,True
jw-letter-1770-43-to-ann-bolton,jw/letters/1770/43-to-ann-bolton,43 To Ann Bolton,jw-letters,True
jw-letter-1770-44-to-mrs-woodhouse,jw/letters/1770/44-to-mrs-woodhouse,44 To Mrs Woodhouse,jw-letters,True
jw-letter-1770-45-to-samuel-bardsley,jw/letters/1770/45-to-samuel-bardsley,45 To Samuel Bardsley,jw-letters,True
jw-letter-1770-46-to-mary-bishop,jw/letters/1770/46-to-mary-bishop,46 To Mary Bishop,jw-letters,True
jw-letter-1770-47-to-walter-churchey,jw/letters/1770/47-to-walter-churchey,47 To Walter Churchey,jw-letters,True
jw-letter-1770-48-to-joseph-benson,jw/letters/1770/48-to-joseph-benson,48 To Joseph Benson,jw-letters,True
jw-letter-1770-49-to-mrs-marston,jw/letters/1770/49-to-mrs-marston,49 To Mrs Marston,jw-letters,True
jw-letter-1770-50-to-ann-bolton,jw/letters/1770/50-to-ann-bolton,50 To Ann Bolton,jw-letters,True
jw-letter-1770-51-to-christopher-hopper,jw/letters/1770/51-to-christopher-hopper,51 To Christopher Hopper,jw-letters,True
jw-letter-1770-52-to-joseph-benson,jw/letters/1770/52-to-joseph-benson,52 To Joseph Benson,jw-letters,True
jw-letter-1770-53-to-ann-bolton,jw/letters/1770/53-to-ann-bolton,53 To Ann Bolton,jw-letters,True
jw-letter-1771-01-to-joseph-benson,jw/letters/1771/01-to-joseph-benson,01 To Joseph Benson,jw-letters,True
jw-letter-1771-02-to-john-fletcher,jw/letters/1771/02-to-john-fletcher,02 To John Fletcher,jw-letters,True
jw-letter-1771-03-to-joseph-benson,jw/letters/1771/03-to-joseph-benson,03 To Joseph Benson,jw-letters,True
jw-letter-1771-04-to-hannah-ball,jw/letters/1771/04-to-hannah-ball,04 To Hannah Ball,jw-letters,True
jw-letter-1771-05-to-lady-maxwell,jw/letters/1771/05-to-lady-maxwell,05 To Lady Maxwell,jw-letters,True
jw-letter-1771-06-to-philothea-briggs,jw/letters/1771/06-to-philothea-briggs,06 To Philothea Briggs,jw-letters,True
jw-letter-1771-07-to-thomas-wride,jw/letters/1771/07-to-thomas-wride,07 To Thomas Wride,jw-letters,True
jw-letter-1771-08-to-mary-bishop,jw/letters/1771/08-to-mary-bishop,08 To Mary Bishop,jw-letters,True
jw-letter-1771-09-to-walter-churchey,jw/letters/1771/09-to-walter-churchey,09 To Walter Churchey,jw-letters,True
jw-letter-1771-10-to-the-editor-of-lloyds-evening-post,jw/letters/1771/10-to-the-editor-of-lloyds-evening-post,10 To The Editor Of Lloyds Evening Post,jw-letters,True
jw-letter-1771-11-to-lady-maxwell,jw/letters/1771/11-to-lady-maxwell,11 To Lady Maxwell,jw-letters,True
jw-letter-1771-12-to-mary-bishop,jw/letters/1771/12-to-mary-bishop,12 To Mary Bishop,jw-letters,True
jw-letter-1771-13-to-joseph-benson,jw/letters/1771/13-to-joseph-benson,13 To Joseph Benson,jw-letters,True
jw-letter-1771-14-to-joseph-benson,jw/letters/1771/14-to-joseph-benson,14 To Joseph Benson,jw-letters,True
jw-letter-1771-15-to-elizabeth-briggs,jw/letters/1771/15-to-elizabeth-briggs,15 To Elizabeth Briggs,jw-letters,True
jw-letter-1771-16-to-mary-stokes,jw/letters/1771/16-to-mary-stokes,16 To Mary Stokes,jw-letters,True
jw-letter-1771-17-to-john-fletcher,jw/letters/1771/17-to-john-fletcher,17 To John Fletcher,jw-letters,True
jw-letter-1771-18-to-joseph-pilmoor,jw/letters/1771/18-to-joseph-pilmoor,18 To Joseph Pilmoor,jw-letters,True
jw-letter-1771-19-to-philothea-briggs,jw/letters/1771/19-to-philothea-briggs,19 To Philothea Briggs,jw-letters,True
jw-letter-1771-20-to-damaris-perronet,jw/letters/1771/20-to-damaris-perronet,20 To Damaris Perronet,jw-letters,True
jw-letter-1771-21-to-mary-stokes,jw/letters/1771/21-to-mary-stokes,21 To Mary Stokes,jw-letters,True
jw-letter-1771-22-to-elizabeth-briggs,jw/letters/1771/22-to-elizabeth-briggs,22 To Elizabeth Briggs,jw-letters,True
jw-letter-1771-23-to-miss-march,jw/letters/1771/23-to-miss-march,23 To Miss March,jw-letters,True
jw-letter-1771-24-to-ann-bolton,jw/letters/1771/24-to-ann-bolton,24 To Ann Bolton,jw-letters,True
jw-letter-1771-25-to-mrs-pywell,jw/letters/1771/25-to-mrs-pywell,25 To Mrs Pywell,jw-letters,True
jw-letter-1771-26-to-mr-,jw/letters/1771/26-to-mr-,26 To Mr ,jw-letters,True
jw-letter-1771-27-to-ann-bolton,jw/letters/1771/27-to-ann-bolton,27 To Ann Bolton,jw-letters,True
jw-letter-1771-28-to-philothea-briggs,jw/letters/1771/28-to-philothea-briggs,28 To Philothea Briggs,jw-letters,True
jw-letter-1771-29-to-christopher-hopper,jw/letters/1771/29-to-christopher-hopper,29 To Christopher Hopper,jw-letters,True
jw-letter-1771-30-to-mrs-marston,jw/letters/1771/30-to-mrs-marston,30 To Mrs Marston,jw-letters,True
jw-letter-1771-31-to-mrs-bennis,jw/letters/1771/31-to-mrs-bennis,31 To Mrs Bennis,jw-letters,True
jw-letter-1771-32-to-george-l-fleury,jw/letters/1771/32-to-george-l-fleury,32 To George L Fleury,jw-letters,True
jw-letter-1771-33-to-mary-bishop,jw/letters/1771/33-to-mary-bishop,33 To Mary Bishop,jw-letters,True
jw-letter-1771-34-to-philothea-briggs,jw/letters/1771/34-to-philothea-briggs,34 To Philothea Briggs,jw-letters,True
jw-letter-1771-35-to-thomas-mason,jw/letters/1771/35-to-thomas-mason,35 To Thomas Mason,jw-letters,True
jw-letter-1771-36-to-elizabeth-briggs,jw/letters/1771/36-to-elizabeth-briggs,36 To Elizabeth Briggs,jw-letters,True
jw-letter-1771-37-to-miss-march,jw/letters/1771/37-to-miss-march,37 To Miss March,jw-letters,True
jw-letter-1771-38-to-ann-bolton,jw/letters/1771/38-to-ann-bolton,38 To Ann Bolton,jw-letters,True
jw-letter-1771-39-to-duncan-wright,jw/letters/1771/39-to-duncan-wright,39 To Duncan Wright,jw-letters,True
jw-letter-1771-40-to-mary-bosanquet,jw/letters/1771/40-to-mary-bosanquet,40 To Mary Bosanquet,jw-letters,True
jw-letter-1771-41-to-mrs-crosby,jw/letters/1771/41-to-mrs-crosby,41 To Mrs Crosby,jw-letters,True
jw-letter-1771-42-to-ann-bolton,jw/letters/1771/42-to-ann-bolton,42 To Ann Bolton,jw-letters,True
jw-letter-1771-43-to-the-countess-of-huntingdon,jw/letters/1771/43-to-the-countess-of-huntingdon,43 To The Countess Of Huntingdon,jw-letters,True
jw-letter-1771-44-to-thomas-wride,jw/letters/1771/44-to-thomas-wride,44 To Thomas Wride,jw-letters,True
jw-letter-1771-45-to-mrs-hall,jw/letters/1771/45-to-mrs-hall,45 To Mrs Hall,jw-letters,True
jw-letter-1771-46-to-miss-march,jw/letters/1771/46-to-miss-march,46 To Miss March,jw-letters,True
jw-letter-1771-47-to-several-preachers-and-friends,jw/letters/1771/47-to-several-preachers-and-friends,47 To Several Preachers And Friends,jw-letters,True
jw-letter-1771-48-to-robert-costerdine,jw/letters/1771/48-to-robert-costerdine,48 To Robert Costerdine,jw-letters,True
jw-letter-1771-49-to-philothea-briggs,jw/letters/1771/49-to-philothea-briggs,49 To Philothea Briggs,jw-letters,True
jw-letter-1771-50-to-miss-march,jw/letters/1771/50-to-miss-march,50 To Miss March,jw-letters,True
jw-letter-1771-51-to-mrs-bennis,jw/letters/1771/51-to-mrs-bennis,51 To Mrs Bennis,jw-letters,True
jw-letter-1771-52-to-mary-bishop,jw/letters/1771/52-to-mary-bishop,52 To Mary Bishop,jw-letters,True
jw-letter-1771-53-to-his-brother-charles,jw/letters/1771/53-to-his-brother-charles,53 To His Brother Charles,jw-letters,True
jw-letter-1771-54-to-miss-march,jw/letters/1771/54-to-miss-march,54 To Miss March,jw-letters,True
jw-letter-1771-55-to-samuel-bardsley,jw/letters/1771/55-to-samuel-bardsley,55 To Samuel Bardsley,jw-letters,True
jw-letter-1771-56-to-john-hallam,jw/letters/1771/56-to-john-hallam,56 To John Hallam,jw-letters,True
jw-letter-1771-57-to-hannah-ball,jw/letters/1771/57-to-hannah-ball,57 To Hannah Ball,jw-letters,True
jw-letter-1771-58-to-philothea-briggs,jw/letters/1771/58-to-philothea-briggs,58 To Philothea Briggs,jw-letters,True
jw-letter-1771-59-to-the-countess-of-huntingdon,jw/letters/1771/59-to-the-countess-of-huntingdon,59 To The Countess Of Huntingdon,jw-letters,True
jw-letter-1771-60-to-ann-bolton,jw/letters/1771/60-to-ann-bolton,60 To Ann Bolton,jw-letters,True
jw-letter-1771-61-to-mrs-savage,jw/letters/1771/61-to-mrs-savage,61 To Mrs Savage,jw-letters,True
jw-letter-1771-62-to-mary-bishop,jw/letters/1771/62-to-mary-bishop,62 To Mary Bishop,jw-letters,True
jw-letter-1771-63-to-thomas-wride,jw/letters/1771/63-to-thomas-wride,63 To Thomas Wride,jw-letters,True
jw-letter-1771-64-to-philothea-briggs,jw/letters/1771/64-to-philothea-briggs,64 To Philothea Briggs,jw-letters,True
jw-letter-1771-65-to-miss-phil-briggs-at-miss-marchs,jw/letters/1771/65-to-miss-phil-briggs-at-miss-marchs,65 To Miss Phil Briggs At Miss Marchs,jw-letters,True
jw-letter-1771-66-to-ann-bolton,jw/letters/1771/66-to-ann-bolton,66 To Ann Bolton,jw-letters,True
jw-letter-1771-67-to-mrs-savage,jw/letters/1771/67-to-mrs-savage,67 To Mrs Savage,jw-letters,True
jw-letter-1771-68-to-christopher-hopper,jw/letters/1771/68-to-christopher-hopper,68 To Christopher Hopper,jw-letters,True
jw-letter-1771-69-to-hannah-ball,jw/letters/1771/69-to-hannah-ball,69 To Hannah Ball,jw-letters,True
jw-letter-1771-70-to-philothea-briggs,jw/letters/1771/70-to-philothea-briggs,70 To Philothea Briggs,jw-letters,True
jw-letter-1771-71-to-joseph-benson,jw/letters/1771/71-to-joseph-benson,71 To Joseph Benson,jw-letters,True
jw-letter-1771-72-to-john-fletcher,jw/letters/1771/72-to-john-fletcher,72 To John Fletcher,jw-letters,True
jw-letter-1771-73-to-christopher-hopper,jw/letters/1771/73-to-christopher-hopper,73 To Christopher Hopper,jw-letters,True
jw-letter-1771-74-to-philothea-briggs,jw/letters/1771/74-to-philothea-briggs,74 To Philothea Briggs,jw-letters,True
jw-letter-1771-75-to-robert-costerdine,jw/letters/1771/75-to-robert-costerdine,75 To Robert Costerdine,jw-letters,True
jw-letter-1771-76-to-mrs-bennis,jw/letters/1771/76-to-mrs-bennis,76 To Mrs Bennis,jw-letters,True
jw-letter-1771-77-to-isaac-twycross,jw/letters/1771/77-to-isaac-twycross,77 To Isaac Twycross,jw-letters,True
jw-letter-1771-78-to-philothea-briggs,jw/letters/1771/78-to-philothea-briggs,78 To Philothea Briggs,jw-letters,True
jw-letter-1771-79-to-ann-bolton,jw/letters/1771/79-to-ann-bolton,79 To Ann Bolton,jw-letters,True
jw-letter-1771-80-to-mary-stokes,jw/letters/1771/80-to-mary-stokes,80 To Mary Stokes,jw-letters,True
jw-letter-1771-81-to-matthew-lowes,jw/letters/1771/81-to-matthew-lowes,81 To Matthew Lowes,jw-letters,True
jw-letter-1771-82-to-john-valton,jw/letters/1771/82-to-john-valton,82 To John Valton,jw-letters,True
jw-letter-1771-83-to-mary-bishop,jw/letters/1771/83-to-mary-bishop,83 To Mary Bishop,jw-letters,True
jw-letter-1771-84-to-samuel-bardsley,jw/letters/1771/84-to-samuel-bardsley,84 To Samuel Bardsley,jw-letters,True
jw-letter-1771-85-to-mrs-bennis,jw/letters/1771/85-to-mrs-bennis,85 To Mrs Bennis,jw-letters,True
jw-letter-1771-86-to-hannah-ball,jw/letters/1771/86-to-hannah-ball,86 To Hannah Ball,jw-letters,True
jw-letter-1771-87-to-thomas-simpson,jw/letters/1771/87-to-thomas-simpson,87 To Thomas Simpson,jw-letters,True
jw-letter-1771-88-to-mr-thomas-simpson-kingswood,jw/letters/1771/88-to-mr-thomas-simpson-kingswood,88 To Mr Thomas Simpson Kingswood,jw-letters,True
jw-letter-1771-89-to-james-hutton,jw/letters/1771/89-to-james-hutton,89 To James Hutton,jw-letters,True
jw-letter-1771-90-to-mary-stokes,jw/letters/1771/90-to-mary-stokes,90 To Mary Stokes,jw-letters,True
jw-letter-1771-91-to-ann-bolton,jw/letters/1771/91-to-ann-bolton,91 To Ann Bolton,jw-letters,True
jw-letter-1772-01-to-philothea-briggs,jw/letters/1772/01-to-philothea-briggs,01 To Philothea Briggs,jw-letters,True
jw-letter-1772-02-to-james-hutton,jw/letters/1772/02-to-james-hutton,02 To James Hutton,jw-letters,True
jw-letter-1772-03-to-robert-costerdine,jw/letters/1772/03-to-robert-costerdine,03 To Robert Costerdine,jw-letters,True
jw-letter-1772-04-to-mrs-pywell,jw/letters/1772/04-to-mrs-pywell,04 To Mrs Pywell,jw-letters,True
jw-letter-1772-05-to-john-mason,jw/letters/1772/05-to-john-mason,05 To John Mason,jw-letters,True
jw-letter-1772-06-to-ann-bolton,jw/letters/1772/06-to-ann-bolton,06 To Ann Bolton,jw-letters,True
jw-letter-1772-07-to-the-society-pro-fide-et-christianismo,jw/letters/1772/07-to-the-society-pro-fide-et-christianismo,07 To The Society Pro Fide Et Christianismo,jw-letters,True
jw-letter-1772-08-to-mary-stokes,jw/letters/1772/08-to-mary-stokes,08 To Mary Stokes,jw-letters,True
jw-letter-1772-09-to-walter-sellon,jw/letters/1772/09-to-walter-sellon,09 To Walter Sellon,jw-letters,True
jw-letter-1772-10-to-rebecca-yeoman,jw/letters/1772/10-to-rebecca-yeoman,10 To Rebecca Yeoman,jw-letters,True
jw-letter-1772-11-to-lady-maxwell,jw/letters/1772/11-to-lady-maxwell,11 To Lady Maxwell,jw-letters,True
jw-letter-1772-12-to-mary-stokes,jw/letters/1772/12-to-mary-stokes,12 To Mary Stokes,jw-letters,True
jw-letter-1772-13-to-hannah-ball,jw/letters/1772/13-to-hannah-ball,13 To Hannah Ball,jw-letters,True
jw-letter-1772-14-to-mrs-barton,jw/letters/1772/14-to-mrs-barton,14 To Mrs Barton,jw-letters,True
jw-letter-1772-15-to-mrs-woodhouse,jw/letters/1772/15-to-mrs-woodhouse,15 To Mrs Woodhouse,jw-letters,True
jw-letter-1772-16-to-christopher-hopper,jw/letters/1772/16-to-christopher-hopper,16 To Christopher Hopper,jw-letters,True
jw-letter-1772-17-to-miss-sparrow,jw/letters/1772/17-to-miss-sparrow,17 To Miss Sparrow,jw-letters,True
jw-letter-1772-18-to-samuel-sparrow,jw/letters/1772/18-to-samuel-sparrow,18 To Samuel Sparrow,jw-letters,True
jw-letter-1772-19-to-ann-bolton,jw/letters/1772/19-to-ann-bolton,19 To Ann Bolton,jw-letters,True
jw-letter-1772-20-to-mary-bishop,jw/letters/1772/20-to-mary-bishop,20 To Mary Bishop,jw-letters,True
jw-letter-1772-21-to-mary-bosanquet,jw/letters/1772/21-to-mary-bosanquet,21 To Mary Bosanquet,jw-letters,True
jw-letter-1772-22-to-penelope-newman,jw/letters/1772/22-to-penelope-newman,22 To Penelope Newman,jw-letters,True
jw-letter-1772-23-to-his-brother-charles,jw/letters/1772/23-to-his-brother-charles,23 To His Brother Charles,jw-letters,True
jw-letter-1772-24-to-john-mason,jw/letters/1772/24-to-john-mason,24 To John Mason,jw-letters,True
jw-letter-1772-25-to-philothea-briggs,jw/letters/1772/25-to-philothea-briggs,25 To Philothea Briggs,jw-letters,True
jw-letter-1772-26-to-ann-bolton,jw/letters/1772/26-to-ann-bolton,26 To Ann Bolton,jw-letters,True
jw-letter-1772-27-to-his-brother-charles,jw/letters/1772/27-to-his-brother-charles,27 To His Brother Charles,jw-letters,True
jw-letter-1772-28-to-mrs-bennis,jw/letters/1772/28-to-mrs-bennis,28 To Mrs Bennis,jw-letters,True
jw-letter-1772-29-to-samuel-bardsley,jw/letters/1772/29-to-samuel-bardsley,29 To Samuel Bardsley,jw-letters,True
jw-letter-1772-30-to-philothea-briggs,jw/letters/1772/30-to-philothea-briggs,30 To Philothea Briggs,jw-letters,True
jw-letter-1772-31-to-his-brother-charles,jw/letters/1772/31-to-his-brother-charles,31 To His Brother Charles,jw-letters,True
jw-letter-1772-32-to-mary-stokes,jw/letters/1772/32-to-mary-stokes,32 To Mary Stokes,jw-letters,True
jw-letter-1772-33-to-philothea-briggs,jw/letters/1772/33-to-philothea-briggs,33 To Philothea Briggs,jw-letters,True
jw-letter-1772-34-to-alexander-clark,jw/letters/1772/34-to-alexander-clark,34 To Alexander Clark,jw-letters,True
jw-letter-1772-35-to-ann-bolton,jw/letters/1772/35-to-ann-bolton,35 To Ann Bolton,jw-letters,True
jw-letter-1772-36-to-hannah-ball,jw/letters/1772/36-to-hannah-ball,36 To Hannah Ball,jw-letters,True
jw-letter-1772-37-to-ann-foard,jw/letters/1772/37-to-ann-foard,37 To Ann Foard,jw-letters,True
jw-letter-1772-38-to-mrs-bennis,jw/letters/1772/38-to-mrs-bennis,38 To Mrs Bennis,jw-letters,True
jw-letter-1772-39-to-mary-stokes,jw/letters/1772/39-to-mary-stokes,39 To Mary Stokes,jw-letters,True
jw-letter-1772-40-to-philothea-briggs,jw/letters/1772/40-to-philothea-briggs,40 To Philothea Briggs,jw-letters,True
jw-letter-1772-41-to-thomas-wride,jw/letters/1772/41-to-thomas-wride,41 To Thomas Wride,jw-letters,True
jw-letter-1772-42-to-ann-bolton,jw/letters/1772/42-to-ann-bolton,42 To Ann Bolton,jw-letters,True
jw-letter-1772-43-to-miss-march,jw/letters/1772/43-to-miss-march,43 To Miss March,jw-letters,True
jw-letter-1772-44-to-samuel-sparrow,jw/letters/1772/44-to-samuel-sparrow,44 To Samuel Sparrow,jw-letters,True
jw-letter-1772-45-to-hannah-ball,jw/letters/1772/45-to-hannah-ball,45 To Hannah Ball,jw-letters,True
jw-letter-1772-46-to-john-bredin,jw/letters/1772/46-to-john-bredin,46 To John Bredin,jw-letters,True
jw-letter-1772-47-to-his-brother-charles,jw/letters/1772/47-to-his-brother-charles,47 To His Brother Charles,jw-letters,True
jw-letter-1772-48-to-joseph-thompson,jw/letters/1772/48-to-joseph-thompson,48 To Joseph Thompson,jw-letters,True
jw-letter-1772-49-to-mrs-savage,jw/letters/1772/49-to-mrs-savage,49 To Mrs Savage,jw-letters,True
jw-letter-1772-50-to-philothea-briggs,jw/letters/1772/50-to-philothea-briggs,50 To Philothea Briggs,jw-letters,True
jw-letter-1772-51-to-alexander-clark,jw/letters/1772/51-to-alexander-clark,51 To Alexander Clark,jw-letters,True
jw-letter-1772-52-to-henry-eames,jw/letters/1772/52-to-henry-eames,52 To Henry Eames,jw-letters,True
jw-letter-1772-53-to-john-mason,jw/letters/1772/53-to-john-mason,53 To John Mason,jw-letters,True
jw-letter-1772-54-to-jane-salkeld,jw/letters/1772/54-to-jane-salkeld,54 To Jane Salkeld,jw-letters,True
jw-letter-1772-55-to-alexander-clark,jw/letters/1772/55-to-alexander-clark,55 To Alexander Clark,jw-letters,True
jw-letter-1772-56-to-mary-stokes,jw/letters/1772/56-to-mary-stokes,56 To Mary Stokes,jw-letters,True
jw-letter-1772-57-to-mary-bishop,jw/letters/1772/57-to-mary-bishop,57 To Mary Bishop,jw-letters,True
jw-letter-1772-58-to-his-niece-sarah-wesley,jw/letters/1772/58-to-his-niece-sarah-wesley,58 To His Niece Sarah Wesley,jw-letters,True
jw-letter-1772-59-to-mrs-bennis,jw/letters/1772/59-to-mrs-bennis,59 To Mrs Bennis,jw-letters,True
jw-letter-1772-60-to-him-your-every-want,jw/letters/1772/60-to-him-your-every-want,60 To Him Your Every Want,jw-letters,True
jw-letter-1772-61-to-philothea-briggs,jw/letters/1772/61-to-philothea-briggs,61 To Philothea Briggs,jw-letters,True
jw-letter-1772-62-to-mrs-turner,jw/letters/1772/62-to-mrs-turner,62 To Mrs Turner,jw-letters,True
jw-letter-1772-63-to-ann-bolton,jw/letters/1772/63-to-ann-bolton,63 To Ann Bolton,jw-letters,True
jw-letter-1772-64-to-miss-bolton-in-witney-oxfordshire,jw/letters/1772/64-to-miss-bolton-in-witney-oxfordshire,64 To Miss Bolton In Witney Oxfordshire,jw-letters,True
jw-letter-1772-65-to-philothea-briggs,jw/letters/1772/65-to-philothea-briggs,65 To Philothea Briggs,jw-letters,True
jw-letter-1772-66-to-penelope-newman,jw/letters/1772/66-to-penelope-newman,66 To Penelope Newman,jw-letters,True
jw-letter-1772-67-to-ann-bolton,jw/letters/1772/67-to-ann-bolton,67 To Ann Bolton,jw-letters,True
jw-letter-1772-68-to-mrs-bennis,jw/letters/1772/68-to-mrs-bennis,68 To Mrs Bennis,jw-letters,True
jw-letter-1772-69-to-mary-bishop,jw/letters/1772/69-to-mary-bishop,69 To Mary Bishop,jw-letters,True
jw-letter-1772-70-to-his-brother-charles,jw/letters/1772/70-to-his-brother-charles,70 To His Brother Charles,jw-letters,True
jw-letter-1772-71-to-thomas-wride,jw/letters/1772/71-to-thomas-wride,71 To Thomas Wride,jw-letters,True
jw-letter-1772-72-to-philothea-briggs,jw/letters/1772/72-to-philothea-briggs,72 To Philothea Briggs,jw-letters,True
jw-letter-1772-73-to-francis-wolfe,jw/letters/1772/73-to-francis-wolfe,73 To Francis Wolfe,jw-letters,True
jw-letter-1772-74-to-ann-bolton,jw/letters/1772/74-to-ann-bolton,74 To Ann Bolton,jw-letters,True
jw-letter-1772-75-to-miss-bolton-in-witney-oxfordshire,jw/letters/1772/75-to-miss-bolton-in-witney-oxfordshire,75 To Miss Bolton In Witney Oxfordshire,jw-letters,True
jw-letter-1772-76-to-philothea-briggs,jw/letters/1772/76-to-philothea-briggs,76 To Philothea Briggs,jw-letters,True
jw-letter-1772-77-to-ann-bolton,jw/letters/1772/77-to-ann-bolton,77 To Ann Bolton,jw-letters,True
jw-letter-1772-78-to-the-editor-of-lloyds-evening-post25,jw/letters/1772/78-to-the-editor-of-lloyds-evening-post25,78 To The Editor Of Lloyds Evening Post25,jw-letters,True
jw-letter-1773-01-to-mary-bishop,jw/letters/1773/01-to-mary-bishop,01 To Mary Bishop,jw-letters,True
jw-letter-1773-02-to-alexander-clark,jw/letters/1773/02-to-alexander-clark,02 To Alexander Clark,jw-letters,True
jw-letter-1773-03-to-john-murray,jw/letters/1773/03-to-john-murray,03 To John Murray,jw-letters,True
jw-letter-1773-04-to-ann-bolton,jw/letters/1773/04-to-ann-bolton,04 To Ann Bolton,jw-letters,True
jw-letter-1773-05-to-john-fletcher,jw/letters/1773/05-to-john-fletcher,05 To John Fletcher,jw-letters,True
jw-letter-1773-06-to-martha-chapman,jw/letters/1773/06-to-martha-chapman,06 To Martha Chapman,jw-letters,True
jw-letter-1773-07-to-mrs-barton-beverley,jw/letters/1773/07-to-mrs-barton-beverley,07 To Mrs Barton Beverley,jw-letters,True
jw-letter-1773-08-to-mrs-pywell,jw/letters/1773/08-to-mrs-pywell,08 To Mrs Pywell,jw-letters,True
jw-letter-1773-09-to-samuel-bardsley,jw/letters/1773/09-to-samuel-bardsley,09 To Samuel Bardsley,jw-letters,True
jw-letter-1773-10-to-ann-bolton,jw/letters/1773/10-to-ann-bolton,10 To Ann Bolton,jw-letters,True
jw-letter-1773-11-to-mrs-savage,jw/letters/1773/11-to-mrs-savage,11 To Mrs Savage,jw-letters,True
jw-letter-1773-12-to-christopher-hopper,jw/letters/1773/12-to-christopher-hopper,12 To Christopher Hopper,jw-letters,True
jw-letter-1773-13-to-mrs-bennis,jw/letters/1773/13-to-mrs-bennis,13 To Mrs Bennis,jw-letters,True
jw-letter-1773-14-to-ann-boron,jw/letters/1773/14-to-ann-boron,14 To Ann Boron,jw-letters,True
jw-letter-1773-15-to-philothea-briggs,jw/letters/1773/15-to-philothea-briggs,15 To Philothea Briggs,jw-letters,True
jw-letter-1773-16-to-john-valton,jw/letters/1773/16-to-john-valton,16 To John Valton,jw-letters,True
jw-letter-1773-17-to-thomas-ball-and-alexander-mather,jw/letters/1773/17-to-thomas-ball-and-alexander-mather,17 To Thomas Ball And Alexander Mather,jw-letters,True
jw-letter-1773-18-to-joseph-benson,jw/letters/1773/18-to-joseph-benson,18 To Joseph Benson,jw-letters,True
jw-letter-1773-19-to-mrs-moon,jw/letters/1773/19-to-mrs-moon,19 To Mrs Moon,jw-letters,True
jw-letter-1773-20-to-mrs-emma-moon-at-mr-george,jw/letters/1773/20-to-mrs-emma-moon-at-mr-george,20 To Mrs Emma Moon At Mr George,jw-letters,True
jw-letter-1773-21-to-isaac-twycross,jw/letters/1773/21-to-isaac-twycross,21 To Isaac Twycross,jw-letters,True
jw-letter-1773-22-to-christopher-hopper,jw/letters/1773/22-to-christopher-hopper,22 To Christopher Hopper,jw-letters,True
jw-letter-1773-23-to-mrs-barton-hull,jw/letters/1773/23-to-mrs-barton-hull,23 To Mrs Barton Hull,jw-letters,True
jw-letter-1773-24-to-mrs-jane-barton-in-hembrough-square,jw/letters/1773/24-to-mrs-jane-barton-in-hembrough-square,24 To Mrs Jane Barton In Hembrough Square,jw-letters,False
jw-letter-1773-25-to-george-shadford,jw/letters/1773/25-to-george-shadford,25 To George Shadford,jw-letters,True
jw-letter-1773-26-to-mrs-bennis,jw/letters/1773/26-to-mrs-bennis,26 To Mrs Bennis,jw-letters,True
jw-letter-1773-27-to-mrs-woodhouse,jw/letters/1773/27-to-mrs-woodhouse,27 To Mrs Woodhouse,jw-letters,True
jw-letter-1773-28-to-philothea-briggs,jw/letters/1773/28-to-philothea-briggs,28 To Philothea Briggs,jw-letters,True
jw-letter-1773-29-to-thomas-wride,jw/letters/1773/29-to-thomas-wride,29 To Thomas Wride,jw-letters,True
jw-letter-1773-30-to-ann-boron,jw/letters/1773/30-to-ann-boron,30 To Ann Boron,jw-letters,True
jw-letter-1773-31-to-mary-bishop,jw/letters/1773/31-to-mary-bishop,31 To Mary Bishop,jw-letters,True
jw-letter-1773-32-to-philothea-briggs,jw/letters/1773/32-to-philothea-briggs,32 To Philothea Briggs,jw-letters,True
jw-letter-1773-33-to-hannah-ball,jw/letters/1773/33-to-hannah-ball,33 To Hannah Ball,jw-letters,True
jw-letter-1773-34-to-james-creighton,jw/letters/1773/34-to-james-creighton,34 To James Creighton,jw-letters,True
jw-letter-1773-35-to-richard-locke,jw/letters/1773/35-to-richard-locke,35 To Richard Locke,jw-letters,True
jw-letter-1773-36-to-his-brother-charles-londonderry-may-30-1773,jw/letters/1773/36-to-his-brother-charles-londonderry-may-30-1773,36 To His Brother Charles Londonderry May 30 1773,jw-letters,True
jw-letter-1773-37-to-miss-cummins,jw/letters/1773/37-to-miss-cummins,37 To Miss Cummins,jw-letters,True
jw-letter-1773-38-to-ann-bolton,jw/letters/1773/38-to-ann-bolton,38 To Ann Bolton,jw-letters,True
jw-letter-1773-39-to-mary-bosanquet,jw/letters/1773/39-to-mary-bosanquet,39 To Mary Bosanquet,jw-letters,True
jw-letter-1773-40-to-ann-bolton,jw/letters/1773/40-to-ann-bolton,40 To Ann Bolton,jw-letters,True
jw-letter-1773-41-to-john-fletcher,jw/letters/1773/41-to-john-fletcher,41 To John Fletcher,jw-letters,True
jw-letter-1773-42-to-mrs-woodhouse,jw/letters/1773/42-to-mrs-woodhouse,42 To Mrs Woodhouse,jw-letters,True
jw-letter-1773-43-to-mrs-woodhouse-at-mr-huttons,jw/letters/1773/43-to-mrs-woodhouse-at-mr-huttons,43 To Mrs Woodhouse At Mr Huttons,jw-letters,True
jw-letter-1773-44-to-joseph-benson,jw/letters/1773/44-to-joseph-benson,44 To Joseph Benson,jw-letters,True
jw-letter-1773-45-to-christopher-hopper,jw/letters/1773/45-to-christopher-hopper,45 To Christopher Hopper,jw-letters,True
jw-letter-1773-46-to-mrs-savage,jw/letters/1773/46-to-mrs-savage,46 To Mrs Savage,jw-letters,True
jw-letter-1773-47-to-christopher-hopper,jw/letters/1773/47-to-christopher-hopper,47 To Christopher Hopper,jw-letters,True
jw-letter-1773-48-to-ann-bolton,jw/letters/1773/48-to-ann-bolton,48 To Ann Bolton,jw-letters,True
jw-letter-1773-49-to-hannah-ball,jw/letters/1773/49-to-hannah-ball,49 To Hannah Ball,jw-letters,True
jw-letter-1773-50-to-philothea-briggs,jw/letters/1773/50-to-philothea-briggs,50 To Philothea Briggs,jw-letters,True
jw-letter-1773-51-to-mrs-bennis,jw/letters/1773/51-to-mrs-bennis,51 To Mrs Bennis,jw-letters,True
jw-letter-1773-52-to-joseph-benson,jw/letters/1773/52-to-joseph-benson,52 To Joseph Benson,jw-letters,True
jw-letter-1773-53-to-francis-wolfe,jw/letters/1773/53-to-francis-wolfe,53 To Francis Wolfe,jw-letters,True
jw-letter-1773-54-to-the-countess-of-huntingdon,jw/letters/1773/54-to-the-countess-of-huntingdon,54 To The Countess Of Huntingdon,jw-letters,True
jw-letter-1773-55-to-john-bredin,jw/letters/1773/55-to-john-bredin,55 To John Bredin,jw-letters,True
jw-letter-1773-56-to-john-valton,jw/letters/1773/56-to-john-valton,56 To John Valton,jw-letters,True
jw-letter-1773-57-to-mary-bishop,jw/letters/1773/57-to-mary-bishop,57 To Mary Bishop,jw-letters,True
jw-letter-1773-58-to-john-valton,jw/letters/1773/58-to-john-valton,58 To John Valton,jw-letters,True
jw-letter-1773-59-to-philothea-briggs,jw/letters/1773/59-to-philothea-briggs,59 To Philothea Briggs,jw-letters,True
jw-letter-1773-60-to-john-valton,jw/letters/1773/60-to-john-valton,60 To John Valton,jw-letters,True
jw-letter-1773-61-to-certain-proprietors-of-east-india-stock,jw/letters/1773/61-to-certain-proprietors-of-east-india-stock,61 To Certain Proprietors Of East India Stock,jw-letters,True
jw-letter-1773-62-to-james-barry,jw/letters/1773/62-to-james-barry,62 To James Barry,jw-letters,True
jw-letter-1773-63-to-hannah-ball,jw/letters/1773/63-to-hannah-ball,63 To Hannah Ball,jw-letters,True
jw-letter-1773-64-to-christopher-hopper,jw/letters/1773/64-to-christopher-hopper,64 To Christopher Hopper,jw-letters,True
jw-letter-1773-65-to-samuel-sparrow,jw/letters/1773/65-to-samuel-sparrow,65 To Samuel Sparrow,jw-letters,True
jw-letter-1773-66-to-mary-bosanquet,jw/letters/1773/66-to-mary-bosanquet,66 To Mary Bosanquet,jw-letters,True
jw-letter-1773-67-to-john-valton,jw/letters/1773/67-to-john-valton,67 To John Valton,jw-letters,True
jw-letter-1773-68-to-mrs-woodhouse,jw/letters/1773/68-to-mrs-woodhouse,68 To Mrs Woodhouse,jw-letters,True
jw-letter-1773-69-to-mrs-woodhouse-at-mr-huttons,jw/letters/1773/69-to-mrs-woodhouse-at-mr-huttons,69 To Mrs Woodhouse At Mr Huttons,jw-letters,True
jw-letter-1773-70-to-joseph-benson,jw/letters/1773/70-to-joseph-benson,70 To Joseph Benson,jw-letters,True
jw-letter-1773-71-to-martha-chapman,jw/letters/1773/71-to-martha-chapman,71 To Martha Chapman,jw-letters,True
jw-letter-1773-72-to-mary-bishop,jw/letters/1773/72-to-mary-bishop,72 To Mary Bishop,jw-letters,True
jw-letter-1773-73-to-joseph-benson,jw/letters/1773/73-to-joseph-benson,73 To Joseph Benson,jw-letters,True
jw-letter-1773-74-to-christopher-hopper-london-november-12-1773,jw/letters/1773/74-to-christopher-hopper-london-november-12-1773,74 To Christopher Hopper London November 12 1773,jw-letters,True
jw-letter-1773-75-to-thomas-wride,jw/letters/1773/75-to-thomas-wride,75 To Thomas Wride,jw-letters,True
jw-letter-1773-76-to-mary-bosanquet,jw/letters/1773/76-to-mary-bosanquet,76 To Mary Bosanquet,jw-letters,True
jw-letter-1773-77-to-hannah-ball,jw/letters/1773/77-to-hannah-ball,77 To Hannah Ball,jw-letters,True
jw-letter-1773-78-to-mrs-bennis,jw/letters/1773/78-to-mrs-bennis,78 To Mrs Bennis,jw-letters,True
jw-letter-1773-79-to-thomas-rankin,jw/letters/1773/79-to-thomas-rankin,79 To Thomas Rankin,jw-letters,True
jw-letter-1773-80-to-mrs-savage,jw/letters/1773/80-to-mrs-savage,80 To Mrs Savage,jw-letters,True
jw-letter-1773-81-to-ann-bolton,jw/letters/1773/81-to-ann-bolton,81 To Ann Bolton,jw-letters,True
jw-letter-1773-82-to-thomas-carlill,jw/letters/1773/82-to-thomas-carlill,82 To Thomas Carlill,jw-letters,True
jw-letter-1773-83-to-mrs-pywell,jw/letters/1773/83-to-mrs-pywell,83 To Mrs Pywell,jw-letters,True
jw-letter-1773-84-to-walter-churchly,jw/letters/1773/84-to-walter-churchly,84 To Walter Churchly,jw-letters,True
jw-letter-1773-85-to-samuel-sparrow,jw/letters/1773/85-to-samuel-sparrow,85 To Samuel Sparrow,jw-letters,True
jw-letter-1773-86-to-james-hutton,jw/letters/1773/86-to-james-hutton,86 To James Hutton,jw-letters,True
jw-letter-1774-01-to-joseph-benson-edinburgh,jw/letters/1774/01-to-joseph-benson-edinburgh,01 To Joseph Benson Edinburgh,jw-letters,True
jw-letter-1774-02-to-james-hutton,jw/letters/1774/02-to-james-hutton,02 To James Hutton,jw-letters,True
jw-letter-1774-03-to-john-mason,jw/letters/1774/03-to-john-mason,03 To John Mason,jw-letters,True
jw-letter-1774-04-to-his-brother-charles,jw/letters/1774/04-to-his-brother-charles,04 To His Brother Charles,jw-letters,True
jw-letter-1774-05-to-mrs-bennis,jw/letters/1774/05-to-mrs-bennis,05 To Mrs Bennis,jw-letters,True
jw-letter-1774-06-to-isaac-twycross,jw/letters/1774/06-to-isaac-twycross,06 To Isaac Twycross,jw-letters,True
jw-letter-1774-07-to-ann-bolton,jw/letters/1774/07-to-ann-bolton,07 To Ann Bolton,jw-letters,True
jw-letter-1774-08-to-thomas-wride,jw/letters/1774/08-to-thomas-wride,08 To Thomas Wride,jw-letters,True
jw-letter-1774-09-to-mary-bishop,jw/letters/1774/09-to-mary-bishop,09 To Mary Bishop,jw-letters,True
jw-letter-1774-10-to-mary-bosanquet,jw/letters/1774/10-to-mary-bosanquet,10 To Mary Bosanquet,jw-letters,True
jw-letter-1774-11-to-ann-bolton,jw/letters/1774/11-to-ann-bolton,11 To Ann Bolton,jw-letters,True
jw-letter-1774-12-to-his-brother-charles,jw/letters/1774/12-to-his-brother-charles,12 To His Brother Charles,jw-letters,True
jw-letter-1774-13-to-martha-chapman,jw/letters/1774/13-to-martha-chapman,13 To Martha Chapman,jw-letters,True
jw-letter-1774-14-to-walter-churchey,jw/letters/1774/14-to-walter-churchey,14 To Walter Churchey,jw-letters,True
jw-letter-1774-15-to-john-fletcher,jw/letters/1774/15-to-john-fletcher,15 To John Fletcher,jw-letters,True
jw-letter-1774-16-to-hannah-ball,jw/letters/1774/16-to-hannah-ball,16 To Hannah Ball,jw-letters,True
jw-letter-1774-17-to-mrs-bennis,jw/letters/1774/17-to-mrs-bennis,17 To Mrs Bennis,jw-letters,True
jw-letter-1774-18-to-joseph-benson,jw/letters/1774/18-to-joseph-benson,18 To Joseph Benson,jw-letters,True
jw-letter-1774-19-to-thomas-stedman,jw/letters/1774/19-to-thomas-stedman,19 To Thomas Stedman,jw-letters,True
jw-letter-1774-20-to-the-revd-mr-stedman-at-cheverel,jw/letters/1774/20-to-the-revd-mr-stedman-at-cheverel,20 To The Revd Mr Stedman At Cheverel,jw-letters,False
jw-letter-1774-21-to-isaac-twycross,jw/letters/1774/21-to-isaac-twycross,21 To Isaac Twycross,jw-letters,True
jw-letter-1774-22-to-hannah-ball,jw/letters/1774/22-to-hannah-ball,22 To Hannah Ball,jw-letters,True
jw-letter-1774-23-to-mrs-bennis,jw/letters/1774/23-to-mrs-bennis,23 To Mrs Bennis,jw-letters,True
jw-letter-1774-24-to-john-atlay,jw/letters/1774/24-to-john-atlay,24 To John Atlay,jw-letters,True
jw-letter-1774-25-to-his-brother-charles,jw/letters/1774/25-to-his-brother-charles,25 To His Brother Charles,jw-letters,True
jw-letter-1774-26-to-mrs-savage,jw/letters/1774/26-to-mrs-savage,26 To Mrs Savage,jw-letters,True
jw-letter-1774-27-to-ann-bolton,jw/letters/1774/27-to-ann-bolton,27 To Ann Bolton,jw-letters,True
jw-letter-1774-28-to-elizabeth-ritchie,jw/letters/1774/28-to-elizabeth-ritchie,28 To Elizabeth Ritchie,jw-letters,True
jw-letter-1774-29-to-ann-bolton,jw/letters/1774/29-to-ann-bolton,29 To Ann Bolton,jw-letters,True
jw-letter-1774-30-to-christopher-hopper,jw/letters/1774/30-to-christopher-hopper,30 To Christopher Hopper,jw-letters,True
jw-letter-1774-31-to-walter-churchey,jw/letters/1774/31-to-walter-churchey,31 To Walter Churchey,jw-letters,True
jw-letter-1774-32-to-mr-walter-churchey,jw/letters/1774/32-to-mr-walter-churchey,32 To Mr Walter Churchey,jw-letters,True
jw-letter-1774-33-to-his-wife,jw/letters/1774/33-to-his-wife,33 To His Wife,jw-letters,True
jw-letter-1774-34-to-mrs-crosby,jw/letters/1774/34-to-mrs-crosby,34 To Mrs Crosby,jw-letters,True
jw-letter-1774-35-to-miss-j-c-march,jw/letters/1774/35-to-miss-j-c-march,35 To Miss J C March,jw-letters,True
jw-letter-1774-36-to-elizabeth-ritchie,jw/letters/1774/36-to-elizabeth-ritchie,36 To Elizabeth Ritchie,jw-letters,True
jw-letter-1774-37-to-his-wife,jw/letters/1774/37-to-his-wife,37 To His Wife,jw-letters,True
jw-letter-1774-38-to-miss-lewin,jw/letters/1774/38-to-miss-lewin,38 To Miss Lewin,jw-letters,True
jw-letter-1774-39-to-mary-bishop,jw/letters/1774/39-to-mary-bishop,39 To Mary Bishop,jw-letters,True
jw-letter-1774-40-to-miss-march,jw/letters/1774/40-to-miss-march,40 To Miss March,jw-letters,True
jw-letter-1774-41-to-hannah-ball,jw/letters/1774/41-to-hannah-ball,41 To Hannah Ball,jw-letters,True
jw-letter-1774-42-to-jonathan-pritchard,jw/letters/1774/42-to-jonathan-pritchard,42 To Jonathan Pritchard,jw-letters,True
jw-letter-1774-43-to-elizabeth-ritchie,jw/letters/1774/43-to-elizabeth-ritchie,43 To Elizabeth Ritchie,jw-letters,True
jw-letter-1774-44-to-joseph-benson,jw/letters/1774/44-to-joseph-benson,44 To Joseph Benson,jw-letters,True
jw-letter-1774-45-to-henry-brooke,jw/letters/1774/45-to-henry-brooke,45 To Henry Brooke,jw-letters,True
jw-letter-1774-46-to-francis-wolfe,jw/letters/1774/46-to-francis-wolfe,46 To Francis Wolfe,jw-letters,True
jw-letter-1774-47-to-ann-bolton,jw/letters/1774/47-to-ann-bolton,47 To Ann Bolton,jw-letters,True
jw-letter-1774-48-to-philothea-briggs,jw/letters/1774/48-to-philothea-briggs,48 To Philothea Briggs,jw-letters,True
jw-letter-1774-49-to-his-wife,jw/letters/1774/49-to-his-wife,49 To His Wife,jw-letters,True
jw-letter-1774-50-to-thomas-rankin,jw/letters/1774/50-to-thomas-rankin,50 To Thomas Rankin,jw-letters,True
jw-letter-1774-51-to-christopher-hopper,jw/letters/1774/51-to-christopher-hopper,51 To Christopher Hopper,jw-letters,True
jw-letter-1774-52-to-mr-hopper-at-the-orphan-house,jw/letters/1774/52-to-mr-hopper-at-the-orphan-house,52 To Mr Hopper At The Orphan House,jw-letters,True
jw-letter-1774-53-to-joseph-benson,jw/letters/1774/53-to-joseph-benson,53 To Joseph Benson,jw-letters,True
jw-letter-1774-54-to-elizabeth-ritchie,jw/letters/1774/54-to-elizabeth-ritchie,54 To Elizabeth Ritchie,jw-letters,True
jw-letter-1774-55-to-joseph-benson,jw/letters/1774/55-to-joseph-benson,55 To Joseph Benson,jw-letters,True
jw-letter-1774-56-to-hannah-ball,jw/letters/1774/56-to-hannah-ball,56 To Hannah Ball,jw-letters,True
jw-letter-1774-57-to-penelope-newman,jw/letters/1774/57-to-penelope-newman,57 To Penelope Newman,jw-letters,True
jw-letter-1774-58-to-mrs-woodhouse,jw/letters/1774/58-to-mrs-woodhouse,58 To Mrs Woodhouse,jw-letters,True
jw-letter-1774-59-to-mrs-woodhouse-at-mr-huttons,jw/letters/1774/59-to-mrs-woodhouse-at-mr-huttons,59 To Mrs Woodhouse At Mr Huttons,jw-letters,True
jw-letter-1774-60-to-thomas-stedman,jw/letters/1774/60-to-thomas-stedman,60 To Thomas Stedman,jw-letters,True
jw-letter-1774-61-to-john-bredin,jw/letters/1774/61-to-john-bredin,61 To John Bredin,jw-letters,True
jw-letter-1774-62-to-mr---------,jw/letters/1774/62-to-mr---------,62 To Mr         ,jw-letters,True
jw-letter-1774-63-to-thomas-wride,jw/letters/1774/63-to-thomas-wride,63 To Thomas Wride,jw-letters,True
jw-letter-1774-64-to-mr--------,jw/letters/1774/64-to-mr--------,64 To Mr        ,jw-letters,True
jw-letter-1774-65-to-elizabeth-ritchie,jw/letters/1774/65-to-elizabeth-ritchie,65 To Elizabeth Ritchie,jw-letters,True
jw-letter-1774-66-to-mary-bishop,jw/letters/1774/66-to-mary-bishop,66 To Mary Bishop,jw-letters,True
jw-letter-1774-67-to-captain-richard-williams,jw/letters/1774/67-to-captain-richard-williams,67 To Captain Richard Williams,jw-letters,True
jw-letter-1774-68-to-miss-march,jw/letters/1774/68-to-miss-march,68 To Miss March,jw-letters,True
jw-letter-1774-69-to-joseph-benson,jw/letters/1774/69-to-joseph-benson,69 To Joseph Benson,jw-letters,True
jw-letter-1774-70-to-mrs-crosby,jw/letters/1774/70-to-mrs-crosby,70 To Mrs Crosby,jw-letters,True
jw-letter-1774-71-to-ann-bolton,jw/letters/1774/71-to-ann-bolton,71 To Ann Bolton,jw-letters,True
jw-letter-1774-72-to-martha-chapman,jw/letters/1774/72-to-martha-chapman,72 To Martha Chapman,jw-letters,True
jw-letter-1774-73-to-mrs-barton,jw/letters/1774/73-to-mrs-barton,73 To Mrs Barton,jw-letters,True
jw-letter-1774-74-to-joseph-benson,jw/letters/1774/74-to-joseph-benson,74 To Joseph Benson,jw-letters,True
jw-letter-1774-75-to-mrs-gair,jw/letters/1774/75-to-mrs-gair,75 To Mrs Gair,jw-letters,True
jw-letter-1774-76-to-hannah-ball,jw/letters/1774/76-to-hannah-ball,76 To Hannah Ball,jw-letters,True
jw-letter-1774-77-to-the-editor-of-lloyds-evening-post,jw/letters/1774/77-to-the-editor-of-lloyds-evening-post,77 To The Editor Of Lloyds Evening Post,jw-letters,True
jw-letter-1774-78-to-john-simpson,jw/letters/1774/78-to-john-simpson,78 To John Simpson,jw-letters,True
jw-letter-1774-79-to-sarah-james,jw/letters/1774/79-to-sarah-james,79 To Sarah James,jw-letters,True
jw-letter-1774-80-to-elizabeth-ritchie,jw/letters/1774/80-to-elizabeth-ritchie,80 To Elizabeth Ritchie,jw-letters,True
jw-letter-1774-81-to-the-authors-of-the-monthly-review,jw/letters/1774/81-to-the-authors-of-the-monthly-review,81 To The Authors Of The Monthly Review,jw-letters,True
jw-letter-1774-82-to-mary-bishop,jw/letters/1774/82-to-mary-bishop,82 To Mary Bishop,jw-letters,True
jw-letter-1774-83-to-philothea-briggs,jw/letters/1774/83-to-philothea-briggs,83 To Philothea Briggs,jw-letters,True
jw-letter-1774-84-to-miss-march,jw/letters/1774/84-to-miss-march,84 To Miss March,jw-letters,True
jw-letter-1774-85-to-christopher-hopper,jw/letters/1774/85-to-christopher-hopper,85 To Christopher Hopper,jw-letters,True
jw-letter-1774-86-to-joseph-benson,jw/letters/1774/86-to-joseph-benson,86 To Joseph Benson,jw-letters,True
jw-letter-1774-87-to-hannah-ball,jw/letters/1774/87-to-hannah-ball,87 To Hannah Ball,jw-letters,True
jw-letter-1774-88-to-thomas-rutherford,jw/letters/1774/88-to-thomas-rutherford,88 To Thomas Rutherford,jw-letters,True
jw-letter-1774-89-to-miss-march,jw/letters/1774/89-to-miss-march,89 To Miss March,jw-letters,True
jw-letter-1774-90-to-elizabeth-briggs,jw/letters/1774/90-to-elizabeth-briggs,90 To Elizabeth Briggs,jw-letters,True
jw-letter-1774-91-to-charles-perronet,jw/letters/1774/91-to-charles-perronet,91 To Charles Perronet,jw-letters,True
jw-letter-1774-92-to-mrs-pywell,jw/letters/1774/92-to-mrs-pywell,92 To Mrs Pywell,jw-letters,True
jw-letter-1774-93-to-mrs-barton,jw/letters/1774/93-to-mrs-barton,93 To Mrs Barton,jw-letters,True
jw-letter-1774-94-to-mrs-jane-barton-to-be-left-at,jw/letters/1774/94-to-mrs-jane-barton-to-be-left-at,94 To Mrs Jane Barton To Be Left At,jw-letters,False
jw-letter-1775-01-to-martha-chapman,jw/letters/1775/01-to-martha-chapman,01 To Martha Chapman,jw-letters,True
jw-letter-1775-02-to-miss-patty-chapman-at-watlington,jw/letters/1775/02-to-miss-patty-chapman-at-watlington,02 To Miss Patty Chapman At Watlington,jw-letters,True
jw-letter-1775-03-to-francis-wolfe,jw/letters/1775/03-to-francis-wolfe,03 To Francis Wolfe,jw-letters,True
jw-letter-1775-04-to-elizabeth-ritchie,jw/letters/1775/04-to-elizabeth-ritchie,04 To Elizabeth Ritchie,jw-letters,True
jw-letter-1775-05-to-samuel-bardsley,jw/letters/1775/05-to-samuel-bardsley,05 To Samuel Bardsley,jw-letters,True
jw-letter-1775-06-to-mr-sam-bardsley-at-mr-james,jw/letters/1775/06-to-mr-sam-bardsley-at-mr-james,06 To Mr Sam Bardsley At Mr James,jw-letters,True
jw-letter-1775-07-to-christopher-hopper,jw/letters/1775/07-to-christopher-hopper,07 To Christopher Hopper,jw-letters,True
jw-letter-1775-08-to-ann-bolton,jw/letters/1775/08-to-ann-bolton,08 To Ann Bolton,jw-letters,True
jw-letter-1775-09-to-mary-bishop,jw/letters/1775/09-to-mary-bishop,09 To Mary Bishop,jw-letters,True
jw-letter-1775-10-to-miss-march,jw/letters/1775/10-to-miss-march,10 To Miss March,jw-letters,True
jw-letter-1775-11-to-peter-bohler,jw/letters/1775/11-to-peter-bohler,11 To Peter Bohler,jw-letters,True
jw-letter-1775-12-to-thomas-wride,jw/letters/1775/12-to-thomas-wride,12 To Thomas Wride,jw-letters,True
jw-letter-1775-13-to-thomas-rankin,jw/letters/1775/13-to-thomas-rankin,13 To Thomas Rankin,jw-letters,True
jw-letter-1775-14-to-joseph-benson,jw/letters/1775/14-to-joseph-benson,14 To Joseph Benson,jw-letters,True
jw-letter-1775-15-to-ann-bolton,jw/letters/1775/15-to-ann-bolton,15 To Ann Bolton,jw-letters,True
jw-letter-1775-16-to-martha-chapman,jw/letters/1775/16-to-martha-chapman,16 To Martha Chapman,jw-letters,True
jw-letter-1775-17-to-john-fletcher,jw/letters/1775/17-to-john-fletcher,17 To John Fletcher,jw-letters,True
jw-letter-1775-18-to-elizabeth-ritchie,jw/letters/1775/18-to-elizabeth-ritchie,18 To Elizabeth Ritchie,jw-letters,True
jw-letter-1775-19-to-martha-chapman,jw/letters/1775/19-to-martha-chapman,19 To Martha Chapman,jw-letters,True
jw-letter-1775-20-to-miss-chapman-at-watlington,jw/letters/1775/20-to-miss-chapman-at-watlington,20 To Miss Chapman At Watlington,jw-letters,True
jw-letter-1775-21-to-thomas-rankin,jw/letters/1775/21-to-thomas-rankin,21 To Thomas Rankin,jw-letters,True
jw-letter-1775-22-to-richard-morgan,jw/letters/1775/22-to-richard-morgan,22 To Richard Morgan,jw-letters,True
jw-letter-1775-23-to-richard-morgan-esq,jw/letters/1775/23-to-richard-morgan-esq,23 To Richard Morgan Esq,jw-letters,True
jw-letter-1775-24-to-james-dempster,jw/letters/1775/24-to-james-dempster,24 To James Dempster,jw-letters,True
jw-letter-1775-25-to-thomas-rankin-in-america,jw/letters/1775/25-to-thomas-rankin-in-america,25 To Thomas Rankin In America,jw-letters,True
jw-letter-1775-26-to-mary-bosanquet,jw/letters/1775/26-to-mary-bosanquet,26 To Mary Bosanquet,jw-letters,True
jw-letter-1775-27-to-his-brother-charles,jw/letters/1775/27-to-his-brother-charles,27 To His Brother Charles,jw-letters,True
jw-letter-1775-28-to-miss-march,jw/letters/1775/28-to-miss-march,28 To Miss March,jw-letters,True
jw-letter-1775-29-to-william-alwood,jw/letters/1775/29-to-william-alwood,29 To William Alwood,jw-letters,True
jw-letter-1775-30-to-thomas-rankin,jw/letters/1775/30-to-thomas-rankin,30 To Thomas Rankin,jw-letters,True
jw-letter-1775-31-to-the-earl-of-dartmouth-secretary-of-state-for-th,jw/letters/1775/31-to-the-earl-of-dartmouth-secretary-of-state-for-th,31 To The Earl Of Dartmouth Secretary Of State For Th,jw-letters,True
jw-letter-1775-32-to-lord-north-first-lord-of-the-treasury,jw/letters/1775/32-to-lord-north-first-lord-of-the-treasury,32 To Lord North First Lord Of The Treasury,jw-letters,True
jw-letter-1775-33-to-thomas-wride,jw/letters/1775/33-to-thomas-wride,33 To Thomas Wride,jw-letters,True
jw-letter-1775-34-to-ann-bolton,jw/letters/1775/34-to-ann-bolton,34 To Ann Bolton,jw-letters,True
jw-letter-1775-35-to-miss-bolton-at-witney,jw/letters/1775/35-to-miss-bolton-at-witney,35 To Miss Bolton At Witney,jw-letters,True
jw-letter-1775-36-to-hannah-ball,jw/letters/1775/36-to-hannah-ball,36 To Hannah Ball,jw-letters,True
jw-letter-1775-37-to-james-dempster,jw/letters/1775/37-to-james-dempster,37 To James Dempster,jw-letters,True
jw-letter-1775-38-to-john-king,jw/letters/1775/38-to-john-king,38 To John King,jw-letters,True
jw-letter-1775-39-to-mary-lewis,jw/letters/1775/39-to-mary-lewis,39 To Mary Lewis,jw-letters,True
jw-letter-1775-40-to-thomas-rankin,jw/letters/1775/40-to-thomas-rankin,40 To Thomas Rankin,jw-letters,True
jw-letter-1775-41-to-mrs-woodhouse,jw/letters/1775/41-to-mrs-woodhouse,41 To Mrs Woodhouse,jw-letters,True
jw-letter-1775-42-to-mrs-woodhouse-at-mr-huttons,jw/letters/1775/42-to-mrs-woodhouse-at-mr-huttons,42 To Mrs Woodhouse At Mr Huttons,jw-letters,True
jw-letter-1775-43-to-ann-bolton,jw/letters/1775/43-to-ann-bolton,43 To Ann Bolton,jw-letters,True
jw-letter-1775-44-to-his-brother-charles,jw/letters/1775/44-to-his-brother-charles,44 To His Brother Charles,jw-letters,True
jw-letter-1775-45-to-his-brother-charles,jw/letters/1775/45-to-his-brother-charles,45 To His Brother Charles,jw-letters,True
jw-letter-1775-46-to-thomas-vasey,jw/letters/1775/46-to-thomas-vasey,46 To Thomas Vasey,jw-letters,True
jw-letter-1775-47-to-damaris-perronet,jw/letters/1775/47-to-damaris-perronet,47 To Damaris Perronet,jw-letters,True
jw-letter-1775-48-to-his-brother-charles,jw/letters/1775/48-to-his-brother-charles,48 To His Brother Charles,jw-letters,True
jw-letter-1775-49-to-thomas-rankin,jw/letters/1775/49-to-thomas-rankin,49 To Thomas Rankin,jw-letters,True
jw-letter-1775-50-to-ann-bolton,jw/letters/1775/50-to-ann-bolton,50 To Ann Bolton,jw-letters,True
jw-letter-1775-51-to-john-fletcher,jw/letters/1775/51-to-john-fletcher,51 To John Fletcher,jw-letters,True
jw-letter-1775-52-to-the-earl-of-dartmouth-secretary-of-state-for-th,jw/letters/1775/52-to-the-earl-of-dartmouth-secretary-of-state-for-th,52 To The Earl Of Dartmouth Secretary Of State For Th,jw-letters,True
jw-letter-1775-53-to-samuel-bradburn,jw/letters/1775/53-to-samuel-bradburn,53 To Samuel Bradburn,jw-letters,True
jw-letter-1775-54-to-john-crook,jw/letters/1775/54-to-john-crook,54 To John Crook,jw-letters,True
jw-letter-1775-55-to-alexander-hume,jw/letters/1775/55-to-alexander-hume,55 To Alexander Hume,jw-letters,True
jw-letter-1775-56-to-john-fletcher,jw/letters/1775/56-to-john-fletcher,56 To John Fletcher,jw-letters,True
jw-letter-1775-57-to-his-brother-charles,jw/letters/1775/57-to-his-brother-charles,57 To His Brother Charles,jw-letters,True
jw-letter-1775-58-to-his-brother-charles,jw/letters/1775/58-to-his-brother-charles,58 To His Brother Charles,jw-letters,True
jw-letter-1775-59-to-robert-costerdine,jw/letters/1775/59-to-robert-costerdine,59 To Robert Costerdine,jw-letters,True
jw-letter-1775-60-to-thomas-rankin,jw/letters/1775/60-to-thomas-rankin,60 To Thomas Rankin,jw-letters,True
jw-letter-1775-61-to-jasper-winscom,jw/letters/1775/61-to-jasper-winscom,61 To Jasper Winscom,jw-letters,True
jw-letter-1775-62-to-his-brother-charles,jw/letters/1775/62-to-his-brother-charles,62 To His Brother Charles,jw-letters,True
jw-letter-1775-63-to-joseph-benson,jw/letters/1775/63-to-joseph-benson,63 To Joseph Benson,jw-letters,True
jw-letter-1775-64-to-thomas-taylor,jw/letters/1775/64-to-thomas-taylor,64 To Thomas Taylor,jw-letters,True
jw-letter-1775-65-to-john-mason,jw/letters/1775/65-to-john-mason,65 To John Mason,jw-letters,True
jw-letter-1775-66-to-his-brother-charles,jw/letters/1775/66-to-his-brother-charles,66 To His Brother Charles,jw-letters,True
jw-letter-1775-67-to-james-rouquet,jw/letters/1775/67-to-james-rouquet,67 To James Rouquet,jw-letters,True
jw-letter-1775-68-to-christopher-hopper,jw/letters/1775/68-to-christopher-hopper,68 To Christopher Hopper,jw-letters,True
jw-letter-1775-69-to-james-rouquet,jw/letters/1775/69-to-james-rouquet,69 To James Rouquet,jw-letters,True
jw-letter-1775-70-to-william-pine,jw/letters/1775/70-to-william-pine,70 To William Pine,jw-letters,True
jw-letter-1775-71-to-mary-bosanquet,jw/letters/1775/71-to-mary-bosanquet,71 To Mary Bosanquet,jw-letters,True
jw-letter-1775-72-to-john-valton,jw/letters/1775/72-to-john-valton,72 To John Valton,jw-letters,True
jw-letter-1775-73-to-ann-bolton,jw/letters/1775/73-to-ann-bolton,73 To Ann Bolton,jw-letters,True
jw-letter-1775-74-to-samuel-bardsley,jw/letters/1775/74-to-samuel-bardsley,74 To Samuel Bardsley,jw-letters,True
jw-letter-1775-75-to-mr-bardsley-at-mr-garforths,jw/letters/1775/75-to-mr-bardsley-at-mr-garforths,75 To Mr Bardsley At Mr Garforths,jw-letters,False
jw-letter-1775-76-to-mrs-crosby,jw/letters/1775/76-to-mrs-crosby,76 To Mrs Crosby,jw-letters,True
jw-letter-1775-77-to-mrs-crosby-at-miss-bosanquets,jw/letters/1775/77-to-mrs-crosby-at-miss-bosanquets,77 To Mrs Crosby At Miss Bosanquets,jw-letters,True
jw-letter-1775-78-to-the-editor-of-lloyds-evening-post,jw/letters/1775/78-to-the-editor-of-lloyds-evening-post,78 To The Editor Of Lloyds Evening Post,jw-letters,True
jw-letter-1775-79-to-elizabeth-ritchie,jw/letters/1775/79-to-elizabeth-ritchie,79 To Elizabeth Ritchie,jw-letters,True
jw-letter-1775-80-to-caleb-evans,jw/letters/1775/80-to-caleb-evans,80 To Caleb Evans,jw-letters,True
jw-letter-1775-81-to-walter-churchey,jw/letters/1775/81-to-walter-churchey,81 To Walter Churchey,jw-letters,True
jw-letter-1775-82-to-the-society-pro-fide-et-christianismo,jw/letters/1775/82-to-the-society-pro-fide-et-christianismo,82 To The Society Pro Fide Et Christianismo,jw-letters,True
jw-letter-1775-83-to-the-earl-of-dartmouth-lord-privy-seal,jw/letters/1775/83-to-the-earl-of-dartmouth-lord-privy-seal,83 To The Earl Of Dartmouth Lord Privy Seal,jw-letters,True
jw-letter-1775-84-to-christopher-hopper,jw/letters/1775/84-to-christopher-hopper,84 To Christopher Hopper,jw-letters,True
jw-letter-1775-85-to-francis-wolfe,jw/letters/1775/85-to-francis-wolfe,85 To Francis Wolfe,jw-letters,True
jw-letter-1775-86-to-the-printer-of-the-gazetteer,jw/letters/1775/86-to-the-printer-of-the-gazetteer,86 To The Printer Of The Gazetteer,jw-letters,True
jw-letter-1776-01-to-richard-boardman,jw/letters/1776/01-to-richard-boardman,01 To Richard Boardman,jw-letters,True
jw-letter-1776-02-to-george-gidley,jw/letters/1776/02-to-george-gidley,02 To George Gidley,jw-letters,True
jw-letter-1776-03-to-mr-gidley-officer-of-excise-in-port-isaac,jw/letters/1776/03-to-mr-gidley-officer-of-excise-in-port-isaac,03 To Mr Gidley Officer Of Excise In Port Isaac,jw-letters,True
jw-letter-1776-04-to-ann-bolton,jw/letters/1776/04-to-ann-bolton,04 To Ann Bolton,jw-letters,True
jw-letter-1776-05-to-the-printer-of-the-gazetteer,jw/letters/1776/05-to-the-printer-of-the-gazetteer,05 To The Printer Of The Gazetteer,jw-letters,True
jw-letter-1776-06-to-alexander-knox,jw/letters/1776/06-to-alexander-knox,06 To Alexander Knox,jw-letters,True
jw-letter-1776-07-to-mary-bishop,jw/letters/1776/07-to-mary-bishop,07 To Mary Bishop,jw-letters,True
jw-letter-1776-08-to-matthew-mayer,jw/letters/1776/08-to-matthew-mayer,08 To Matthew Mayer,jw-letters,True
jw-letter-1776-09-to-christopher-hopper,jw/letters/1776/09-to-christopher-hopper,09 To Christopher Hopper,jw-letters,True
jw-letter-1776-10-to-miss-march,jw/letters/1776/10-to-miss-march,10 To Miss March,jw-letters,True
jw-letter-1776-11-to-john-mason,jw/letters/1776/11-to-john-mason,11 To John Mason,jw-letters,True
jw-letter-1776-12-to-joseph-benson,jw/letters/1776/12-to-joseph-benson,12 To Joseph Benson,jw-letters,True
jw-letter-1776-13-to-miss-march,jw/letters/1776/13-to-miss-march,13 To Miss March,jw-letters,True
jw-letter-1776-14-to-thomas-rutherford,jw/letters/1776/14-to-thomas-rutherford,14 To Thomas Rutherford,jw-letters,True
jw-letter-1776-15-to-mrs-woodhouse,jw/letters/1776/15-to-mrs-woodhouse,15 To Mrs Woodhouse,jw-letters,True
jw-letter-1776-16-to-samuel-bradburn,jw/letters/1776/16-to-samuel-bradburn,16 To Samuel Bradburn,jw-letters,True
jw-letter-1776-17-to-robert-costerdine,jw/letters/1776/17-to-robert-costerdine,17 To Robert Costerdine,jw-letters,True
jw-letter-1776-18-to-alexander-knox,jw/letters/1776/18-to-alexander-knox,18 To Alexander Knox,jw-letters,True
jw-letter-1776-19-to-christ-alone-resolved-to-live,jw/letters/1776/19-to-christ-alone-resolved-to-live,19 To Christ Alone Resolved To Live,jw-letters,True
jw-letter-1776-20-to-robert-costerdine,jw/letters/1776/20-to-robert-costerdine,20 To Robert Costerdine,jw-letters,True
jw-letter-1776-21-to-mary-bishop,jw/letters/1776/21-to-mary-bishop,21 To Mary Bishop,jw-letters,True
jw-letter-1776-22-to-mrs-hall,jw/letters/1776/22-to-mrs-hall,22 To Mrs Hall,jw-letters,True
jw-letter-1776-23-to-samuel-bradburn,jw/letters/1776/23-to-samuel-bradburn,23 To Samuel Bradburn,jw-letters,True
jw-letter-1776-24-to-james-barry,jw/letters/1776/24-to-james-barry,24 To James Barry,jw-letters,True
jw-letter-1776-25-to-mr-james-barry-at-the-preaching-house,jw/letters/1776/25-to-mr-james-barry-at-the-preaching-house,25 To Mr James Barry At The Preaching House,jw-letters,True
jw-letter-1776-26-to-hester-ann-roe,jw/letters/1776/26-to-hester-ann-roe,26 To Hester Ann Roe,jw-letters,True
jw-letter-1776-27-to-mrs-freeman,jw/letters/1776/27-to-mrs-freeman,27 To Mrs Freeman,jw-letters,True
jw-letter-1776-28-to-ann-bolton,jw/letters/1776/28-to-ann-bolton,28 To Ann Bolton,jw-letters,True
jw-letter-1776-29-to-christopher-hopper,jw/letters/1776/29-to-christopher-hopper,29 To Christopher Hopper,jw-letters,True
jw-letter-1776-30-to-mr-hopper-at-the-preaching-house,jw/letters/1776/30-to-mr-hopper-at-the-preaching-house,30 To Mr Hopper At The Preaching House,jw-letters,True
jw-letter-1776-31-to-alexander-knox,jw/letters/1776/31-to-alexander-knox,31 To Alexander Knox,jw-letters,True
jw-letter-1776-32-to-miss-j-c-march,jw/letters/1776/32-to-miss-j-c-march,32 To Miss J C March,jw-letters,True
jw-letter-1776-33-to-john-fletcher,jw/letters/1776/33-to-john-fletcher,33 To John Fletcher,jw-letters,True
jw-letter-1776-34-to-hester-ann-roe,jw/letters/1776/34-to-hester-ann-roe,34 To Hester Ann Roe,jw-letters,True
jw-letter-1776-35-to-mrs-hall,jw/letters/1776/35-to-mrs-hall,35 To Mrs Hall,jw-letters,True
jw-letter-1776-36-to-william-severn,jw/letters/1776/36-to-william-severn,36 To William Severn,jw-letters,True
jw-letter-1776-37-to-isaac-andrews,jw/letters/1776/37-to-isaac-andrews,37 To Isaac Andrews,jw-letters,True
jw-letter-1776-38-to-james-barry,jw/letters/1776/38-to-james-barry,38 To James Barry,jw-letters,True
jw-letter-1776-39-to-mr-james-barry-at-the-preaching-,jw/letters/1776/39-to-mr-james-barry-at-the-preaching-,39 To Mr James Barry At The Preaching ,jw-letters,True
jw-letter-1776-40-to-elizabeth-ritchie,jw/letters/1776/40-to-elizabeth-ritchie,40 To Elizabeth Ritchie,jw-letters,True
jw-letter-1776-41-to-joseph-benson,jw/letters/1776/41-to-joseph-benson,41 To Joseph Benson,jw-letters,True
jw-letter-1776-42-to-mrs-downes-dorothy-furly,jw/letters/1776/42-to-mrs-downes-dorothy-furly,42 To Mrs Downes Dorothy Furly,jw-letters,True
jw-letter-1776-43-to-mrs-dickinson,jw/letters/1776/43-to-mrs-dickinson,43 To Mrs Dickinson,jw-letters,True
jw-letter-1776-44-to-penelope-newman,jw/letters/1776/44-to-penelope-newman,44 To Penelope Newman,jw-letters,True
jw-letter-1776-45-to-john-crook,jw/letters/1776/45-to-john-crook,45 To John Crook,jw-letters,True
jw-letter-1776-46-to-dr-ford,jw/letters/1776/46-to-dr-ford,46 To Dr Ford,jw-letters,True
jw-letter-1776-47-to-elizabeth-ritchie,jw/letters/1776/47-to-elizabeth-ritchie,47 To Elizabeth Ritchie,jw-letters,True
jw-letter-1776-48-to-the-officer-of-excise,jw/letters/1776/48-to-the-officer-of-excise,48 To The Officer Of Excise,jw-letters,True
jw-letter-1776-49-to-thomas-carlill,jw/letters/1776/49-to-thomas-carlill,49 To Thomas Carlill,jw-letters,True
jw-letter-1776-50-to-hester-ann-roe,jw/letters/1776/50-to-hester-ann-roe,50 To Hester Ann Roe,jw-letters,True
jw-letter-1776-51-to-elizabeth-ritchie,jw/letters/1776/51-to-elizabeth-ritchie,51 To Elizabeth Ritchie,jw-letters,True
jw-letter-1776-52-to-mrs-downes,jw/letters/1776/52-to-mrs-downes,52 To Mrs Downes,jw-letters,True
jw-letter-1776-53-to-hester-ann-roe,jw/letters/1776/53-to-hester-ann-roe,53 To Hester Ann Roe,jw-letters,True
jw-letter-1776-54-to-members-and-friends-of-the-methodist-societies,jw/letters/1776/54-to-members-and-friends-of-the-methodist-societies,54 To Members And Friends Of The Methodist Societies,jw-letters,True
jw-letter-1776-55-to-joseph-benson,jw/letters/1776/55-to-joseph-benson,55 To Joseph Benson,jw-letters,True
jw-letter-1776-56-to-mrs-johnston-annandale-lisleen,jw/letters/1776/56-to-mrs-johnston-annandale-lisleen,56 To Mrs Johnston Annandale Lisleen,jw-letters,True
jw-letter-1776-57-to-samuel-bardsley,jw/letters/1776/57-to-samuel-bardsley,57 To Samuel Bardsley,jw-letters,True
jw-letter-1776-58-to-mr-samuel-bardsley-at,jw/letters/1776/58-to-mr-samuel-bardsley-at,58 To Mr Samuel Bardsley At,jw-letters,False
jw-letter-1776-59-to-francis-wolfe,jw/letters/1776/59-to-francis-wolfe,59 To Francis Wolfe,jw-letters,True
jw-letter-1776-60-to-joseph-benson,jw/letters/1776/60-to-joseph-benson,60 To Joseph Benson,jw-letters,True
jw-letter-1776-61-to-elizabeth-ritchie,jw/letters/1776/61-to-elizabeth-ritchie,61 To Elizabeth Ritchie,jw-letters,True
jw-letter-1776-62-to-john-mason,jw/letters/1776/62-to-john-mason,62 To John Mason,jw-letters,True
jw-letter-1776-63-to-thomas-carlill,jw/letters/1776/63-to-thomas-carlill,63 To Thomas Carlill,jw-letters,True
jw-letter-1776-64-to-joseph-benson,jw/letters/1776/64-to-joseph-benson,64 To Joseph Benson,jw-letters,True
jw-letter-1776-65-to-william-minethorp,jw/letters/1776/65-to-william-minethorp,65 To William Minethorp,jw-letters,True
jw-letter-1776-66-to-hannah-ball,jw/letters/1776/66-to-hannah-ball,66 To Hannah Ball,jw-letters,True
jw-letter-1776-67-to-thomas-rutherford,jw/letters/1776/67-to-thomas-rutherford,67 To Thomas Rutherford,jw-letters,True
jw-letter-1776-68-to-penelope-newman,jw/letters/1776/68-to-penelope-newman,68 To Penelope Newman,jw-letters,True
jw-letter-1776-69-to-mrs-bennis,jw/letters/1776/69-to-mrs-bennis,69 To Mrs Bennis,jw-letters,True
jw-letter-1776-70-to-joseph-benson,jw/letters/1776/70-to-joseph-benson,70 To Joseph Benson,jw-letters,True
jw-letter-1776-71-to-mary-bishop,jw/letters/1776/71-to-mary-bishop,71 To Mary Bishop,jw-letters,True
jw-letter-1776-72-to-robert-costerdine,jw/letters/1776/72-to-robert-costerdine,72 To Robert Costerdine,jw-letters,True
jw-letter-1776-73-to-mr-robert-costerdine-at-the-rev-mr-wesleys,jw/letters/1776/73-to-mr-robert-costerdine-at-the-rev-mr-wesleys,73 To Mr Robert Costerdine At The Rev Mr Wesleys,jw-letters,True
jw-letter-1777-01-to-joseph-benson,jw/letters/1777/01-to-joseph-benson,01 To Joseph Benson,jw-letters,True
jw-letter-1777-02-to-francis-wolfe,jw/letters/1777/02-to-francis-wolfe,02 To Francis Wolfe,jw-letters,True
jw-letter-1777-03-to-mr-wolfe-at-mr-walters,jw/letters/1777/03-to-mr-wolfe-at-mr-walters,03 To Mr Wolfe At Mr Walters,jw-letters,True
jw-letter-1777-04-to-thomas-wride,jw/letters/1777/04-to-thomas-wride,04 To Thomas Wride,jw-letters,True
jw-letter-1777-05-to-mrs-woodhouse,jw/letters/1777/05-to-mrs-woodhouse,05 To Mrs Woodhouse,jw-letters,True
jw-letter-1777-06-to-christopher-hopper,jw/letters/1777/06-to-christopher-hopper,06 To Christopher Hopper,jw-letters,True
jw-letter-1777-07-to-mr-hopper-at-the-preaching-house,jw/letters/1777/07-to-mr-hopper-at-the-preaching-house,07 To Mr Hopper At The Preaching House,jw-letters,True
jw-letter-1777-08-to-samuel-bardsley,jw/letters/1777/08-to-samuel-bardsley,08 To Samuel Bardsley,jw-letters,True
jw-letter-1777-09-to-joseph-benson,jw/letters/1777/09-to-joseph-benson,09 To Joseph Benson,jw-letters,True
jw-letter-1777-10-to-mrs-johnston-annandale-lisleen,jw/letters/1777/10-to-mrs-johnston-annandale-lisleen,10 To Mrs Johnston Annandale Lisleen,jw-letters,True
jw-letter-1777-11-to-robert-costerdine,jw/letters/1777/11-to-robert-costerdine,11 To Robert Costerdine,jw-letters,True
jw-letter-1777-12-to-mrs-barton,jw/letters/1777/12-to-mrs-barton,12 To Mrs Barton,jw-letters,True
jw-letter-1777-13-to-samuel-bradburn,jw/letters/1777/13-to-samuel-bradburn,13 To Samuel Bradburn,jw-letters,True
jw-letter-1777-14-to-joseph-benson,jw/letters/1777/14-to-joseph-benson,14 To Joseph Benson,jw-letters,True
jw-letter-1777-15-to-hannah-ball,jw/letters/1777/15-to-hannah-ball,15 To Hannah Ball,jw-letters,True
jw-letter-1777-16-to-mary-bishop,jw/letters/1777/16-to-mary-bishop,16 To Mary Bishop,jw-letters,True
jw-letter-1777-17-to-christopher-hopper,jw/letters/1777/17-to-christopher-hopper,17 To Christopher Hopper,jw-letters,True
jw-letter-1777-18-to-alexander-knox,jw/letters/1777/18-to-alexander-knox,18 To Alexander Knox,jw-letters,True
jw-letter-1777-19-to-mrs-johnston-annandale-lisleen,jw/letters/1777/19-to-mrs-johnston-annandale-lisleen,19 To Mrs Johnston Annandale Lisleen,jw-letters,True
jw-letter-1777-20-to-ann-bolton,jw/letters/1777/20-to-ann-bolton,20 To Ann Bolton,jw-letters,True
jw-letter-1777-21-to-penelope-newman,jw/letters/1777/21-to-penelope-newman,21 To Penelope Newman,jw-letters,True
jw-letter-1777-22-to-miss-march,jw/letters/1777/22-to-miss-march,22 To Miss March,jw-letters,True
jw-letter-1777-23-to-lady-maxwell,jw/letters/1777/23-to-lady-maxwell,23 To Lady Maxwell,jw-letters,True
jw-letter-1777-24-to-thomas-wride,jw/letters/1777/24-to-thomas-wride,24 To Thomas Wride,jw-letters,True
jw-letter-1777-25-to-thomas-carlill,jw/letters/1777/25-to-thomas-carlill,25 To Thomas Carlill,jw-letters,True
jw-letter-1777-26-to-hannah-ball,jw/letters/1777/26-to-hannah-ball,26 To Hannah Ball,jw-letters,True
jw-letter-1777-27-to-elizabeth-ritchie,jw/letters/1777/27-to-elizabeth-ritchie,27 To Elizabeth Ritchie,jw-letters,True
jw-letter-1777-28-to-walter-churchey,jw/letters/1777/28-to-walter-churchey,28 To Walter Churchey,jw-letters,True
jw-letter-1777-29-to-mary-bishop,jw/letters/1777/29-to-mary-bishop,29 To Mary Bishop,jw-letters,True
jw-letter-1777-30-to-mr-----,jw/letters/1777/30-to-mr-----,30 To Mr     ,jw-letters,True
jw-letter-1777-31-to-joseph-benson,jw/letters/1777/31-to-joseph-benson,31 To Joseph Benson,jw-letters,True
jw-letter-1777-32-to-john-bredin,jw/letters/1777/32-to-john-bredin,32 To John Bredin,jw-letters,True
jw-letter-1777-33-to-mr-bredin-at-mr-john-fitzhenrys,jw/letters/1777/33-to-mr-bredin-at-mr-john-fitzhenrys,33 To Mr Bredin At Mr John Fitzhenrys,jw-letters,False
jw-letter-1777-34-to-mrs-barton,jw/letters/1777/34-to-mrs-barton,34 To Mrs Barton,jw-letters,True
jw-letter-1777-35-to-alexander-knox,jw/letters/1777/35-to-alexander-knox,35 To Alexander Knox,jw-letters,True
jw-letter-1777-36-to-elizabeth-ritchie,jw/letters/1777/36-to-elizabeth-ritchie,36 To Elizabeth Ritchie,jw-letters,True
jw-letter-1777-37-to-george-robinson,jw/letters/1777/37-to-george-robinson,37 To George Robinson,jw-letters,True
jw-letter-1777-38-to-mr-geo-robinson-at-langham-row,jw/letters/1777/38-to-mr-geo-robinson-at-langham-row,38 To Mr Geo Robinson At Langham Row,jw-letters,True
jw-letter-1777-39-to-alexander-mather,jw/letters/1777/39-to-alexander-mather,39 To Alexander Mather,jw-letters,True
jw-letter-1777-40-to-elizabeth-ritchie,jw/letters/1777/40-to-elizabeth-ritchie,40 To Elizabeth Ritchie,jw-letters,True
jw-letter-1777-41-to-alexander-knox,jw/letters/1777/41-to-alexander-knox,41 To Alexander Knox,jw-letters,True
jw-letter-1777-42-to-his-wife,jw/letters/1777/42-to-his-wife,42 To His Wife,jw-letters,True
jw-letter-1777-43-to-his-great-niece-patience-ellison,jw/letters/1777/43-to-his-great-niece-patience-ellison,43 To His Great Niece Patience Ellison,jw-letters,True
jw-letter-1777-44-to-alexander-clark,jw/letters/1777/44-to-alexander-clark,44 To Alexander Clark,jw-letters,True
jw-letter-1777-45-to-alexander-clark,jw/letters/1777/45-to-alexander-clark,45 To Alexander Clark,jw-letters,True
jw-letter-1777-46-to-alexander-clark,jw/letters/1777/46-to-alexander-clark,46 To Alexander Clark,jw-letters,True
jw-letter-1777-47-to-samuel-wells,jw/letters/1777/47-to-samuel-wells,47 To Samuel Wells,jw-letters,True
jw-letter-1777-48-to-mary-bishop,jw/letters/1777/48-to-mary-bishop,48 To Mary Bishop,jw-letters,True
jw-letter-1777-49-to-ann-bolton,jw/letters/1777/49-to-ann-bolton,49 To Ann Bolton,jw-letters,True
jw-letter-1777-50-to-duncan-mcallum,jw/letters/1777/50-to-duncan-mcallum,50 To Duncan Mcallum,jw-letters,True
jw-letter-1777-51-to-ann-bolton,jw/letters/1777/51-to-ann-bolton,51 To Ann Bolton,jw-letters,True
jw-letter-1777-52-to-mrs-smyth,jw/letters/1777/52-to-mrs-smyth,52 To Mrs Smyth,jw-letters,True
jw-letter-1777-53-to-walter-churchey,jw/letters/1777/53-to-walter-churchey,53 To Walter Churchey,jw-letters,True
jw-letter-1777-54-to-christopher-hopper,jw/letters/1777/54-to-christopher-hopper,54 To Christopher Hopper,jw-letters,True
jw-letter-1777-55-to-joseph-benson,jw/letters/1777/55-to-joseph-benson,55 To Joseph Benson,jw-letters,True
jw-letter-1777-56-to-mary-bishop,jw/letters/1777/56-to-mary-bishop,56 To Mary Bishop,jw-letters,True
jw-letter-1777-57-to-miss-bishop-at-mrs-taylors,jw/letters/1777/57-to-miss-bishop-at-mrs-taylors,57 To Miss Bishop At Mrs Taylors,jw-letters,True
jw-letter-1777-58-to-mrs-barton,jw/letters/1777/58-to-mrs-barton,58 To Mrs Barton,jw-letters,True
jw-letter-1777-59-to-mrs-jane-barton-in-norwood,jw/letters/1777/59-to-mrs-jane-barton-in-norwood,59 To Mrs Jane Barton In Norwood,jw-letters,True
jw-letter-1777-60-to-the-assistant-preachers,jw/letters/1777/60-to-the-assistant-preachers,60 To The Assistant Preachers,jw-letters,True
jw-letter-1777-61-to-mr------,jw/letters/1777/61-to-mr------,61 To Mr      ,jw-letters,True
jw-letter-1777-62-to-william-ripley,jw/letters/1777/62-to-william-ripley,62 To William Ripley,jw-letters,True
jw-letter-1777-63-to-mary-bishop,jw/letters/1777/63-to-mary-bishop,63 To Mary Bishop,jw-letters,True
jw-letter-1777-64-to-thomas-rutherford,jw/letters/1777/64-to-thomas-rutherford,64 To Thomas Rutherford,jw-letters,True
jw-letter-1777-65-to-the-reader-of-the-arminian-magazine,jw/letters/1777/65-to-the-reader-of-the-arminian-magazine,65 To The Reader Of The Arminian Magazine,jw-letters,True
jw-letter-1777-66-to-mrs-crosby,jw/letters/1777/66-to-mrs-crosby,66 To Mrs Crosby,jw-letters,True
jw-letter-1777-67-to-joseph-benson,jw/letters/1777/67-to-joseph-benson,67 To Joseph Benson,jw-letters,True
jw-letter-1777-68-to-miss-march,jw/letters/1777/68-to-miss-march,68 To Miss March,jw-letters,True
jw-letter-1777-69-to-mr-powell,jw/letters/1777/69-to-mr-powell,69 To Mr Powell,jw-letters,True
jw-letter-1777-70-to-thomas-rutherford,jw/letters/1777/70-to-thomas-rutherford,70 To Thomas Rutherford,jw-letters,True
jw-letter-1777-71-to-john-bredin,jw/letters/1777/71-to-john-bredin,71 To John Bredin,jw-letters,True
jw-letter-1778-01-to-mrs-johnston-annandde-listeen,jw/letters/1778/01-to-mrs-johnston-annandde-listeen,01 To Mrs Johnston Annandde Listeen,jw-letters,True
jw-letter-1778-02-to-thomas-taylor,jw/letters/1778/02-to-thomas-taylor,02 To Thomas Taylor,jw-letters,True
jw-letter-1778-03-to-duncan-mcallum,jw/letters/1778/03-to-duncan-mcallum,03 To Duncan Mcallum,jw-letters,True
jw-letter-1778-04-to-thomas-carlill,jw/letters/1778/04-to-thomas-carlill,04 To Thomas Carlill,jw-letters,True
jw-letter-1778-05-to-ann-bolton,jw/letters/1778/05-to-ann-bolton,05 To Ann Bolton,jw-letters,True
jw-letter-1778-06-to-mary-bishop,jw/letters/1778/06-to-mary-bishop,06 To Mary Bishop,jw-letters,True
jw-letter-1778-07-to-duncan-mcallum,jw/letters/1778/07-to-duncan-mcallum,07 To Duncan Mcallum,jw-letters,True
jw-letter-1778-08-to-samuel-bardsley,jw/letters/1778/08-to-samuel-bardsley,08 To Samuel Bardsley,jw-letters,True
jw-letter-1778-09-to-mrs-johnston-annandale-lisleen,jw/letters/1778/09-to-mrs-johnston-annandale-lisleen,09 To Mrs Johnston Annandale Lisleen,jw-letters,True
jw-letter-1778-10-to-thomas-maxfield,jw/letters/1778/10-to-thomas-maxfield,10 To Thomas Maxfield,jw-letters,True
jw-letter-1778-11-to-christopher-hopper,jw/letters/1778/11-to-christopher-hopper,11 To Christopher Hopper,jw-letters,True
jw-letter-1778-12-to-mary-bosanquet,jw/letters/1778/12-to-mary-bosanquet,12 To Mary Bosanquet,jw-letters,True
jw-letter-1778-13-to-john-valton,jw/letters/1778/13-to-john-valton,13 To John Valton,jw-letters,True
jw-letter-1778-14-to-mr-valton-at-the-methodist,jw/letters/1778/14-to-mr-valton-at-the-methodist,14 To Mr Valton At The Methodist,jw-letters,True
jw-letter-1778-15-to-alexander-knox,jw/letters/1778/15-to-alexander-knox,15 To Alexander Knox,jw-letters,True
jw-letter-1778-16-to-kitty-warren,jw/letters/1778/16-to-kitty-warren,16 To Kitty Warren,jw-letters,True
jw-letter-1778-17-to-alexander-knox,jw/letters/1778/17-to-alexander-knox,17 To Alexander Knox,jw-letters,True
jw-letter-1778-18-to-thomas-wride,jw/letters/1778/18-to-thomas-wride,18 To Thomas Wride,jw-letters,True
jw-letter-1778-19-to-mary-bishop,jw/letters/1778/19-to-mary-bishop,19 To Mary Bishop,jw-letters,True
jw-letter-1778-20-to-mrs-johnston-annandale-lisleen,jw/letters/1778/20-to-mrs-johnston-annandale-lisleen,20 To Mrs Johnston Annandale Lisleen,jw-letters,True
jw-letter-1778-21-to-samuel-bradburn,jw/letters/1778/21-to-samuel-bradburn,21 To Samuel Bradburn,jw-letters,True
jw-letter-1778-22-to-alexander-knox,jw/letters/1778/22-to-alexander-knox,22 To Alexander Knox,jw-letters,True
jw-letter-1778-23-to-george-gidley,jw/letters/1778/23-to-george-gidley,23 To George Gidley,jw-letters,True
jw-letter-1778-24-to-alexander-knox,jw/letters/1778/24-to-alexander-knox,24 To Alexander Knox,jw-letters,True
jw-letter-1778-25-to-mrs-johnston-annandale-lisleen,jw/letters/1778/25-to-mrs-johnston-annandale-lisleen,25 To Mrs Johnston Annandale Lisleen,jw-letters,True
jw-letter-1778-26-to-duncan-mcallum,jw/letters/1778/26-to-duncan-mcallum,26 To Duncan Mcallum,jw-letters,True
jw-letter-1778-27-to-pendope-newman,jw/letters/1778/27-to-pendope-newman,27 To Pendope Newman,jw-letters,True
jw-letter-1778-28-to-arthur-keene,jw/letters/1778/28-to-arthur-keene,28 To Arthur Keene,jw-letters,True
jw-letter-1778-29-to-mrs-woodhouse,jw/letters/1778/29-to-mrs-woodhouse,29 To Mrs Woodhouse,jw-letters,True
jw-letter-1778-30-to-alexander-knox,jw/letters/1778/30-to-alexander-knox,30 To Alexander Knox,jw-letters,True
jw-letter-1778-31-to-mary-bishop,jw/letters/1778/31-to-mary-bishop,31 To Mary Bishop,jw-letters,True
jw-letter-1778-32-to-richard-locke,jw/letters/1778/32-to-richard-locke,32 To Richard Locke,jw-letters,True
jw-letter-1778-33-to-kitty-warren,jw/letters/1778/33-to-kitty-warren,33 To Kitty Warren,jw-letters,True
jw-letter-1778-34-to-alexander-knox,jw/letters/1778/34-to-alexander-knox,34 To Alexander Knox,jw-letters,True
jw-letter-1778-35-to-samuel-tooth,jw/letters/1778/35-to-samuel-tooth,35 To Samuel Tooth,jw-letters,True
jw-letter-1778-36-to-mr-sam-tooth-carpr-worship,jw/letters/1778/36-to-mr-sam-tooth-carpr-worship,36 To Mr Sam Tooth Carpr Worship,jw-letters,False
jw-letter-1778-37-to-samuel-tooth,jw/letters/1778/37-to-samuel-tooth,37 To Samuel Tooth,jw-letters,True
jw-letter-1778-38-to-his-wife,jw/letters/1778/38-to-his-wife,38 To His Wife,jw-letters,True
jw-letter-1778-39-to-elizabeth-ritchie,jw/letters/1778/39-to-elizabeth-ritchie,39 To Elizabeth Ritchie,jw-letters,True
jw-letter-1778-40-to-cornelius-bayley,jw/letters/1778/40-to-cornelius-bayley,40 To Cornelius Bayley,jw-letters,True
jw-letter-1778-41-to-william-church,jw/letters/1778/41-to-william-church,41 To William Church,jw-letters,True
jw-letter-1778-42-to-samuel-bradburn,jw/letters/1778/42-to-samuel-bradburn,42 To Samuel Bradburn,jw-letters,True
jw-letter-1778-43-to-mary-bishop,jw/letters/1778/43-to-mary-bishop,43 To Mary Bishop,jw-letters,True
jw-letter-1778-44-to-alexander-knox,jw/letters/1778/44-to-alexander-knox,44 To Alexander Knox,jw-letters,True
jw-letter-1778-45-to-christopher-hopper,jw/letters/1778/45-to-christopher-hopper,45 To Christopher Hopper,jw-letters,True
jw-letter-1778-46-to-kitty-warren,jw/letters/1778/46-to-kitty-warren,46 To Kitty Warren,jw-letters,True
jw-letter-1778-47-to-mrs-cousins,jw/letters/1778/47-to-mrs-cousins,47 To Mrs Cousins,jw-letters,True
jw-letter-1778-48-to-mrs-barton,jw/letters/1778/48-to-mrs-barton,48 To Mrs Barton,jw-letters,True
jw-letter-1778-49-to-mrs-woodhouse,jw/letters/1778/49-to-mrs-woodhouse,49 To Mrs Woodhouse,jw-letters,True
jw-letter-1778-50-to-mrs-woodhouse-at-mr-huttons,jw/letters/1778/50-to-mrs-woodhouse-at-mr-huttons,50 To Mrs Woodhouse At Mr Huttons,jw-letters,True
jw-letter-1778-51-to-hannah-ball,jw/letters/1778/51-to-hannah-ball,51 To Hannah Ball,jw-letters,True
jw-letter-1778-52-to-mrs-crosby,jw/letters/1778/52-to-mrs-crosby,52 To Mrs Crosby,jw-letters,True
jw-letter-1778-53-to-john-toocks,jw/letters/1778/53-to-john-toocks,53 To John Toocks,jw-letters,True
jw-letter-1778-54-to-mr-john-tooelm-at-mr-treffs,jw/letters/1778/54-to-mr-john-tooelm-at-mr-treffs,54 To Mr John Tooelm At Mr Treffs,jw-letters,False
jw-letter-1778-55-to-captain-richard-williams,jw/letters/1778/55-to-captain-richard-williams,55 To Captain Richard Williams,jw-letters,True
jw-letter-1779-01-to-mr---,jw/letters/1779/01-to-mr---,01 To Mr   ,jw-letters,True
jw-letter-1779-02-to-the-society-at-keighley,jw/letters/1779/02-to-the-society-at-keighley,02 To The Society At Keighley,jw-letters,True
jw-letter-1779-03-to-kitty-warren,jw/letters/1779/03-to-kitty-warren,03 To Kitty Warren,jw-letters,True
jw-letter-1779-04-to-jasper-winscom,jw/letters/1779/04-to-jasper-winscom,04 To Jasper Winscom,jw-letters,True
jw-letter-1779-05-to-elizabeth-morgan,jw/letters/1779/05-to-elizabeth-morgan,05 To Elizabeth Morgan,jw-letters,True
jw-letter-1779-06-to-george-gidley,jw/letters/1779/06-to-george-gidley,06 To George Gidley,jw-letters,True
jw-letter-1779-07-to-samuel-wells,jw/letters/1779/07-to-samuel-wells,07 To Samuel Wells,jw-letters,True
jw-letter-1779-08-to-mr-samuel-wells-at-mr-gidleys,jw/letters/1779/08-to-mr-samuel-wells-at-mr-gidleys,08 To Mr Samuel Wells At Mr Gidleys,jw-letters,False
jw-letter-1779-09-to-elizabeth-padbury,jw/letters/1779/09-to-elizabeth-padbury,09 To Elizabeth Padbury,jw-letters,True
jw-letter-1779-10-to-mrs-barton,jw/letters/1779/10-to-mrs-barton,10 To Mrs Barton,jw-letters,True
jw-letter-1779-11-to-charles-delamotte,jw/letters/1779/11-to-charles-delamotte,11 To Charles Delamotte,jw-letters,True
jw-letter-1779-12-to-hester-ann-roe,jw/letters/1779/12-to-hester-ann-roe,12 To Hester Ann Roe,jw-letters,True
jw-letter-1779-13-to-elizabeth-ritchie,jw/letters/1779/13-to-elizabeth-ritchie,13 To Elizabeth Ritchie,jw-letters,True
jw-letter-1779-14-to-samuel-bradburn,jw/letters/1779/14-to-samuel-bradburn,14 To Samuel Bradburn,jw-letters,True
jw-letter-1779-15-to-mrs-knapp,jw/letters/1779/15-to-mrs-knapp,15 To Mrs Knapp,jw-letters,True
jw-letter-1779-16-to-hannah-ball,jw/letters/1779/16-to-hannah-ball,16 To Hannah Ball,jw-letters,True
jw-letter-1779-17-to-george-robinson,jw/letters/1779/17-to-george-robinson,17 To George Robinson,jw-letters,True
jw-letter-1779-18-to-mr-robinson-at-langham-row,jw/letters/1779/18-to-mr-robinson-at-langham-row,18 To Mr Robinson At Langham Row,jw-letters,True
jw-letter-1779-19-to-samuel-bardsley,jw/letters/1779/19-to-samuel-bardsley,19 To Samuel Bardsley,jw-letters,True
jw-letter-1779-20-to-thomas-rankin,jw/letters/1779/20-to-thomas-rankin,20 To Thomas Rankin,jw-letters,True
jw-letter-1779-21-to-george-gidley,jw/letters/1779/21-to-george-gidley,21 To George Gidley,jw-letters,True
jw-letter-1779-22-to-mrs-hall,jw/letters/1779/22-to-mrs-hall,22 To Mrs Hall,jw-letters,True
jw-letter-1779-23-to-ann-bolton,jw/letters/1779/23-to-ann-bolton,23 To Ann Bolton,jw-letters,True
jw-letter-1779-24-to-mrs-gair,jw/letters/1779/24-to-mrs-gair,24 To Mrs Gair,jw-letters,True
jw-letter-1779-25-to-thomas-carlill,jw/letters/1779/25-to-thomas-carlill,25 To Thomas Carlill,jw-letters,True
jw-letter-1779-26-to-mr-carlill-at-mr-morriss,jw/letters/1779/26-to-mr-carlill-at-mr-morriss,26 To Mr Carlill At Mr Morriss,jw-letters,False
jw-letter-1779-27-to-samuel-bardsley,jw/letters/1779/27-to-samuel-bardsley,27 To Samuel Bardsley,jw-letters,True
jw-letter-1779-28-to-samuel-bradburn,jw/letters/1779/28-to-samuel-bradburn,28 To Samuel Bradburn,jw-letters,True
jw-letter-1779-29-to-samuel-bradburn,jw/letters/1779/29-to-samuel-bradburn,29 To Samuel Bradburn,jw-letters,True
jw-letter-1779-30-to-duncan-mcallum,jw/letters/1779/30-to-duncan-mcallum,30 To Duncan Mcallum,jw-letters,True
jw-letter-1779-31-to-mr-duncan-mcallum-at-mr,jw/letters/1779/31-to-mr-duncan-mcallum-at-mr,31 To Mr Duncan Mcallum At Mr,jw-letters,True
jw-letter-1779-32-to-john-bredin,jw/letters/1779/32-to-john-bredin,32 To John Bredin,jw-letters,True
jw-letter-1779-33-to-mr-john-bredin-at-mr-charles,jw/letters/1779/33-to-mr-john-bredin-at-mr-charles,33 To Mr John Bredin At Mr Charles,jw-letters,True
jw-letter-1779-34-to-miss-livingston,jw/letters/1779/34-to-miss-livingston,34 To Miss Livingston,jw-letters,True
jw-letter-1779-35-to-mrs-woodhouse,jw/letters/1779/35-to-mrs-woodhouse,35 To Mrs Woodhouse,jw-letters,True
jw-letter-1779-36-to-min-woodhouse-at-mr-huttons,jw/letters/1779/36-to-min-woodhouse-at-mr-huttons,36 To Min Woodhouse At Mr Huttons,jw-letters,True
jw-letter-1779-37-to-alexander-knox,jw/letters/1779/37-to-alexander-knox,37 To Alexander Knox,jw-letters,True
jw-letter-1779-38-to-william-church,jw/letters/1779/38-to-william-church,38 To William Church,jw-letters,True
jw-letter-1779-39-to-duncan-mcallum,jw/letters/1779/39-to-duncan-mcallum,39 To Duncan Mcallum,jw-letters,True
jw-letter-1779-40-to-samuel-bradburn,jw/letters/1779/40-to-samuel-bradburn,40 To Samuel Bradburn,jw-letters,True
jw-letter-1779-41-to-thomas-wride,jw/letters/1779/41-to-thomas-wride,41 To Thomas Wride,jw-letters,True
jw-letter-1779-42-to-kitty-warren,jw/letters/1779/42-to-kitty-warren,42 To Kitty Warren,jw-letters,True
jw-letter-1779-43-to-william-ferguson,jw/letters/1779/43-to-william-ferguson,43 To William Ferguson,jw-letters,True
jw-letter-1779-44-to-mrs-johnston-annandale-lisleen,jw/letters/1779/44-to-mrs-johnston-annandale-lisleen,44 To Mrs Johnston Annandale Lisleen,jw-letters,True
jw-letter-1779-45-to-robert-cart-brackenbury,jw/letters/1779/45-to-robert-cart-brackenbury,45 To Robert Cart Brackenbury,jw-letters,True
jw-letter-1779-46-to-william-church,jw/letters/1779/46-to-william-church,46 To William Church,jw-letters,True
jw-letter-1779-47-to-mr-will-church-at-mr-colleys,jw/letters/1779/47-to-mr-will-church-at-mr-colleys,47 To Mr Will Church At Mr Colleys,jw-letters,True
jw-letter-1779-48-to-james-creighton,jw/letters/1779/48-to-james-creighton,48 To James Creighton,jw-letters,True
jw-letter-1779-49-to-thomas-carlill,jw/letters/1779/49-to-thomas-carlill,49 To Thomas Carlill,jw-letters,True
jw-letter-1779-50-to-zachariah-yewdall,jw/letters/1779/50-to-zachariah-yewdall,50 To Zachariah Yewdall,jw-letters,True
jw-letter-1779-51-to-samuel-bradburn,jw/letters/1779/51-to-samuel-bradburn,51 To Samuel Bradburn,jw-letters,True
jw-letter-1779-52-to-kitty-warren,jw/letters/1779/52-to-kitty-warren,52 To Kitty Warren,jw-letters,True
jw-letter-1779-53-to-hannah-ball,jw/letters/1779/53-to-hannah-ball,53 To Hannah Ball,jw-letters,True
jw-letter-1779-54-to-the-methodist-societies,jw/letters/1779/54-to-the-methodist-societies,54 To The Methodist Societies,jw-letters,True
jw-letter-1779-55-to-thomas-wride,jw/letters/1779/55-to-thomas-wride,55 To Thomas Wride,jw-letters,True
jw-letter-1779-56-to-mrs-barton,jw/letters/1779/56-to-mrs-barton,56 To Mrs Barton,jw-letters,True
jw-letter-1779-57-to-john-bredin,jw/letters/1779/57-to-john-bredin,57 To John Bredin,jw-letters,True
jw-letter-1779-58-to-thomas-rutherford,jw/letters/1779/58-to-thomas-rutherford,58 To Thomas Rutherford,jw-letters,True
jw-letter-1779-59-to-the-society-in-margate,jw/letters/1779/59-to-the-society-in-margate,59 To The Society In Margate,jw-letters,True
jw-letter-1779-60-to-mr---,jw/letters/1779/60-to-mr---,60 To Mr   ,jw-letters,True
jw-letter-1779-61-to-abraham-brames,jw/letters/1779/61-to-abraham-brames,61 To Abraham Brames,jw-letters,True
jw-letter-1779-62-to-alexander-knox,jw/letters/1779/62-to-alexander-knox,62 To Alexander Knox,jw-letters,True
jw-letter-1779-63-to-robert-cart,jw/letters/1779/63-to-robert-cart,63 To Robert Cart,jw-letters,True
jw-letter-1779-64-to-joseph-benson,jw/letters/1779/64-to-joseph-benson,64 To Joseph Benson,jw-letters,True
jw-letter-1779-65-to-sarnuel-bradburn,jw/letters/1779/65-to-sarnuel-bradburn,65 To Sarnuel Bradburn,jw-letters,True
jw-letter-1780a-01-to-mr---,jw/letters/1780a/01-to-mr---,A 01 To Mr   ,jw-letters,True
jw-letter-1780a-02-to-mrs-rose,jw/letters/1780a/02-to-mrs-rose,A 02 To Mrs Rose,jw-letters,True
jw-letter-1780a-03-to-thomas-carlill,jw/letters/1780a/03-to-thomas-carlill,A 03 To Thomas Carlill,jw-letters,True
jw-letter-1780a-04-to-mr-carlill-at-mrs-cumberlands,jw/letters/1780a/04-to-mr-carlill-at-mrs-cumberlands,A 04 To Mr Carlill At Mrs Cumberlands,jw-letters,False
jw-letter-1780a-05-to-william-church,jw/letters/1780a/05-to-william-church,A 05 To William Church,jw-letters,True
jw-letter-1780a-06-to-mr-will-church-at-mr-john,jw/letters/1780a/06-to-mr-will-church-at-mr-john,A 06 To Mr Will Church At Mr John,jw-letters,True
jw-letter-1780a-07-to-the-printer-of-the-public-advertiser,jw/letters/1780a/07-to-the-printer-of-the-public-advertiser,A 07 To The Printer Of The Public Advertiser,jw-letters,True
jw-letter-1780a-08-to-ann-bolton,jw/letters/1780a/08-to-ann-bolton,A 08 To Ann Bolton,jw-letters,True
jw-letter-1780a-09-to-abraham-brames,jw/letters/1780a/09-to-abraham-brames,A 09 To Abraham Brames,jw-letters,True
jw-letter-1780a-10-to-mr-abr-brames-at-the-preaching,jw/letters/1780a/10-to-mr-abr-brames-at-the-preaching,A 10 To Mr Abr Brames At The Preaching,jw-letters,False
jw-letter-1780a-11-to-lancelot-harrison,jw/letters/1780a/11-to-lancelot-harrison,A 11 To Lancelot Harrison,jw-letters,True
jw-letter-1780a-12-to-mr-l-harrison-at-dr-kershaws,jw/letters/1780a/12-to-mr-l-harrison-at-dr-kershaws,A 12 To Mr L Harrison At Dr Kershaws,jw-letters,False
jw-letter-1780a-13-to-thomas-taylor,jw/letters/1780a/13-to-thomas-taylor,A 13 To Thomas Taylor,jw-letters,True
jw-letter-1780a-14-to-mrs-crosby,jw/letters/1780a/14-to-mrs-crosby,A 14 To Mrs Crosby,jw-letters,True
jw-letter-1780a-15-to-mrs-crosby-at,jw/letters/1780a/15-to-mrs-crosby-at,A 15 To Mrs Crosby At,jw-letters,False
jw-letter-1780a-16-to-robert-carr-brackenbury,jw/letters/1780a/16-to-robert-carr-brackenbury,A 16 To Robert Carr Brackenbury,jw-letters,True
jw-letter-1780a-17-to-alexander-knox,jw/letters/1780a/17-to-alexander-knox,A 17 To Alexander Knox,jw-letters,True
jw-letter-1780a-18-to-william-tunney,jw/letters/1780a/18-to-william-tunney,A 18 To William Tunney,jw-letters,True
jw-letter-1780a-19-to-samuel-bardsley,jw/letters/1780a/19-to-samuel-bardsley,A 19 To Samuel Bardsley,jw-letters,True
jw-letter-1780a-20-to-penelope-newman,jw/letters/1780a/20-to-penelope-newman,A 20 To Penelope Newman,jw-letters,True
jw-letter-1780a-21-to-john-valton,jw/letters/1780a/21-to-john-valton,A 21 To John Valton,jw-letters,True
jw-letter-1780a-22-to-mr-valton-at-mr-lewtys,jw/letters/1780a/22-to-mr-valton-at-mr-lewtys,A 22 To Mr Valton At Mr Lewtys,jw-letters,False
jw-letter-1780a-23-to-christopher-hopper,jw/letters/1780a/23-to-christopher-hopper,A 23 To Christopher Hopper,jw-letters,True
jw-letter-1780a-24-to-hannah-ball,jw/letters/1780a/24-to-hannah-ball,A 24 To Hannah Ball,jw-letters,True
jw-letter-1780a-25-to-elizabeth-morgan,jw/letters/1780a/25-to-elizabeth-morgan,A 25 To Elizabeth Morgan,jw-letters,True
jw-letter-1780a-26-to-william-strahan,jw/letters/1780a/26-to-william-strahan,A 26 To William Strahan,jw-letters,True
jw-letter-1780a-27-to-ann-bolton,jw/letters/1780a/27-to-ann-bolton,A 27 To Ann Bolton,jw-letters,True
jw-letter-1780a-28-to-samuel-bradburn,jw/letters/1780a/28-to-samuel-bradburn,A 28 To Samuel Bradburn,jw-letters,True
jw-letter-1780a-29-to-mrs-crosby,jw/letters/1780a/29-to-mrs-crosby,A 29 To Mrs Crosby,jw-letters,True
jw-letter-1780a-30-to-thomas-wride,jw/letters/1780a/30-to-thomas-wride,A 30 To Thomas Wride,jw-letters,True
jw-letter-1780a-31-to-william-church,jw/letters/1780a/31-to-william-church,A 31 To William Church,jw-letters,True
jw-letter-1780a-32-to-mr-will-church-at-mr-john-evans,jw/letters/1780a/32-to-mr-will-church-at-mr-john-evans,A 32 To Mr Will Church At Mr John Evans,jw-letters,True
jw-letter-1780a-33-to-william-sagar,jw/letters/1780a/33-to-william-sagar,A 33 To William Sagar,jw-letters,True
jw-letter-1780b-01-to-the-editors-of-the-freemans-journal,jw/letters/1780b/01-to-the-editors-of-the-freemans-journal,B 01 To The Editors Of The Freemans Journal,jw-letters,True
jw-letter-1780b-02-to-george-robinson,jw/letters/1780b/02-to-george-robinson,B 02 To George Robinson,jw-letters,True
jw-letter-1780b-03-to-mr-robinson-at-langham-row-near-alford-lincolns,jw/letters/1780b/03-to-mr-robinson-at-langham-row-near-alford-lincolns,B 03 To Mr Robinson At Langham Row Near Alford Lincolns,jw-letters,False
jw-letter-1780b-04-to-samuel-bradburn,jw/letters/1780b/04-to-samuel-bradburn,B 04 To Samuel Bradburn,jw-letters,True
jw-letter-1780b-05-to-john-valton,jw/letters/1780b/05-to-john-valton,B 05 To John Valton,jw-letters,True
jw-letter-1780b-06-to-mr-valton-at-the-new-room-in-bristol,jw/letters/1780b/06-to-mr-valton-at-the-new-room-in-bristol,B 06 To Mr Valton At The New Room In Bristol,jw-letters,False
jw-letter-1780b-07-to-mrs-crosby,jw/letters/1780b/07-to-mrs-crosby,B 07 To Mrs Crosby,jw-letters,True
jw-letter-1780b-08-to-thomas-rankin,jw/letters/1780b/08-to-thomas-rankin,B 08 To Thomas Rankin,jw-letters,True
jw-letter-1780b-09-to-brian-bury-collins,jw/letters/1780b/09-to-brian-bury-collins,B 09 To Brian Bury Collins,jw-letters,True
jw-letter-1780b-10-to-ann-bolton,jw/letters/1780b/10-to-ann-bolton,B 10 To Ann Bolton,jw-letters,True
jw-letter-1780b-11-to-zachariah-yewdall,jw/letters/1780b/11-to-zachariah-yewdall,B 11 To Zachariah Yewdall,jw-letters,True
jw-letter-1780b-12-to-penelope-newman,jw/letters/1780b/12-to-penelope-newman,B 12 To Penelope Newman,jw-letters,True
jw-letter-1780b-13-to-brian-bury-collins,jw/letters/1780b/13-to-brian-bury-collins,B 13 To Brian Bury Collins,jw-letters,True
jw-letter-1780b-14-to-dr-lowth-bishop-of-london,jw/letters/1780b/14-to-dr-lowth-bishop-of-london,B 14 To Dr Lowth Bishop Of London,jw-letters,True
jw-letter-1780b-15-to-thomas-wride,jw/letters/1780b/15-to-thomas-wride,B 15 To Thomas Wride,jw-letters,True
jw-letter-1780b-16-to-robert-carr-brackenbury,jw/letters/1780b/16-to-robert-carr-brackenbury,B 16 To Robert Carr Brackenbury,jw-letters,True
jw-letter-1780b-17-to-william-thom,jw/letters/1780b/17-to-william-thom,B 17 To William Thom,jw-letters,True
jw-letter-1780b-18-to-john-valton,jw/letters/1780b/18-to-john-valton,B 18 To John Valton,jw-letters,True
jw-letter-1780b-19-to-mrs-colbeck-see-note-vol-iv-161,jw/letters/1780b/19-to-mrs-colbeck-see-note-vol-iv-161,B 19 To Mrs Colbeck See Note Vol Iv 161,jw-letters,True
jw-letter-1780b-20-to-mrs-colbeck,jw/letters/1780b/20-to-mrs-colbeck,B 20 To Mrs Colbeck,jw-letters,True
jw-letter-1780b-21-to-samuel-bradburn,jw/letters/1780b/21-to-samuel-bradburn,B 21 To Samuel Bradburn,jw-letters,True
jw-letter-1780b-22-to-william,jw/letters/1780b/22-to-william,B 22 To William,jw-letters,True
jw-letter-1780b-23-to-his-niece-sarah-wesley,jw/letters/1780b/23-to-his-niece-sarah-wesley,B 23 To His Niece Sarah Wesley,jw-letters,True
jw-letter-1780b-24-to-alexander-knox,jw/letters/1780b/24-to-alexander-knox,B 24 To Alexander Knox,jw-letters,True
jw-letter-1780b-25-to-mrs-barton,jw/letters/1780b/25-to-mrs-barton,B 25 To Mrs Barton,jw-letters,True
jw-letter-1780b-26-to-mary-bosanquet,jw/letters/1780b/26-to-mary-bosanquet,B 26 To Mary Bosanquet,jw-letters,True
jw-letter-1780b-27-to-alexander-knox,jw/letters/1780b/27-to-alexander-knox,B 27 To Alexander Knox,jw-letters,True
jw-letter-1780b-28-to-john-valton,jw/letters/1780b/28-to-john-valton,B 28 To John Valton,jw-letters,True
jw-letter-1781a-01-to-ann-bolton,jw/letters/1781a/01-to-ann-bolton,A 01 To Ann Bolton,jw-letters,True
jw-letter-1781a-02-to-brian-bury-collins,jw/letters/1781a/02-to-brian-bury-collins,A 02 To Brian Bury Collins,jw-letters,True
jw-letter-1781a-03-to-the-rev-mr-collins-at-the-rev,jw/letters/1781a/03-to-the-rev-mr-collins-at-the-rev,A 03 To The Rev Mr Collins At The Rev,jw-letters,True
jw-letter-1781a-04-to-edward-jackson,jw/letters/1781a/04-to-edward-jackson,A 04 To Edward Jackson,jw-letters,True
jw-letter-1781a-05-to-edwal-jackson-in-barnard-castle,jw/letters/1781a/05-to-edwal-jackson-in-barnard-castle,A 05 To Edwal Jackson In Barnard Castle,jw-letters,True
jw-letter-1781a-06-to-samuel-bardsley,jw/letters/1781a/06-to-samuel-bardsley,A 06 To Samuel Bardsley,jw-letters,True
jw-letter-1781a-07-to-zachariah-yewdull,jw/letters/1781a/07-to-zachariah-yewdull,A 07 To Zachariah Yewdull,jw-letters,True
jw-letter-1781a-08-to-ann-bolton,jw/letters/1781a/08-to-ann-bolton,A 08 To Ann Bolton,jw-letters,True
jw-letter-1781a-09-to-thomas-rutherford,jw/letters/1781a/09-to-thomas-rutherford,A 09 To Thomas Rutherford,jw-letters,True
jw-letter-1781a-10-to-ann-bolton,jw/letters/1781a/10-to-ann-bolton,A 10 To Ann Bolton,jw-letters,True
jw-letter-1781a-11-to-elizabeth-morgan,jw/letters/1781a/11-to-elizabeth-morgan,A 11 To Elizabeth Morgan,jw-letters,True
jw-letter-1781a-12-to-mrs-knapp,jw/letters/1781a/12-to-mrs-knapp,A 12 To Mrs Knapp,jw-letters,True
jw-letter-1781a-13-to-ann-loxdale,jw/letters/1781a/13-to-ann-loxdale,A 13 To Ann Loxdale,jw-letters,True
jw-letter-1781a-14-to-lancelot-harrison,jw/letters/1781a/14-to-lancelot-harrison,A 14 To Lancelot Harrison,jw-letters,True
jw-letter-1781a-15-to-his-niece-sarah-wesley,jw/letters/1781a/15-to-his-niece-sarah-wesley,A 15 To His Niece Sarah Wesley,jw-letters,True
jw-letter-1781a-16-to-joseph-benson,jw/letters/1781a/16-to-joseph-benson,A 16 To Joseph Benson,jw-letters,True
jw-letter-1781a-17-to-miss-clarkson,jw/letters/1781a/17-to-miss-clarkson,A 17 To Miss Clarkson,jw-letters,True
jw-letter-1781a-18-to-samuel-bradburn,jw/letters/1781a/18-to-samuel-bradburn,A 18 To Samuel Bradburn,jw-letters,True
jw-letter-1781a-19-to-john-valton,jw/letters/1781a/19-to-john-valton,A 19 To John Valton,jw-letters,True
jw-letter-1781a-20-to-mr-valton-at-the-preaching-house,jw/letters/1781a/20-to-mr-valton-at-the-preaching-house,A 20 To Mr Valton At The Preaching House,jw-letters,True
jw-letter-1781a-21-to-hester-ann-roe,jw/letters/1781a/21-to-hester-ann-roe,A 21 To Hester Ann Roe,jw-letters,True
jw-letter-1781a-22-to-his-niece-sarah-wesley,jw/letters/1781a/22-to-his-niece-sarah-wesley,A 22 To His Niece Sarah Wesley,jw-letters,True
jw-letter-1781a-23-to-ann-loxdale,jw/letters/1781a/23-to-ann-loxdale,A 23 To Ann Loxdale,jw-letters,True
jw-letter-1781a-24-to-thomas-rutherford,jw/letters/1781a/24-to-thomas-rutherford,A 24 To Thomas Rutherford,jw-letters,True
jw-letter-1781a-25-to-john-bredin,jw/letters/1781a/25-to-john-bredin,A 25 To John Bredin,jw-letters,True
jw-letter-1781a-26-to-mr-bredin-at-mr-danl-keelings,jw/letters/1781a/26-to-mr-bredin-at-mr-danl-keelings,A 26 To Mr Bredin At Mr Danl Keelings,jw-letters,False
jw-letter-1781a-27-to-joseph-benson,jw/letters/1781a/27-to-joseph-benson,A 27 To Joseph Benson,jw-letters,True
jw-letter-1781a-28-to-mrs-benson,jw/letters/1781a/28-to-mrs-benson,A 28 To Mrs Benson,jw-letters,True
jw-letter-1781a-29-to-mary-bishop,jw/letters/1781a/29-to-mary-bishop,A 29 To Mary Bishop,jw-letters,True
jw-letter-1781a-30-to-miss-bishop-at-her-boarding-school,jw/letters/1781a/30-to-miss-bishop-at-her-boarding-school,A 30 To Miss Bishop At Her Boarding School,jw-letters,True
jw-letter-1781a-31-to-john-atlay,jw/letters/1781a/31-to-john-atlay,A 31 To John Atlay,jw-letters,True
jw-letter-1781a-32-to-zachariah-yewdull,jw/letters/1781a/32-to-zachariah-yewdull,A 32 To Zachariah Yewdull,jw-letters,True
jw-letter-1781a-33-to-mrs-hall,jw/letters/1781a/33-to-mrs-hall,A 33 To Mrs Hall,jw-letters,True
jw-letter-1781a-34-to-his-niece-sarah-wesley,jw/letters/1781a/34-to-his-niece-sarah-wesley,A 34 To His Niece Sarah Wesley,jw-letters,True
jw-letter-1781a-35-to-ann-loxdale,jw/letters/1781a/35-to-ann-loxdale,A 35 To Ann Loxdale,jw-letters,True
jw-letter-1781a-36-to-samuel-bradburn,jw/letters/1781a/36-to-samuel-bradburn,A 36 To Samuel Bradburn,jw-letters,True
jw-letter-1781a-37-to-joseph-harper,jw/letters/1781a/37-to-joseph-harper,A 37 To Joseph Harper,jw-letters,True
jw-letter-1781a-38-to-ambrose-foley,jw/letters/1781a/38-to-ambrose-foley,A 38 To Ambrose Foley,jw-letters,True
jw-letter-1781a-39-to-william-tunney,jw/letters/1781a/39-to-william-tunney,A 39 To William Tunney,jw-letters,True
jw-letter-1781a-40-to-jeremiah-brettell,jw/letters/1781a/40-to-jeremiah-brettell,A 40 To Jeremiah Brettell,jw-letters,True
jw-letter-1781a-41-to-mr-brettell-at-mr-walters,jw/letters/1781a/41-to-mr-brettell-at-mr-walters,A 41 To Mr Brettell At Mr Walters,jw-letters,True
jw-letter-1781a-42-to-his-brother-charles,jw/letters/1781a/42-to-his-brother-charles,A 42 To His Brother Charles,jw-letters,True
jw-letter-1781a-43-to-hannah-ball,jw/letters/1781a/43-to-hannah-ball,A 43 To Hannah Ball,jw-letters,True
jw-letter-1781a-44-to-mrs-hall,jw/letters/1781a/44-to-mrs-hall,A 44 To Mrs Hall,jw-letters,True
jw-letter-1781b-01-to-thomas-rutherford,jw/letters/1781b/01-to-thomas-rutherford,B 01 To Thomas Rutherford,jw-letters,True
jw-letter-1781b-02-to-hannah-ball,jw/letters/1781b/02-to-hannah-ball,B 02 To Hannah Ball,jw-letters,True
jw-letter-1781b-03-to-ann-loxdale,jw/letters/1781b/03-to-ann-loxdale,B 03 To Ann Loxdale,jw-letters,True
jw-letter-1781b-04-to-mary-bishop,jw/letters/1781b/04-to-mary-bishop,B 04 To Mary Bishop,jw-letters,True
jw-letter-1781b-05-to-miss-bishop-at-the-boarding-school,jw/letters/1781b/05-to-miss-bishop-at-the-boarding-school,B 05 To Miss Bishop At The Boarding School,jw-letters,True
jw-letter-1781b-06-to-his-niece-sarah-wesley,jw/letters/1781b/06-to-his-niece-sarah-wesley,B 06 To His Niece Sarah Wesley,jw-letters,True
jw-letter-1781b-07-to-robert-hopkins,jw/letters/1781b/07-to-robert-hopkins,B 07 To Robert Hopkins,jw-letters,True
jw-letter-1781b-08-to-francis-wolfe,jw/letters/1781b/08-to-francis-wolfe,B 08 To Francis Wolfe,jw-letters,True
jw-letter-1781b-09-to-george-fettes,jw/letters/1781b/09-to-george-fettes,B 09 To George Fettes,jw-letters,True
jw-letter-1781b-10-to-his-nephew-charles-wesley,jw/letters/1781b/10-to-his-nephew-charles-wesley,B 10 To His Nephew Charles Wesley,jw-letters,True
jw-letter-1781b-11-to-his-niece-sarah-wesley,jw/letters/1781b/11-to-his-niece-sarah-wesley,B 11 To His Niece Sarah Wesley,jw-letters,True
jw-letter-1781b-12-to-members-and-friends,jw/letters/1781b/12-to-members-and-friends,B 12 To Members And Friends,jw-letters,True
jw-letter-1781b-13-to-robert-cart-brackenbury,jw/letters/1781b/13-to-robert-cart-brackenbury,B 13 To Robert Cart Brackenbury,jw-letters,True
jw-letter-1781b-14-to-ann-loxdale,jw/letters/1781b/14-to-ann-loxdale,B 14 To Ann Loxdale,jw-letters,True
jw-letter-1781b-15-to-mrs-malenoir,jw/letters/1781b/15-to-mrs-malenoir,B 15 To Mrs Malenoir,jw-letters,True
jw-letter-1781b-16-to-his-nephew-charles-wesley,jw/letters/1781b/16-to-his-nephew-charles-wesley,B 16 To His Nephew Charles Wesley,jw-letters,True
jw-letter-1781b-17-to-his-niece-sarah-wesley,jw/letters/1781b/17-to-his-niece-sarah-wesley,B 17 To His Niece Sarah Wesley,jw-letters,True
jw-letter-1781b-18-to-ann-bolton,jw/letters/1781b/18-to-ann-bolton,B 18 To Ann Bolton,jw-letters,True
jw-letter-1781b-19-to-miss-bolton-in-witney,jw/letters/1781b/19-to-miss-bolton-in-witney,B 19 To Miss Bolton In Witney,jw-letters,True
jw-letter-1781b-20-to-elijah-bush,jw/letters/1781b/20-to-elijah-bush,B 20 To Elijah Bush,jw-letters,True
jw-letter-1781b-21-to-mrs-hall,jw/letters/1781b/21-to-mrs-hall,B 21 To Mrs Hall,jw-letters,True
jw-letter-1781b-22-to-john-bredin,jw/letters/1781b/22-to-john-bredin,B 22 To John Bredin,jw-letters,True
jw-letter-1781b-23-to-robert-lindsay,jw/letters/1781b/23-to-robert-lindsay,B 23 To Robert Lindsay,jw-letters,True
jw-letter-1781b-24-to-mr-robert-lindsay-at-mr,jw/letters/1781b/24-to-mr-robert-lindsay-at-mr,B 24 To Mr Robert Lindsay At Mr,jw-letters,True
jw-letter-1781b-25-to-martha-chapman,jw/letters/1781b/25-to-martha-chapman,B 25 To Martha Chapman,jw-letters,True
jw-letter-1781b-26-to-john-bredin,jw/letters/1781b/26-to-john-bredin,B 26 To John Bredin,jw-letters,True
jw-letter-1781b-27-to-charles-armore,jw/letters/1781b/27-to-charles-armore,B 27 To Charles Armore,jw-letters,True
jw-letter-1781b-28-to-mrs-foley,jw/letters/1781b/28-to-mrs-foley,B 28 To Mrs Foley,jw-letters,True
jw-letter-1781b-29-to-mrs-barton,jw/letters/1781b/29-to-mrs-barton,B 29 To Mrs Barton,jw-letters,True
jw-letter-1781b-30-to-samuel-bradburn,jw/letters/1781b/30-to-samuel-bradburn,B 30 To Samuel Bradburn,jw-letters,True
jw-letter-1781b-31-to-mr-bradbum-at-the-preaching-,jw/letters/1781b/31-to-mr-bradbum-at-the-preaching-,B 31 To Mr Bradbum At The Preaching ,jw-letters,True
jw-letter-1781b-32-to-henry-fisher,jw/letters/1781b/32-to-henry-fisher,B 32 To Henry Fisher,jw-letters,True
jw-letter-1781b-33-to-mr-fisher-at-187-opposite,jw/letters/1781b/33-to-mr-fisher-at-187-opposite,B 33 To Mr Fisher At 187 Opposite,jw-letters,False
jw-letter-1781b-34-to-henry-brooke,jw/letters/1781b/34-to-henry-brooke,B 34 To Henry Brooke,jw-letters,True
jw-letter-1781b-35-to-hannah-ball,jw/letters/1781b/35-to-hannah-ball,B 35 To Hannah Ball,jw-letters,True
jw-letter-1781b-36-to-robert-carr-brackenbury,jw/letters/1781b/36-to-robert-carr-brackenbury,B 36 To Robert Carr Brackenbury,jw-letters,True
jw-letter-1781b-37-to-ellen-gretton,jw/letters/1781b/37-to-ellen-gretton,B 37 To Ellen Gretton,jw-letters,True
jw-letter-1781b-38-to-miss-gretton-at-mr-derrys,jw/letters/1781b/38-to-miss-gretton-at-mr-derrys,B 38 To Miss Gretton At Mr Derrys,jw-letters,True
jw-letter-1781b-39-to-various-friends,jw/letters/1781b/39-to-various-friends,B 39 To Various Friends,jw-letters,True
jw-letter-1781b-40-to-john-fletcher,jw/letters/1781b/40-to-john-fletcher,B 40 To John Fletcher,jw-letters,True
jw-letter-1781b-41-to-duncan-wright,jw/letters/1781b/41-to-duncan-wright,B 41 To Duncan Wright,jw-letters,True
jw-letter-1781b-42-to-thomas-rutherford,jw/letters/1781b/42-to-thomas-rutherford,B 42 To Thomas Rutherford,jw-letters,True
jw-letter-1781b-43-to-mrs-downes,jw/letters/1781b/43-to-mrs-downes,B 43 To Mrs Downes,jw-letters,True
jw-letter-1781b-44-to-thomas-davenport,jw/letters/1781b/44-to-thomas-davenport,B 44 To Thomas Davenport,jw-letters,True
jw-letter-1781b-45-to-the-rev-mr-davenport-at-allexton,jw/letters/1781b/45-to-the-rev-mr-davenport-at-allexton,B 45 To The Rev Mr Davenport At Allexton,jw-letters,True
jw-letter-1781b-46-to-hester-ann-roe,jw/letters/1781b/46-to-hester-ann-roe,B 46 To Hester Ann Roe,jw-letters,True
jw-letter-1782a-01-to-joseph-benson,jw/letters/1782a/01-to-joseph-benson,A 01 To Joseph Benson,jw-letters,True
jw-letter-1782a-02-to-ellen-gretton,jw/letters/1782a/02-to-ellen-gretton,A 02 To Ellen Gretton,jw-letters,True
jw-letter-1782a-03-to-miss-gretton-at-mr-derrys,jw/letters/1782a/03-to-miss-gretton-at-mr-derrys,A 03 To Miss Gretton At Mr Derrys,jw-letters,True
jw-letter-1782a-04-to-james-------,jw/letters/1782a/04-to-james-------,A 04 To James       ,jw-letters,True
jw-letter-1782a-05-to-hester-anne-roe,jw/letters/1782a/05-to-hester-anne-roe,A 05 To Hester Anne Roe,jw-letters,True
jw-letter-1782a-06-to-mr------,jw/letters/1782a/06-to-mr------,A 06 To Mr      ,jw-letters,True
jw-letter-1782a-07-to-hester-ann-roe,jw/letters/1782a/07-to-hester-ann-roe,A 07 To Hester Ann Roe,jw-letters,True
jw-letter-1782a-08-to-john-valton,jw/letters/1782a/08-to-john-valton,A 08 To John Valton,jw-letters,True
jw-letter-1782a-09-to-thomas-davenport,jw/letters/1782a/09-to-thomas-davenport,A 09 To Thomas Davenport,jw-letters,True
jw-letter-1782a-10-to-the-rev-mr-davenport-at-allexton,jw/letters/1782a/10-to-the-rev-mr-davenport-at-allexton,A 10 To The Rev Mr Davenport At Allexton,jw-letters,True
jw-letter-1782a-11-to-elizabeth-ritchie,jw/letters/1782a/11-to-elizabeth-ritchie,A 11 To Elizabeth Ritchie,jw-letters,True
jw-letter-1782a-12-to-francis-wolfe,jw/letters/1782a/12-to-francis-wolfe,A 12 To Francis Wolfe,jw-letters,True
jw-letter-1782a-13-to-samuel-bardsley,jw/letters/1782a/13-to-samuel-bardsley,A 13 To Samuel Bardsley,jw-letters,True
jw-letter-1782a-14-to-thomas-hanson,jw/letters/1782a/14-to-thomas-hanson,A 14 To Thomas Hanson,jw-letters,True
jw-letter-1782a-15-to-alexander-surer,jw/letters/1782a/15-to-alexander-surer,A 15 To Alexander Surer,jw-letters,True
jw-letter-1782a-16-to-ellen-gretton,jw/letters/1782a/16-to-ellen-gretton,A 16 To Ellen Gretton,jw-letters,True
jw-letter-1782a-17-to-john-bredin,jw/letters/1782a/17-to-john-bredin,A 17 To John Bredin,jw-letters,True
jw-letter-1782a-18-to-joseph-benson,jw/letters/1782a/18-to-joseph-benson,A 18 To Joseph Benson,jw-letters,True
jw-letter-1782a-19-to-william-wafters,jw/letters/1782a/19-to-william-wafters,A 19 To William Wafters,jw-letters,True
jw-letter-1782a-20-to-mr-wesley,jw/letters/1782a/20-to-mr-wesley,A 20 To Mr Wesley,jw-letters,True
jw-letter-1782a-21-to-joseph-algar,jw/letters/1782a/21-to-joseph-algar,A 21 To Joseph Algar,jw-letters,True
jw-letter-1782a-22-to-mr-joseph-algar-at-mr-henry,jw/letters/1782a/22-to-mr-joseph-algar-at-mr-henry,A 22 To Mr Joseph Algar At Mr Henry,jw-letters,True
jw-letter-1782a-23-to-ambrose-foley,jw/letters/1782a/23-to-ambrose-foley,A 23 To Ambrose Foley,jw-letters,True
jw-letter-1782a-24-to-mrs-knapp,jw/letters/1782a/24-to-mrs-knapp,A 24 To Mrs Knapp,jw-letters,True
jw-letter-1782a-25-to-mrs-bradburn,jw/letters/1782a/25-to-mrs-bradburn,A 25 To Mrs Bradburn,jw-letters,True
jw-letter-1782a-26-to-robert-costerdine,jw/letters/1782a/26-to-robert-costerdine,A 26 To Robert Costerdine,jw-letters,True
jw-letter-1782a-27-to-ann-bolton,jw/letters/1782a/27-to-ann-bolton,A 27 To Ann Bolton,jw-letters,True
jw-letter-1782a-28-to-robert-cart-brackenbury,jw/letters/1782a/28-to-robert-cart-brackenbury,A 28 To Robert Cart Brackenbury,jw-letters,True
jw-letter-1782a-29-to-ann-loxdale,jw/letters/1782a/29-to-ann-loxdale,A 29 To Ann Loxdale,jw-letters,True
jw-letter-1782a-30-to-hannah-ball,jw/letters/1782a/30-to-hannah-ball,A 30 To Hannah Ball,jw-letters,True
jw-letter-1782a-31-to-thomas-brisco,jw/letters/1782a/31-to-thomas-brisco,A 31 To Thomas Brisco,jw-letters,True
jw-letter-1782a-32-to-robert-costerdine,jw/letters/1782a/32-to-robert-costerdine,A 32 To Robert Costerdine,jw-letters,True
jw-letter-1782a-33-to-joseph-benson,jw/letters/1782a/33-to-joseph-benson,A 33 To Joseph Benson,jw-letters,True
jw-letter-1782a-34-to-thomas-rutherford,jw/letters/1782a/34-to-thomas-rutherford,A 34 To Thomas Rutherford,jw-letters,True
jw-letter-1782a-35-to-thomas-carlill,jw/letters/1782a/35-to-thomas-carlill,A 35 To Thomas Carlill,jw-letters,True
jw-letter-1782a-36-to-john-atlay,jw/letters/1782a/36-to-john-atlay,A 36 To John Atlay,jw-letters,True
jw-letter-1782a-37-to-francis-wrigley,jw/letters/1782a/37-to-francis-wrigley,A 37 To Francis Wrigley,jw-letters,True
jw-letter-1782a-38-to-mr-francis-wrigley-at-the-preach-,jw/letters/1782a/38-to-mr-francis-wrigley-at-the-preach-,A 38 To Mr Francis Wrigley At The Preach ,jw-letters,True
jw-letter-1782a-39-to-john-bredin,jw/letters/1782a/39-to-john-bredin,A 39 To John Bredin,jw-letters,True
jw-letter-1782a-40-to-samuel-mitchell,jw/letters/1782a/40-to-samuel-mitchell,A 40 To Samuel Mitchell,jw-letters,True
jw-letter-1782a-41-to-john-bredin,jw/letters/1782a/41-to-john-bredin,A 41 To John Bredin,jw-letters,True
jw-letter-1782a-42-to-ann-loxdale,jw/letters/1782a/42-to-ann-loxdale,A 42 To Ann Loxdale,jw-letters,True
jw-letter-1782a-43-to-thomas-taylor,jw/letters/1782a/43-to-thomas-taylor,A 43 To Thomas Taylor,jw-letters,True
jw-letter-1782a-44-to-john-atlay,jw/letters/1782a/44-to-john-atlay,A 44 To John Atlay,jw-letters,True
jw-letter-1782a-45-to-zachariah-yewdull,jw/letters/1782a/45-to-zachariah-yewdull,A 45 To Zachariah Yewdull,jw-letters,True
jw-letter-1782a-46-to-mrs-nuttal,jw/letters/1782a/46-to-mrs-nuttal,A 46 To Mrs Nuttal,jw-letters,True
jw-letter-1782a-47-to-mrs-taylor,jw/letters/1782a/47-to-mrs-taylor,A 47 To Mrs Taylor,jw-letters,True
jw-letter-1782a-48-to-martha-chapman,jw/letters/1782a/48-to-martha-chapman,A 48 To Martha Chapman,jw-letters,True
jw-letter-1782a-49-to-miss-patty-chapman-at-warledon,jw/letters/1782a/49-to-miss-patty-chapman-at-warledon,A 49 To Miss Patty Chapman At Warledon,jw-letters,False
jw-letter-1782a-50-to-captain-webb,jw/letters/1782a/50-to-captain-webb,A 50 To Captain Webb,jw-letters,True
jw-letter-1782a-51-to-charles-attoore,jw/letters/1782a/51-to-charles-attoore,A 51 To Charles Attoore,jw-letters,True
jw-letter-1782a-52-to-his-brother-charles,jw/letters/1782a/52-to-his-brother-charles,A 52 To His Brother Charles,jw-letters,True
jw-letter-1782a-53-to-mrs-clark,jw/letters/1782a/53-to-mrs-clark,A 53 To Mrs Clark,jw-letters,True
jw-letter-1782a-54-to-mrs-clark-at-mr-knapps,jw/letters/1782a/54-to-mrs-clark-at-mr-knapps,A 54 To Mrs Clark At Mr Knapps,jw-letters,True
jw-letter-1782a-55-to-samuel-bradburn,jw/letters/1782a/55-to-samuel-bradburn,A 55 To Samuel Bradburn,jw-letters,True
jw-letter-1782a-56-to-jonathan-hern,jw/letters/1782a/56-to-jonathan-hern,A 56 To Jonathan Hern,jw-letters,True
jw-letter-1782a-57-to-hester-ann-roe,jw/letters/1782a/57-to-hester-ann-roe,A 57 To Hester Ann Roe,jw-letters,True
jw-letter-1782b-01-to-john-bredin,jw/letters/1782b/01-to-john-bredin,B 01 To John Bredin,jw-letters,True
jw-letter-1782b-02-to-mrs-fletcher,jw/letters/1782b/02-to-mrs-fletcher,B 02 To Mrs Fletcher,jw-letters,True
jw-letter-1782b-03-to-ann-loxdale,jw/letters/1782b/03-to-ann-loxdale,B 03 To Ann Loxdale,jw-letters,True
jw-letter-1782b-04-to-penelope-newman,jw/letters/1782b/04-to-penelope-newman,B 04 To Penelope Newman,jw-letters,True
jw-letter-1782b-05-to-ellen-gretton,jw/letters/1782b/05-to-ellen-gretton,B 05 To Ellen Gretton,jw-letters,True
jw-letter-1782b-06-to-ann-loxdale,jw/letters/1782b/06-to-ann-loxdale,B 06 To Ann Loxdale,jw-letters,True
jw-letter-1782b-07-to-thomas-rutherford,jw/letters/1782b/07-to-thomas-rutherford,B 07 To Thomas Rutherford,jw-letters,True
jw-letter-1782b-08-to-mrs-nuttal,jw/letters/1782b/08-to-mrs-nuttal,B 08 To Mrs Nuttal,jw-letters,True
jw-letter-1782b-09-to-kitty-warren,jw/letters/1782b/09-to-kitty-warren,B 09 To Kitty Warren,jw-letters,True
jw-letter-1782b-10-to-joseph-benson,jw/letters/1782b/10-to-joseph-benson,B 10 To Joseph Benson,jw-letters,True
jw-letter-1782b-11-to-ann-bolton,jw/letters/1782b/11-to-ann-bolton,B 11 To Ann Bolton,jw-letters,True
jw-letter-1782b-12-to-hannah-ball,jw/letters/1782b/12-to-hannah-ball,B 12 To Hannah Ball,jw-letters,True
jw-letter-1782b-13-to-john-bredin,jw/letters/1782b/13-to-john-bredin,B 13 To John Bredin,jw-letters,True
jw-letter-1782b-14-to-francis-wolfe,jw/letters/1782b/14-to-francis-wolfe,B 14 To Francis Wolfe,jw-letters,True
jw-letter-1782b-15-to-jasper-winscom,jw/letters/1782b/15-to-jasper-winscom,B 15 To Jasper Winscom,jw-letters,True
jw-letter-1782b-16-to-william-sagar,jw/letters/1782b/16-to-william-sagar,B 16 To William Sagar,jw-letters,True
jw-letter-1782b-17-to-mrs-cooper,jw/letters/1782b/17-to-mrs-cooper,B 17 To Mrs Cooper,jw-letters,True
jw-letter-1782b-18-to-robert-hopkins,jw/letters/1782b/18-to-robert-hopkins,B 18 To Robert Hopkins,jw-letters,True
jw-letter-1782b-19-to-thomas-davenport,jw/letters/1782b/19-to-thomas-davenport,B 19 To Thomas Davenport,jw-letters,True
jw-letter-1782b-20-to-ellen-gretton,jw/letters/1782b/20-to-ellen-gretton,B 20 To Ellen Gretton,jw-letters,True
jw-letter-1782b-21-to-richard-rodda,jw/letters/1782b/21-to-richard-rodda,B 21 To Richard Rodda,jw-letters,True
jw-letter-1782b-22-to-joseph-taylor,jw/letters/1782b/22-to-joseph-taylor,B 22 To Joseph Taylor,jw-letters,True
jw-letter-1782b-23-to-mr-joseph-taylor-at-the-preaching-,jw/letters/1782b/23-to-mr-joseph-taylor-at-the-preaching-,B 23 To Mr Joseph Taylor At The Preaching ,jw-letters,True
jw-letter-1782b-24-to-william-robarts,jw/letters/1782b/24-to-william-robarts,B 24 To William Robarts,jw-letters,True
jw-letter-1782b-25-to-ann-bolton,jw/letters/1782b/25-to-ann-bolton,B 25 To Ann Bolton,jw-letters,True
jw-letter-1782b-26-to-william-robarts,jw/letters/1782b/26-to-william-robarts,B 26 To William Robarts,jw-letters,True
jw-letter-1782b-27-to-joseph-taylor,jw/letters/1782b/27-to-joseph-taylor,B 27 To Joseph Taylor,jw-letters,True
jw-letter-1782b-28-to-mr-joseph-taylor-at-the-preaching-,jw/letters/1782b/28-to-mr-joseph-taylor-at-the-preaching-,B 28 To Mr Joseph Taylor At The Preaching ,jw-letters,True
jw-letter-1782b-29-to-penelope-newman,jw/letters/1782b/29-to-penelope-newman,B 29 To Penelope Newman,jw-letters,True
jw-letter-1782b-30-to-hester-ann-roe,jw/letters/1782b/30-to-hester-ann-roe,B 30 To Hester Ann Roe,jw-letters,True
jw-letter-1782b-31-to-thomas-rutherford,jw/letters/1782b/31-to-thomas-rutherford,B 31 To Thomas Rutherford,jw-letters,True
jw-letter-1782b-32-to-joseph-taylor,jw/letters/1782b/32-to-joseph-taylor,B 32 To Joseph Taylor,jw-letters,True
jw-letter-1782b-33-to-mr-joseph-taylor-at-the-preaching-,jw/letters/1782b/33-to-mr-joseph-taylor-at-the-preaching-,B 33 To Mr Joseph Taylor At The Preaching ,jw-letters,True
jw-letter-1782b-34-to-zachariah-yemdall,jw/letters/1782b/34-to-zachariah-yemdall,B 34 To Zachariah Yemdall,jw-letters,True
jw-letter-1782b-35-to-duncan-mcallum,jw/letters/1782b/35-to-duncan-mcallum,B 35 To Duncan Mcallum,jw-letters,True
jw-letter-1782b-36-to-mrs-bradburn,jw/letters/1782b/36-to-mrs-bradburn,B 36 To Mrs Bradburn,jw-letters,True
jw-letter-1782b-37-to-samuel-bradburn,jw/letters/1782b/37-to-samuel-bradburn,B 37 To Samuel Bradburn,jw-letters,True
jw-letter-1782b-38-to-zachariah-yewdall,jw/letters/1782b/38-to-zachariah-yewdall,B 38 To Zachariah Yewdall,jw-letters,True
jw-letter-1782b-39-to-zachariah-yewdall,jw/letters/1782b/39-to-zachariah-yewdall,B 39 To Zachariah Yewdall,jw-letters,True
jw-letter-1782b-40-to-joseph-benson,jw/letters/1782b/40-to-joseph-benson,B 40 To Joseph Benson,jw-letters,True
jw-letter-1782b-41-to-john-bredin,jw/letters/1782b/41-to-john-bredin,B 41 To John Bredin,jw-letters,True
jw-letter-1782b-42-to-the-commanding-officer-in-lowestoft,jw/letters/1782b/42-to-the-commanding-officer-in-lowestoft,B 42 To The Commanding Officer In Lowestoft,jw-letters,True
jw-letter-1782b-43-to-the-earl-of-shelburne,jw/letters/1782b/43-to-the-earl-of-shelburne,B 43 To The Earl Of Shelburne,jw-letters,True
jw-letter-1782b-44-to-hannah-ball,jw/letters/1782b/44-to-hannah-ball,B 44 To Hannah Ball,jw-letters,True
jw-letter-1782b-45-to-john-valton,jw/letters/1782b/45-to-john-valton,B 45 To John Valton,jw-letters,True
jw-letter-1782b-46-to-zachariah-yewdall,jw/letters/1782b/46-to-zachariah-yewdall,B 46 To Zachariah Yewdall,jw-letters,True
jw-letter-1782b-47-to-thomas-davenport,jw/letters/1782b/47-to-thomas-davenport,B 47 To Thomas Davenport,jw-letters,True
jw-letter-1782b-48-to-mr------,jw/letters/1782b/48-to-mr------,B 48 To Mr      ,jw-letters,True
jw-letter-1782b-49-to-matthiss-joyce,jw/letters/1782b/49-to-matthiss-joyce,B 49 To Matthiss Joyce,jw-letters,True
jw-letter-1782b-50-to-robert-hall-jun,jw/letters/1782b/50-to-robert-hall-jun,B 50 To Robert Hall Jun,jw-letters,True
jw-letter-1782b-51-to-ellen-gretton,jw/letters/1782b/51-to-ellen-gretton,B 51 To Ellen Gretton,jw-letters,True
jw-letter-1782b-52-to-miss-gretton-at-mr-derrys,jw/letters/1782b/52-to-miss-gretton-at-mr-derrys,B 52 To Miss Gretton At Mr Derrys,jw-letters,False
jw-letter-1782b-53-to-zachariah-yewdall,jw/letters/1782b/53-to-zachariah-yewdall,B 53 To Zachariah Yewdall,jw-letters,True
jw-letter-1783a-01-to-abraham-orchard,jw/letters/1783a/01-to-abraham-orchard,A 01 To Abraham Orchard,jw-letters,True
jw-letter-1783a-02-to-ann-bolton,jw/letters/1783a/02-to-ann-bolton,A 02 To Ann Bolton,jw-letters,True
jw-letter-1783a-03-to-robert-carr-brackenbury,jw/letters/1783a/03-to-robert-carr-brackenbury,A 03 To Robert Carr Brackenbury,jw-letters,True
jw-letter-1783a-04-to-joseph-taylor,jw/letters/1783a/04-to-joseph-taylor,A 04 To Joseph Taylor,jw-letters,True
jw-letter-1783a-05-to-john-valton,jw/letters/1783a/05-to-john-valton,A 05 To John Valton,jw-letters,True
jw-letter-1783a-06-to-john-valton,jw/letters/1783a/06-to-john-valton,A 06 To John Valton,jw-letters,True
jw-letter-1783a-07-to-mrs-fuller,jw/letters/1783a/07-to-mrs-fuller,A 07 To Mrs Fuller,jw-letters,True
jw-letter-1783a-08-to-zachariah-yewdall,jw/letters/1783a/08-to-zachariah-yewdall,A 08 To Zachariah Yewdall,jw-letters,True
jw-letter-1783a-09-to-john-cricket,jw/letters/1783a/09-to-john-cricket,A 09 To John Cricket,jw-letters,True
jw-letter-1783a-10-to-ellen-gretton,jw/letters/1783a/10-to-ellen-gretton,A 10 To Ellen Gretton,jw-letters,True
jw-letter-1783a-11-to-thomas-rutherford,jw/letters/1783a/11-to-thomas-rutherford,A 11 To Thomas Rutherford,jw-letters,True
jw-letter-1783a-12-to-ambrose-foley,jw/letters/1783a/12-to-ambrose-foley,A 12 To Ambrose Foley,jw-letters,True
jw-letter-1783a-13-to-george-blackall,jw/letters/1783a/13-to-george-blackall,A 13 To George Blackall,jw-letters,True
jw-letter-1783a-14-to-joseph-taylor,jw/letters/1783a/14-to-joseph-taylor,A 14 To Joseph Taylor,jw-letters,True
jw-letter-1783a-15-to-william-black,jw/letters/1783a/15-to-william-black,A 15 To William Black,jw-letters,True
jw-letter-1783a-16-to-mrs-bradburn,jw/letters/1783a/16-to-mrs-bradburn,A 16 To Mrs Bradburn,jw-letters,True
jw-letter-1783a-17-to-john-baxendale,jw/letters/1783a/17-to-john-baxendale,A 17 To John Baxendale,jw-letters,True
jw-letter-1783a-18-to-john-mason,jw/letters/1783a/18-to-john-mason,A 18 To John Mason,jw-letters,True
jw-letter-1783a-19-to-mr-mason-at-the-preaching-house,jw/letters/1783a/19-to-mr-mason-at-the-preaching-house,A 19 To Mr Mason At The Preaching House,jw-letters,True
jw-letter-1783a-20-to-hester-ann-roe,jw/letters/1783a/20-to-hester-ann-roe,A 20 To Hester Ann Roe,jw-letters,True
jw-letter-1783a-21-to-his-brother-charles,jw/letters/1783a/21-to-his-brother-charles,A 21 To His Brother Charles,jw-letters,True
jw-letter-1783a-22-to-mr------,jw/letters/1783a/22-to-mr------,A 22 To Mr      ,jw-letters,True
jw-letter-1783a-23-to-john-valton,jw/letters/1783a/23-to-john-valton,A 23 To John Valton,jw-letters,True
jw-letter-1783a-24-to-his-brother-charles,jw/letters/1783a/24-to-his-brother-charles,A 24 To His Brother Charles,jw-letters,True
jw-letter-1783a-25-to-henry-brooke,jw/letters/1783a/25-to-henry-brooke,A 25 To Henry Brooke,jw-letters,True
jw-letter-1783a-26-to-mrs-barton,jw/letters/1783a/26-to-mrs-barton,A 26 To Mrs Barton,jw-letters,True
jw-letter-1783a-27-to-his-brother-charles,jw/letters/1783a/27-to-his-brother-charles,A 27 To His Brother Charles,jw-letters,True
jw-letter-1783a-28-to-rev-mr-c-wesley-no-1-in-chester-,jw/letters/1783a/28-to-rev-mr-c-wesley-no-1-in-chester-,A 28 To Rev Mr C Wesley No 1 In Chester ,jw-letters,False
jw-letter-1783a-29-to-mrs-christian-ellen-gretton,jw/letters/1783a/29-to-mrs-christian-ellen-gretton,A 29 To Mrs Christian Ellen Gretton,jw-letters,True
jw-letter-1783a-30-to-john-watson,jw/letters/1783a/30-to-john-watson,A 30 To John Watson,jw-letters,True
jw-letter-1783a-31-to-joseph-taylor,jw/letters/1783a/31-to-joseph-taylor,A 31 To Joseph Taylor,jw-letters,True
jw-letter-1783a-32-to-his-brother-charles,jw/letters/1783a/32-to-his-brother-charles,A 32 To His Brother Charles,jw-letters,True
jw-letter-1783a-33-to-john-cricket,jw/letters/1783a/33-to-john-cricket,A 33 To John Cricket,jw-letters,True
jw-letter-1783a-34-to-thomas-tattershall,jw/letters/1783a/34-to-thomas-tattershall,A 34 To Thomas Tattershall,jw-letters,True
jw-letter-1783a-35-to-joseph-benson,jw/letters/1783a/35-to-joseph-benson,A 35 To Joseph Benson,jw-letters,True
jw-letter-1783a-36-to-joseph-taylor,jw/letters/1783a/36-to-joseph-taylor,A 36 To Joseph Taylor,jw-letters,True
jw-letter-1783a-37-to-john-valton,jw/letters/1783a/37-to-john-valton,A 37 To John Valton,jw-letters,True
jw-letter-1783a-38-to-hannah-ball,jw/letters/1783a/38-to-hannah-ball,A 38 To Hannah Ball,jw-letters,True
jw-letter-1783a-39-to-mrs-ferguson,jw/letters/1783a/39-to-mrs-ferguson,A 39 To Mrs Ferguson,jw-letters,True
jw-letter-1783b-01-to-mrs-barton,jw/letters/1783b/01-to-mrs-barton,B 01 To Mrs Barton,jw-letters,True
jw-letter-1783b-02-to-william-black,jw/letters/1783b/02-to-william-black,B 02 To William Black,jw-letters,True
jw-letter-1783b-03-to-john-evan,jw/letters/1783b/03-to-john-evan,B 03 To John Evan,jw-letters,True
jw-letter-1783b-04-to-elizabeth-ritchie,jw/letters/1783b/04-to-elizabeth-ritchie,B 04 To Elizabeth Ritchie,jw-letters,True
jw-letter-1783b-05-to-george-gidley,jw/letters/1783b/05-to-george-gidley,B 05 To George Gidley,jw-letters,True
jw-letter-1783b-06-to-elizabeth-padbury,jw/letters/1783b/06-to-elizabeth-padbury,B 06 To Elizabeth Padbury,jw-letters,True
jw-letter-1783b-07-to-william-robarts,jw/letters/1783b/07-to-william-robarts,B 07 To William Robarts,jw-letters,True
jw-letter-1783b-08-to-william-robarts,jw/letters/1783b/08-to-william-robarts,B 08 To William Robarts,jw-letters,True
jw-letter-1783b-09-to-peter-garforth,jw/letters/1783b/09-to-peter-garforth,B 09 To Peter Garforth,jw-letters,True
jw-letter-1783b-10-to-mr-garforth-at-skipton-,jw/letters/1783b/10-to-mr-garforth-at-skipton-,B 10 To Mr Garforth At Skipton ,jw-letters,False
jw-letter-1783b-11-to-thomas-les,jw/letters/1783b/11-to-thomas-les,B 11 To Thomas Les,jw-letters,True
jw-letter-1783b-12-to-thomas-welch,jw/letters/1783b/12-to-thomas-welch,B 12 To Thomas Welch,jw-letters,True
jw-letter-1783b-13-to-william-robarts,jw/letters/1783b/13-to-william-robarts,B 13 To William Robarts,jw-letters,True
jw-letter-1783b-14-to-john-atlay,jw/letters/1783b/14-to-john-atlay,B 14 To John Atlay,jw-letters,True
jw-letter-1783b-15-to-robert-hall-jun,jw/letters/1783b/15-to-robert-hall-jun,B 15 To Robert Hall Jun,jw-letters,True
jw-letter-1783b-16-to-mr-robert-hall-jun-at-mr,jw/letters/1783b/16-to-mr-robert-hall-jun-at-mr,B 16 To Mr Robert Hall Jun At Mr,jw-letters,False
jw-letter-1783b-17-to-jane-bisson,jw/letters/1783b/17-to-jane-bisson,B 17 To Jane Bisson,jw-letters,True
jw-letter-1783b-18-to-mrs-howton,jw/letters/1783b/18-to-mrs-howton,B 18 To Mrs Howton,jw-letters,True
jw-letter-1783b-19-to-mrs-howton-at-mrs-prices,jw/letters/1783b/19-to-mrs-howton-at-mrs-prices,B 19 To Mrs Howton At Mrs Prices,jw-letters,True
jw-letter-1783b-20-to-the-preachers-in-america,jw/letters/1783b/20-to-the-preachers-in-america,B 20 To The Preachers In America,jw-letters,True
jw-letter-1783b-21-to-mr------,jw/letters/1783b/21-to-mr------,B 21 To Mr      ,jw-letters,True
jw-letter-1783b-22-to-jasper-winscorn,jw/letters/1783b/22-to-jasper-winscorn,B 22 To Jasper Winscorn,jw-letters,True
jw-letter-1783b-23-to-hannah-ball,jw/letters/1783b/23-to-hannah-ball,B 23 To Hannah Ball,jw-letters,True
jw-letter-1783b-24-to-elizabeth-padbury,jw/letters/1783b/24-to-elizabeth-padbury,B 24 To Elizabeth Padbury,jw-letters,True
jw-letter-1783b-25-to-thomas-longley,jw/letters/1783b/25-to-thomas-longley,B 25 To Thomas Longley,jw-letters,True
jw-letter-1783b-26-to-mrs-barton,jw/letters/1783b/26-to-mrs-barton,B 26 To Mrs Barton,jw-letters,True
jw-letter-1783b-27-to-captain-richard-williams,jw/letters/1783b/27-to-captain-richard-williams,B 27 To Captain Richard Williams,jw-letters,True
jw-letter-1783b-28-to-capt-richa-williams-in-poldice,jw/letters/1783b/28-to-capt-richa-williams-in-poldice,B 28 To Capt Richa Williams In Poldice,jw-letters,False
jw-letter-1783b-29-to-mrs-nail,jw/letters/1783b/29-to-mrs-nail,B 29 To Mrs Nail,jw-letters,True
jw-letter-1783b-30-to-mr-alexander,jw/letters/1783b/30-to-mr-alexander,B 30 To Mr Alexander,jw-letters,True
jw-letter-1783b-31-to-walter-churchey,jw/letters/1783b/31-to-walter-churchey,B 31 To Walter Churchey,jw-letters,True
jw-letter-1783b-32-to-mrs-dowries,jw/letters/1783b/32-to-mrs-dowries,B 32 To Mrs Dowries,jw-letters,True
jw-letter-1783b-33-to-ann-loxdale,jw/letters/1783b/33-to-ann-loxdale,B 33 To Ann Loxdale,jw-letters,True
jw-letter-1783b-34-to-mrs-bradburn,jw/letters/1783b/34-to-mrs-bradburn,B 34 To Mrs Bradburn,jw-letters,True
jw-letter-1783b-35-to-benjamin-chappel,jw/letters/1783b/35-to-benjamin-chappel,B 35 To Benjamin Chappel,jw-letters,True
jw-letter-1783b-36-to-isaac-twycross,jw/letters/1783b/36-to-isaac-twycross,B 36 To Isaac Twycross,jw-letters,True
jw-letter-1783b-37-to-ann-loxdale,jw/letters/1783b/37-to-ann-loxdale,B 37 To Ann Loxdale,jw-letters,True
jw-letter-1783b-38-to-captain-richard-williams,jw/letters/1783b/38-to-captain-richard-williams,B 38 To Captain Richard Williams,jw-letters,True
jw-letter-1783b-39-to-capt-riehl-williams-at-poldice,jw/letters/1783b/39-to-capt-riehl-williams-at-poldice,B 39 To Capt Riehl Williams At Poldice,jw-letters,False
jw-letter-1783b-40-to-matthem-mayer,jw/letters/1783b/40-to-matthem-mayer,B 40 To Matthem Mayer,jw-letters,True
jw-letter-1783b-41-to-joseph-taylor,jw/letters/1783b/41-to-joseph-taylor,B 41 To Joseph Taylor,jw-letters,True
jw-letter-1784a-01-to-isaac-andrews,jw/letters/1784a/01-to-isaac-andrews,A 01 To Isaac Andrews,jw-letters,True
jw-letter-1784a-02-to-robert-carr-brackenbury,jw/letters/1784a/02-to-robert-carr-brackenbury,A 02 To Robert Carr Brackenbury,jw-letters,True
jw-letter-1784a-03-to-john-valton,jw/letters/1784a/03-to-john-valton,A 03 To John Valton,jw-letters,True
jw-letter-1784a-04-to-robert-cart-brackenbury,jw/letters/1784a/04-to-robert-cart-brackenbury,A 04 To Robert Cart Brackenbury,jw-letters,True
jw-letter-1784a-05-to-walter-sellon,jw/letters/1784a/05-to-walter-sellon,A 05 To Walter Sellon,jw-letters,True
jw-letter-1784a-06-to-the-rev-walter-sellon-at-ledsham,jw/letters/1784a/06-to-the-rev-walter-sellon-at-ledsham,A 06 To The Rev Walter Sellon At Ledsham,jw-letters,False
jw-letter-1784a-07-to-thomas-carlill,jw/letters/1784a/07-to-thomas-carlill,A 07 To Thomas Carlill,jw-letters,True
jw-letter-1784a-08-to-thomas-carlill-at-the-preachers-house,jw/letters/1784a/08-to-thomas-carlill-at-the-preachers-house,A 08 To Thomas Carlill At The Preachers House,jw-letters,True
jw-letter-1784a-09-to-joseph-taylor,jw/letters/1784a/09-to-joseph-taylor,A 09 To Joseph Taylor,jw-letters,True
jw-letter-1784a-10-to-mrs-parker,jw/letters/1784a/10-to-mrs-parker,A 10 To Mrs Parker,jw-letters,True
jw-letter-1784a-11-to-robert-hopkins,jw/letters/1784a/11-to-robert-hopkins,A 11 To Robert Hopkins,jw-letters,True
jw-letter-1784a-12-to-victory-purdy,jw/letters/1784a/12-to-victory-purdy,A 12 To Victory Purdy,jw-letters,True
jw-letter-1784a-13-to-alexander-knox,jw/letters/1784a/13-to-alexander-knox,A 13 To Alexander Knox,jw-letters,True
jw-letter-1784a-14-to-samuel-bardsley,jw/letters/1784a/14-to-samuel-bardsley,A 14 To Samuel Bardsley,jw-letters,True
jw-letter-1784a-15-to-robert-carr-brackenbury,jw/letters/1784a/15-to-robert-carr-brackenbury,A 15 To Robert Carr Brackenbury,jw-letters,True
jw-letter-1784a-16-to-john-baxendate,jw/letters/1784a/16-to-john-baxendate,A 16 To John Baxendate,jw-letters,True
jw-letter-1784a-17-to-samuel-bradburn,jw/letters/1784a/17-to-samuel-bradburn,A 17 To Samuel Bradburn,jw-letters,True
jw-letter-1784a-18-to-mrs-bailey,jw/letters/1784a/18-to-mrs-bailey,A 18 To Mrs Bailey,jw-letters,True
jw-letter-1784a-19-to-samuel-bardsley,jw/letters/1784a/19-to-samuel-bardsley,A 19 To Samuel Bardsley,jw-letters,True
jw-letter-1784a-20-to-arthur-keene,jw/letters/1784a/20-to-arthur-keene,A 20 To Arthur Keene,jw-letters,True
jw-letter-1784a-21-to-susanna-knapp,jw/letters/1784a/21-to-susanna-knapp,A 21 To Susanna Knapp,jw-letters,True
jw-letter-1784a-22-to-william-percival,jw/letters/1784a/22-to-william-percival,A 22 To William Percival,jw-letters,True
jw-letter-1784a-23-to-brian-bury-collins,jw/letters/1784a/23-to-brian-bury-collins,A 23 To Brian Bury Collins,jw-letters,True
jw-letter-1784a-24-to-zachariah-yewdall,jw/letters/1784a/24-to-zachariah-yewdall,A 24 To Zachariah Yewdall,jw-letters,True
jw-letter-1784a-25-to-ann-bolton,jw/letters/1784a/25-to-ann-bolton,A 25 To Ann Bolton,jw-letters,True
jw-letter-1784a-26-to-hannah-ball,jw/letters/1784a/26-to-hannah-ball,A 26 To Hannah Ball,jw-letters,True
jw-letter-1784a-27-to-his-nephew-charles-wesley,jw/letters/1784a/27-to-his-nephew-charles-wesley,A 27 To His Nephew Charles Wesley,jw-letters,True
jw-letter-1784a-28-to-james-rogers,jw/letters/1784a/28-to-james-rogers,A 28 To James Rogers,jw-letters,True
jw-letter-1784a-29-to-william-black,jw/letters/1784a/29-to-william-black,A 29 To William Black,jw-letters,True
jw-letter-1784a-30-to-simon-day,jw/letters/1784a/30-to-simon-day,A 30 To Simon Day,jw-letters,True
jw-letter-1784a-31-to-mr-simon-day-at-mr-wickens,jw/letters/1784a/31-to-mr-simon-day-at-mr-wickens,A 31 To Mr Simon Day At Mr Wickens,jw-letters,True
jw-letter-1784a-32-to-alexander-surer,jw/letters/1784a/32-to-alexander-surer,A 32 To Alexander Surer,jw-letters,True
jw-letter-1784a-33-to-zachariah-yewdall,jw/letters/1784a/33-to-zachariah-yewdall,A 33 To Zachariah Yewdall,jw-letters,True
jw-letter-1784a-34-to-joseph-entwisle-and-david-gordon,jw/letters/1784a/34-to-joseph-entwisle-and-david-gordon,A 34 To Joseph Entwisle And David Gordon,jw-letters,True
jw-letter-1784a-35-to-francis-wrigley,jw/letters/1784a/35-to-francis-wrigley,A 35 To Francis Wrigley,jw-letters,True
jw-letter-1784a-36-to-mrs-christian,jw/letters/1784a/36-to-mrs-christian,A 36 To Mrs Christian,jw-letters,True
jw-letter-1784a-37-to-arthur-keene,jw/letters/1784a/37-to-arthur-keene,A 37 To Arthur Keene,jw-letters,True
jw-letter-1784a-38-to-john-valton,jw/letters/1784a/38-to-john-valton,A 38 To John Valton,jw-letters,True
jw-letter-1784a-39-to-ann-bolton,jw/letters/1784a/39-to-ann-bolton,A 39 To Ann Bolton,jw-letters,True
jw-letter-1784b-01-to-alexander-barry,jw/letters/1784b/01-to-alexander-barry,B 01 To Alexander Barry,jw-letters,True
jw-letter-1784b-02-to-james-barry,jw/letters/1784b/02-to-james-barry,B 02 To James Barry,jw-letters,True
jw-letter-1784b-03-to-arthur-keene,jw/letters/1784b/03-to-arthur-keene,B 03 To Arthur Keene,jw-letters,True
jw-letter-1784b-04-to-frances-godfrey,jw/letters/1784b/04-to-frances-godfrey,B 04 To Frances Godfrey,jw-letters,True
jw-letter-1784b-05-to-john-white,jw/letters/1784b/05-to-john-white,B 05 To John White,jw-letters,True
jw-letter-1784b-06-to-mary-bishop,jw/letters/1784b/06-to-mary-bishop,B 06 To Mary Bishop,jw-letters,True
jw-letter-1784b-07-to-elizabeth-ritchie,jw/letters/1784b/07-to-elizabeth-ritchie,B 07 To Elizabeth Ritchie,jw-letters,True
jw-letter-1784b-08-to-his-nephew-samuel-wesley,jw/letters/1784b/08-to-his-nephew-samuel-wesley,B 08 To His Nephew Samuel Wesley,jw-letters,True
jw-letter-1784b-09-to-robert-jones-of-fenmen-castle,jw/letters/1784b/09-to-robert-jones-of-fenmen-castle,B 09 To Robert Jones Of Fenmen Castle,jw-letters,True
jw-letter-1784b-10-to-joseph-taylor,jw/letters/1784b/10-to-joseph-taylor,B 10 To Joseph Taylor,jw-letters,True
jw-letter-1784b-11-to-ann-bolton,jw/letters/1784b/11-to-ann-bolton,B 11 To Ann Bolton,jw-letters,True
jw-letter-1784b-12-to-christopher-hopper,jw/letters/1784b/12-to-christopher-hopper,B 12 To Christopher Hopper,jw-letters,True
jw-letter-1784b-13-to-william-pitt-first-lord-of-the-treasury,jw/letters/1784b/13-to-william-pitt-first-lord-of-the-treasury,B 13 To William Pitt First Lord Of The Treasury,jw-letters,True
jw-letter-1784b-14-to-his-niece-sarah-wesley,jw/letters/1784b/14-to-his-niece-sarah-wesley,B 14 To His Niece Sarah Wesley,jw-letters,True
jw-letter-1784b-15-to-mrs-johnson,jw/letters/1784b/15-to-mrs-johnson,B 15 To Mrs Johnson,jw-letters,True
jw-letter-1784b-16-to-christopher-hopper,jw/letters/1784b/16-to-christopher-hopper,B 16 To Christopher Hopper,jw-letters,True
jw-letter-1784b-17-to-john-valton,jw/letters/1784b/17-to-john-valton,B 17 To John Valton,jw-letters,True
jw-letter-1784b-18-to-john-johnson,jw/letters/1784b/18-to-john-johnson,B 18 To John Johnson,jw-letters,True
jw-letter-1784b-19-to-mrs-johnson,jw/letters/1784b/19-to-mrs-johnson,B 19 To Mrs Johnson,jw-letters,True
jw-letter-1784b-20-to-alexander-surer,jw/letters/1784b/20-to-alexander-surer,B 20 To Alexander Surer,jw-letters,True
jw-letter-1784b-21-to-richard-rodda,jw/letters/1784b/21-to-richard-rodda,B 21 To Richard Rodda,jw-letters,True
jw-letter-1784b-22-to-john-valton,jw/letters/1784b/22-to-john-valton,B 22 To John Valton,jw-letters,True
jw-letter-1784b-23-to-william-black,jw/letters/1784b/23-to-william-black,B 23 To William Black,jw-letters,True
jw-letter-1784b-24-to-sarah-baker,jw/letters/1784b/24-to-sarah-baker,B 24 To Sarah Baker,jw-letters,True
jw-letter-1784b-25-to-mrs-johnson,jw/letters/1784b/25-to-mrs-johnson,B 25 To Mrs Johnson,jw-letters,True
jw-letter-1784b-26-to-mr-stonehouse,jw/letters/1784b/26-to-mr-stonehouse,B 26 To Mr Stonehouse,jw-letters,True
jw-letter-1784b-27-to-martha-chapman,jw/letters/1784b/27-to-martha-chapman,B 27 To Martha Chapman,jw-letters,True
jw-letter-1784b-28-to-miss-chapman-at-wailington,jw/letters/1784b/28-to-miss-chapman-at-wailington,B 28 To Miss Chapman At Wailington,jw-letters,False
jw-letter-1784b-29-to-john-mason,jw/letters/1784b/29-to-john-mason,B 29 To John Mason,jw-letters,True
jw-letter-1784b-30-to-henry-moore,jw/letters/1784b/30-to-henry-moore,B 30 To Henry Moore,jw-letters,True
jw-letter-1784b-31-to-mrs-crosby,jw/letters/1784b/31-to-mrs-crosby,B 31 To Mrs Crosby,jw-letters,True
jw-letter-1784b-32-to-john-valton,jw/letters/1784b/32-to-john-valton,B 32 To John Valton,jw-letters,True
jw-letter-1784b-33-to-jonathan-hern,jw/letters/1784b/33-to-jonathan-hern,B 33 To Jonathan Hern,jw-letters,True
jw-letter-1784b-34-to-robert-blake,jw/letters/1784b/34-to-robert-blake,B 34 To Robert Blake,jw-letters,True
jw-letter-1784b-35-to-jeremiah-brettell,jw/letters/1784b/35-to-jeremiah-brettell,B 35 To Jeremiah Brettell,jw-letters,True
jw-letter-1784b-36-to-mr-brettell-at-the-orphan-house,jw/letters/1784b/36-to-mr-brettell-at-the-orphan-house,B 36 To Mr Brettell At The Orphan House,jw-letters,True
jw-letter-1784b-37-to-thomas-taylor,jw/letters/1784b/37-to-thomas-taylor,B 37 To Thomas Taylor,jw-letters,True
jw-letter-1785a-01-to-dean-d--,jw/letters/1785a/01-to-dean-d--,A 01 To Dean D  ,jw-letters,True
jw-letter-1785a-02-to-mrs-gait,jw/letters/1785a/02-to-mrs-gait,A 02 To Mrs Gait,jw-letters,True
jw-letter-1785a-03-to-john-johnson,jw/letters/1785a/03-to-john-johnson,A 03 To John Johnson,jw-letters,True
jw-letter-1785a-04-to-mrs-johnson,jw/letters/1785a/04-to-mrs-johnson,A 04 To Mrs Johnson,jw-letters,True
jw-letter-1785a-05-to-james-barry,jw/letters/1785a/05-to-james-barry,A 05 To James Barry,jw-letters,True
jw-letter-1785a-06-to-mrs-freeman,jw/letters/1785a/06-to-mrs-freeman,A 06 To Mrs Freeman,jw-letters,True
jw-letter-1785a-07-to-samuel-bardsley,jw/letters/1785a/07-to-samuel-bardsley,A 07 To Samuel Bardsley,jw-letters,True
jw-letter-1785a-08-to-adam-clarke,jw/letters/1785a/08-to-adam-clarke,A 08 To Adam Clarke,jw-letters,True
jw-letter-1785a-09-to-robert-carr-brackenbury,jw/letters/1785a/09-to-robert-carr-brackenbury,A 09 To Robert Carr Brackenbury,jw-letters,True
jw-letter-1785a-10-to-captain-richard-williams,jw/letters/1785a/10-to-captain-richard-williams,A 10 To Captain Richard Williams,jw-letters,True
jw-letter-1785a-11-to-arthur-keene,jw/letters/1785a/11-to-arthur-keene,A 11 To Arthur Keene,jw-letters,True
jw-letter-1785a-12-to-john-broadbent,jw/letters/1785a/12-to-john-broadbent,A 12 To John Broadbent,jw-letters,True
jw-letter-1785a-13-to-mr-broadbent-at-the-preaching-house,jw/letters/1785a/13-to-mr-broadbent-at-the-preaching-house,A 13 To Mr Broadbent At The Preaching House,jw-letters,True
jw-letter-1785a-14-to-john-baxendale,jw/letters/1785a/14-to-john-baxendale,A 14 To John Baxendale,jw-letters,True
jw-letter-1785a-15-to-jonathan-coussins,jw/letters/1785a/15-to-jonathan-coussins,A 15 To Jonathan Coussins,jw-letters,True
jw-letter-1785a-16-to-john-stretton,jw/letters/1785a/16-to-john-stretton,A 16 To John Stretton,jw-letters,True
jw-letter-1785a-17-to-zechariah-yewdell,jw/letters/1785a/17-to-zechariah-yewdell,A 17 To Zechariah Yewdell,jw-letters,True
jw-letter-1785a-18-to-his-brother-charles,jw/letters/1785a/18-to-his-brother-charles,A 18 To His Brother Charles,jw-letters,True
jw-letter-1785a-19-to-barnabas-thomas,jw/letters/1785a/19-to-barnabas-thomas,A 19 To Barnabas Thomas,jw-letters,True
jw-letter-1785a-20-to-mrs-wren,jw/letters/1785a/20-to-mrs-wren,A 20 To Mrs Wren,jw-letters,True
jw-letter-1785a-21-to-ann-bolton,jw/letters/1785a/21-to-ann-bolton,A 21 To Ann Bolton,jw-letters,True
jw-letter-1785a-22-to-mrs-fletcher,jw/letters/1785a/22-to-mrs-fletcher,A 22 To Mrs Fletcher,jw-letters,True
jw-letter-1785a-23-to-john-fletcher,jw/letters/1785a/23-to-john-fletcher,A 23 To John Fletcher,jw-letters,True
jw-letter-1785a-24-to-the-methodist-conference,jw/letters/1785a/24-to-the-methodist-conference,A 24 To The Methodist Conference,jw-letters,True
jw-letter-1785a-25-to-joseph-taylor,jw/letters/1785a/25-to-joseph-taylor,A 25 To Joseph Taylor,jw-letters,True
jw-letter-1785a-26-to-roger-crane,jw/letters/1785a/26-to-roger-crane,A 26 To Roger Crane,jw-letters,True
jw-letter-1785a-27-to-george-gibbon,jw/letters/1785a/27-to-george-gibbon,A 27 To George Gibbon,jw-letters,True
jw-letter-1785a-28-to-his-brother-charles,jw/letters/1785a/28-to-his-brother-charles,A 28 To His Brother Charles,jw-letters,True
jw-letter-1785a-29-to-thomas-carlill,jw/letters/1785a/29-to-thomas-carlill,A 29 To Thomas Carlill,jw-letters,True
jw-letter-1785a-30-to-jasper-winscom,jw/letters/1785a/30-to-jasper-winscom,A 30 To Jasper Winscom,jw-letters,True
jw-letter-1785a-31-to-his-brother-charles,jw/letters/1785a/31-to-his-brother-charles,A 31 To His Brother Charles,jw-letters,True
jw-letter-1785a-32-to-zachariah-yewdall,jw/letters/1785a/32-to-zachariah-yewdall,A 32 To Zachariah Yewdall,jw-letters,True
jw-letter-1785a-33-to-his-brother-charles,jw/letters/1785a/33-to-his-brother-charles,A 33 To His Brother Charles,jw-letters,True
jw-letter-1785a-34-to-alexander-knox,jw/letters/1785a/34-to-alexander-knox,A 34 To Alexander Knox,jw-letters,True
jw-letter-1785a-35-to-francis-wrigley,jw/letters/1785a/35-to-francis-wrigley,A 35 To Francis Wrigley,jw-letters,True
jw-letter-1785a-36-to-mr-wrigley-at-mr-flamanks,jw/letters/1785a/36-to-mr-wrigley-at-mr-flamanks,A 36 To Mr Wrigley At Mr Flamanks,jw-letters,False
jw-letter-1785a-37-to-his-brother-charles,jw/letters/1785a/37-to-his-brother-charles,A 37 To His Brother Charles,jw-letters,True
jw-letter-1785a-38-to-zachariah-yewdull,jw/letters/1785a/38-to-zachariah-yewdull,A 38 To Zachariah Yewdull,jw-letters,True
jw-letter-1785a-39-to-his-brother-charles,jw/letters/1785a/39-to-his-brother-charles,A 39 To His Brother Charles,jw-letters,True
jw-letter-1785a-40-to-freeborn-garrettson,jw/letters/1785a/40-to-freeborn-garrettson,A 40 To Freeborn Garrettson,jw-letters,True
jw-letter-1785a-41-to-mr-garrettson-at-mr-philip-marchington,jw/letters/1785a/41-to-mr-garrettson-at-mr-philip-marchington,A 41 To Mr Garrettson At Mr Philip Marchington,jw-letters,False
jw-letter-1785a-42-to-elizabeth-ritchie,jw/letters/1785a/42-to-elizabeth-ritchie,A 42 To Elizabeth Ritchie,jw-letters,True
jw-letter-1785b-01-to-ann-bolton,jw/letters/1785b/01-to-ann-bolton,B 01 To Ann Bolton,jw-letters,True
jw-letter-1785b-02-to-thomas-wride,jw/letters/1785b/02-to-thomas-wride,B 02 To Thomas Wride,jw-letters,True
jw-letter-1785b-03-to-alexander-knox,jw/letters/1785b/03-to-alexander-knox,B 03 To Alexander Knox,jw-letters,True
jw-letter-1785b-04-to-arthur-keene,jw/letters/1785b/04-to-arthur-keene,B 04 To Arthur Keene,jw-letters,True
jw-letter-1785b-05-to-alexander-surer,jw/letters/1785b/05-to-alexander-surer,B 05 To Alexander Surer,jw-letters,True
jw-letter-1785b-06-to-mrs-christian,jw/letters/1785b/06-to-mrs-christian,B 06 To Mrs Christian,jw-letters,True
jw-letter-1785b-07-to-arthur-keene,jw/letters/1785b/07-to-arthur-keene,B 07 To Arthur Keene,jw-letters,True
jw-letter-1785b-08-to-john-ogilvie,jw/letters/1785b/08-to-john-ogilvie,B 08 To John Ogilvie,jw-letters,True
jw-letter-1785b-09-to-his-brother-charles,jw/letters/1785b/09-to-his-brother-charles,B 09 To His Brother Charles,jw-letters,True
jw-letter-1785b-10-to-christopher-hopper,jw/letters/1785b/10-to-christopher-hopper,B 10 To Christopher Hopper,jw-letters,True
jw-letter-1785b-11-to-robert-costerdine,jw/letters/1785b/11-to-robert-costerdine,B 11 To Robert Costerdine,jw-letters,True
jw-letter-1785b-12-to-john-valton,jw/letters/1785b/12-to-john-valton,B 12 To John Valton,jw-letters,True
jw-letter-1785b-13-to-mr-valton-at-captain-robinsons,jw/letters/1785b/13-to-mr-valton-at-captain-robinsons,B 13 To Mr Valton At Captain Robinsons,jw-letters,True
jw-letter-1785b-14-to-thomas-wride,jw/letters/1785b/14-to-thomas-wride,B 14 To Thomas Wride,jw-letters,True
jw-letter-1785b-15-to-mary-cooke,jw/letters/1785b/15-to-mary-cooke,B 15 To Mary Cooke,jw-letters,True
jw-letter-1785b-16-to-his-brother-charles,jw/letters/1785b/16-to-his-brother-charles,B 16 To His Brother Charles,jw-letters,True
jw-letter-1785b-17-to-jasper-winscom,jw/letters/1785b/17-to-jasper-winscom,B 17 To Jasper Winscom,jw-letters,True
jw-letter-1785b-18-to-mrs-fletcher,jw/letters/1785b/18-to-mrs-fletcher,B 18 To Mrs Fletcher,jw-letters,True
jw-letter-1785b-19-to-mrs-fletcher-at-madeley,jw/letters/1785b/19-to-mrs-fletcher-at-madeley,B 19 To Mrs Fletcher At Madeley,jw-letters,True
jw-letter-1785b-20-to-thomas-wride,jw/letters/1785b/20-to-thomas-wride,B 20 To Thomas Wride,jw-letters,True
jw-letter-1785b-21-to-richard-locke,jw/letters/1785b/21-to-richard-locke,B 21 To Richard Locke,jw-letters,True
jw-letter-1785b-22-to-robert-cart-brackenbury,jw/letters/1785b/22-to-robert-cart-brackenbury,B 22 To Robert Cart Brackenbury,jw-letters,True
jw-letter-1785b-23-to-mary-cooke,jw/letters/1785b/23-to-mary-cooke,B 23 To Mary Cooke,jw-letters,True
jw-letter-1785b-24-to-simon-day,jw/letters/1785b/24-to-simon-day,B 24 To Simon Day,jw-letters,True
jw-letter-1785b-25-to-francis-asbury,jw/letters/1785b/25-to-francis-asbury,B 25 To Francis Asbury,jw-letters,True
jw-letter-1785b-26-to-mrs-fletcher,jw/letters/1785b/26-to-mrs-fletcher,B 26 To Mrs Fletcher,jw-letters,True
jw-letter-1785b-27-to-ann-loxdale,jw/letters/1785b/27-to-ann-loxdale,B 27 To Ann Loxdale,jw-letters,True
jw-letter-1785b-28-to-thomas-wride,jw/letters/1785b/28-to-thomas-wride,B 28 To Thomas Wride,jw-letters,True
jw-letter-1785b-29-to-charles-atmore,jw/letters/1785b/29-to-charles-atmore,B 29 To Charles Atmore,jw-letters,True
jw-letter-1785b-30-to-mrs-fletcher,jw/letters/1785b/30-to-mrs-fletcher,B 30 To Mrs Fletcher,jw-letters,True
jw-letter-1785b-31-to-mrs-fletcher-at-madeley,jw/letters/1785b/31-to-mrs-fletcher-at-madeley,B 31 To Mrs Fletcher At Madeley,jw-letters,False
jw-letter-1785b-32-to-joseph-benson,jw/letters/1785b/32-to-joseph-benson,B 32 To Joseph Benson,jw-letters,True
jw-letter-1785b-33-to-mary-cooke,jw/letters/1785b/33-to-mary-cooke,B 33 To Mary Cooke,jw-letters,True
jw-letter-1785b-34-to-william-robarts,jw/letters/1785b/34-to-william-robarts,B 34 To William Robarts,jw-letters,True
jw-letter-1785b-35-to-thomas-wride,jw/letters/1785b/35-to-thomas-wride,B 35 To Thomas Wride,jw-letters,True
jw-letter-1785b-36-to-zachariah-yewdall,jw/letters/1785b/36-to-zachariah-yewdall,B 36 To Zachariah Yewdall,jw-letters,True
jw-letter-1785b-37-to-thomas-tattershall,jw/letters/1785b/37-to-thomas-tattershall,B 37 To Thomas Tattershall,jw-letters,True
jw-letter-1785b-38-to-john-bredin,jw/letters/1785b/38-to-john-bredin,B 38 To John Bredin,jw-letters,True
jw-letter-1785b-39-to-matthew-stuart,jw/letters/1785b/39-to-matthew-stuart,B 39 To Matthew Stuart,jw-letters,True
jw-letter-1785b-40-to-thomas-wride,jw/letters/1785b/40-to-thomas-wride,B 40 To Thomas Wride,jw-letters,True
jw-letter-1785b-41-to-robert-carr-brackenbury,jw/letters/1785b/41-to-robert-carr-brackenbury,B 41 To Robert Carr Brackenbury,jw-letters,True
jw-letter-1785b-42-to-mrs-pawson,jw/letters/1785b/42-to-mrs-pawson,B 42 To Mrs Pawson,jw-letters,True
jw-letter-1785b-43-to-the-rev-mr-pawson-at-the,jw/letters/1785b/43-to-the-rev-mr-pawson-at-the,B 43 To The Rev Mr Pawson At The,jw-letters,True
jw-letter-1785b-44-to-walter-churchey,jw/letters/1785b/44-to-walter-churchey,B 44 To Walter Churchey,jw-letters,True
jw-letter-1785b-45-to-mr-walter-churchey,jw/letters/1785b/45-to-mr-walter-churchey,B 45 To Mr Walter Churchey,jw-letters,True
jw-letter-1785b-46-to-william-robarts,jw/letters/1785b/46-to-william-robarts,B 46 To William Robarts,jw-letters,True
jw-letter-1785b-47-to-mrs-winscom,jw/letters/1785b/47-to-mrs-winscom,B 47 To Mrs Winscom,jw-letters,True
jw-letter-1785b-48-to-mary-cooke,jw/letters/1785b/48-to-mary-cooke,B 48 To Mary Cooke,jw-letters,True
jw-letter-1785b-49-to-john-mckersey-and-james-byron,jw/letters/1785b/49-to-john-mckersey-and-james-byron,B 49 To John Mckersey And James Byron,jw-letters,True
jw-letter-1785b-50-to-thomas-wride,jw/letters/1785b/50-to-thomas-wride,B 50 To Thomas Wride,jw-letters,True
jw-letter-1785b-51-to-the-editor-of-the-gentlemans-magazine,jw/letters/1785b/51-to-the-editor-of-the-gentlemans-magazine,B 51 To The Editor Of The Gentlemans Magazine,jw-letters,True
jw-letter-1785b-52-to-joseph-taylor,jw/letters/1785b/52-to-joseph-taylor,B 52 To Joseph Taylor,jw-letters,True
jw-letter-1785b-53-to-mrs-bradburn,jw/letters/1785b/53-to-mrs-bradburn,B 53 To Mrs Bradburn,jw-letters,True
jw-letter-1785b-54-to-mrs-fletcher,jw/letters/1785b/54-to-mrs-fletcher,B 54 To Mrs Fletcher,jw-letters,True
jw-letter-1786a-01-to-rev-mr-root,jw/letters/1786a/01-to-rev-mr-root,A 01 To Rev Mr Root,jw-letters,True
jw-letter-1786a-02-to-joshua-keighley,jw/letters/1786a/02-to-joshua-keighley,A 02 To Joshua Keighley,jw-letters,True
jw-letter-1786a-03-to-mrs-fletcher,jw/letters/1786a/03-to-mrs-fletcher,A 03 To Mrs Fletcher,jw-letters,True
jw-letter-1786a-04-to-mrs-fletcher-at-madeley,jw/letters/1786a/04-to-mrs-fletcher-at-madeley,A 04 To Mrs Fletcher At Madeley,jw-letters,True
jw-letter-1786a-05-to-samuel-mitchell,jw/letters/1786a/05-to-samuel-mitchell,A 05 To Samuel Mitchell,jw-letters,True
jw-letter-1786a-06-to-mr-sam-mitchell-of-maguiresbridge,jw/letters/1786a/06-to-mr-sam-mitchell-of-maguiresbridge,A 06 To Mr Sam Mitchell Of Maguiresbridge,jw-letters,False
jw-letter-1786a-07-to-robert-cart-brackenbury,jw/letters/1786a/07-to-robert-cart-brackenbury,A 07 To Robert Cart Brackenbury,jw-letters,True
jw-letter-1786a-08-to-adam-clarke,jw/letters/1786a/08-to-adam-clarke,A 08 To Adam Clarke,jw-letters,True
jw-letter-1786a-09-to-samuel-bradburn,jw/letters/1786a/09-to-samuel-bradburn,A 09 To Samuel Bradburn,jw-letters,True
jw-letter-1786a-10-to-adam-clarke,jw/letters/1786a/10-to-adam-clarke,A 10 To Adam Clarke,jw-letters,True
jw-letter-1786a-11-to-mr-adam-clarke-at-mr-walters,jw/letters/1786a/11-to-mr-adam-clarke-at-mr-walters,A 11 To Mr Adam Clarke At Mr Walters,jw-letters,True
jw-letter-1786a-12-to-john-ogilvie,jw/letters/1786a/12-to-john-ogilvie,A 12 To John Ogilvie,jw-letters,True
jw-letter-1786a-13-to-thomas-taylor,jw/letters/1786a/13-to-thomas-taylor,A 13 To Thomas Taylor,jw-letters,True
jw-letter-1786a-14-to-peter-walker,jw/letters/1786a/14-to-peter-walker,A 14 To Peter Walker,jw-letters,True
jw-letter-1786a-15-to-mr-peter-walker-at-the-preaching-house,jw/letters/1786a/15-to-mr-peter-walker-at-the-preaching-house,A 15 To Mr Peter Walker At The Preaching House,jw-letters,True
jw-letter-1786a-16-to-mrs-middleton,jw/letters/1786a/16-to-mrs-middleton,A 16 To Mrs Middleton,jw-letters,True
jw-letter-1786a-17-to-mrs-moon,jw/letters/1786a/17-to-mrs-moon,A 17 To Mrs Moon,jw-letters,True
jw-letter-1786a-18-to-mrs-emma-moon-at-potto,jw/letters/1786a/18-to-mrs-emma-moon-at-potto,A 18 To Mrs Emma Moon At Potto,jw-letters,True
jw-letter-1786a-19-to-mary-cooke,jw/letters/1786a/19-to-mary-cooke,A 19 To Mary Cooke,jw-letters,True
jw-letter-1786a-20-to-elizabeth-ritchis,jw/letters/1786a/20-to-elizabeth-ritchis,A 20 To Elizabeth Ritchis,jw-letters,True
jw-letter-1786a-21-to-william-sagar,jw/letters/1786a/21-to-william-sagar,A 21 To William Sagar,jw-letters,True
jw-letter-1786a-22-to-john-stretton,jw/letters/1786a/22-to-john-stretton,A 22 To John Stretton,jw-letters,True
jw-letter-1786a-23-to-charles-atmore,jw/letters/1786a/23-to-charles-atmore,A 23 To Charles Atmore,jw-letters,True
jw-letter-1786a-24-to-mr-atmore-at-the-preaching-house,jw/letters/1786a/24-to-mr-atmore-at-the-preaching-house,A 24 To Mr Atmore At The Preaching House,jw-letters,True
jw-letter-1786a-25-to-samuel-bardsley,jw/letters/1786a/25-to-samuel-bardsley,A 25 To Samuel Bardsley,jw-letters,True
jw-letter-1786a-26-to-mr-bardsley-at-capt-robinsons,jw/letters/1786a/26-to-mr-bardsley-at-capt-robinsons,A 26 To Mr Bardsley At Capt Robinsons,jw-letters,True
jw-letter-1786a-27-to-mrs-bowman,jw/letters/1786a/27-to-mrs-bowman,A 27 To Mrs Bowman,jw-letters,True
jw-letter-1786a-28-to-dr-coke,jw/letters/1786a/28-to-dr-coke,A 28 To Dr Coke,jw-letters,True
jw-letter-1786a-29-to-thomas-tattershall,jw/letters/1786a/29-to-thomas-tattershall,A 29 To Thomas Tattershall,jw-letters,True
jw-letter-1786a-30-to-his-brother-charles,jw/letters/1786a/30-to-his-brother-charles,A 30 To His Brother Charles,jw-letters,True
jw-letter-1786a-31-to-hannah-ball,jw/letters/1786a/31-to-hannah-ball,A 31 To Hannah Ball,jw-letters,True
jw-letter-1786a-32-to-lancelot-harrison,jw/letters/1786a/32-to-lancelot-harrison,A 32 To Lancelot Harrison,jw-letters,True
jw-letter-1786a-33-to-mr-lancelot-harrison-at-mr,jw/letters/1786a/33-to-mr-lancelot-harrison-at-mr,A 33 To Mr Lancelot Harrison At Mr,jw-letters,True
jw-letter-1786a-34-to-his-brother-charles,jw/letters/1786a/34-to-his-brother-charles,A 34 To His Brother Charles,jw-letters,True
jw-letter-1786a-35-to-thomas-carlill,jw/letters/1786a/35-to-thomas-carlill,A 35 To Thomas Carlill,jw-letters,True
jw-letter-1786a-36-to-his-brother-charles,jw/letters/1786a/36-to-his-brother-charles,A 36 To His Brother Charles,jw-letters,True
jw-letter-1786a-37-to-the-earl-of-leven,jw/letters/1786a/37-to-the-earl-of-leven,A 37 To The Earl Of Leven,jw-letters,True
jw-letter-1786a-38-to-mrs-brisco,jw/letters/1786a/38-to-mrs-brisco,A 38 To Mrs Brisco,jw-letters,True
jw-letter-1786a-39-to-james-copeland,jw/letters/1786a/39-to-james-copeland,A 39 To James Copeland,jw-letters,True
jw-letter-1786a-40-to-his-brother-charles,jw/letters/1786a/40-to-his-brother-charles,A 40 To His Brother Charles,jw-letters,True
jw-letter-1786a-41-to-lancelot-harrison,jw/letters/1786a/41-to-lancelot-harrison,A 41 To Lancelot Harrison,jw-letters,True
jw-letter-1786a-42-to-kitty-warren,jw/letters/1786a/42-to-kitty-warren,A 42 To Kitty Warren,jw-letters,True
jw-letter-1786a-43-to-henry-brooke,jw/letters/1786a/43-to-henry-brooke,A 43 To Henry Brooke,jw-letters,True
jw-letter-1786a-44-to-jasper-winscom,jw/letters/1786a/44-to-jasper-winscom,A 44 To Jasper Winscom,jw-letters,True
jw-letter-1786a-45-to-samuel-bradburn,jw/letters/1786a/45-to-samuel-bradburn,A 45 To Samuel Bradburn,jw-letters,True
jw-letter-1786a-46-to-sophia-cooke,jw/letters/1786a/46-to-sophia-cooke,A 46 To Sophia Cooke,jw-letters,True
jw-letter-1786b-01-to-adam-clarke,jw/letters/1786b/01-to-adam-clarke,B 01 To Adam Clarke,jw-letters,True
jw-letter-1786b-02-to-francis-wrigley,jw/letters/1786b/02-to-francis-wrigley,B 02 To Francis Wrigley,jw-letters,True
jw-letter-1786b-03-to-mr-----,jw/letters/1786b/03-to-mr-----,B 03 To Mr     ,jw-letters,True
jw-letter-1786b-04-to-sarah-mkim,jw/letters/1786b/04-to-sarah-mkim,B 04 To Sarah Mkim,jw-letters,True
jw-letter-1786b-05-to-the-mayor-of-liverpool,jw/letters/1786b/05-to-the-mayor-of-liverpool,B 05 To The Mayor Of Liverpool,jw-letters,True
jw-letter-1786b-06-to-mr-torry,jw/letters/1786b/06-to-mr-torry,B 06 To Mr Torry,jw-letters,False
jw-letter-1786b-07-to-josiah-dornford,jw/letters/1786b/07-to-josiah-dornford,B 07 To Josiah Dornford,jw-letters,True
jw-letter-1786b-08-to-elizabeth-briggs,jw/letters/1786b/08-to-elizabeth-briggs,B 08 To Elizabeth Briggs,jw-letters,True
jw-letter-1786b-09-to-mrs-fletcher,jw/letters/1786b/09-to-mrs-fletcher,B 09 To Mrs Fletcher,jw-letters,True
jw-letter-1786b-10-to-samuel-bradburn,jw/letters/1786b/10-to-samuel-bradburn,B 10 To Samuel Bradburn,jw-letters,True
jw-letter-1786b-11-to-dr-coke,jw/letters/1786b/11-to-dr-coke,B 11 To Dr Coke,jw-letters,True
jw-letter-1786b-12-to-mrs-fletcher,jw/letters/1786b/12-to-mrs-fletcher,B 12 To Mrs Fletcher,jw-letters,True
jw-letter-1786b-13-to-mary-cooke,jw/letters/1786b/13-to-mary-cooke,B 13 To Mary Cooke,jw-letters,True
jw-letter-1786b-14-to-walter-churchey,jw/letters/1786b/14-to-walter-churchey,B 14 To Walter Churchey,jw-letters,True
jw-letter-1786b-15-to-elizabeth-briggs,jw/letters/1786b/15-to-elizabeth-briggs,B 15 To Elizabeth Briggs,jw-letters,True
jw-letter-1786b-16-to-william-robarts,jw/letters/1786b/16-to-william-robarts,B 16 To William Robarts,jw-letters,True
jw-letter-1786b-17-to-freeborn-garrettson,jw/letters/1786b/17-to-freeborn-garrettson,B 17 To Freeborn Garrettson,jw-letters,True
jw-letter-1786b-18-to-george-merryweather,jw/letters/1786b/18-to-george-merryweather,B 18 To George Merryweather,jw-letters,True
jw-letter-1786b-19-to-john-valton,jw/letters/1786b/19-to-john-valton,B 19 To John Valton,jw-letters,True
jw-letter-1786b-20-to-thomas-carlill,jw/letters/1786b/20-to-thomas-carlill,B 20 To Thomas Carlill,jw-letters,True
jw-letter-1786b-21-to-jasper-winscorn,jw/letters/1786b/21-to-jasper-winscorn,B 21 To Jasper Winscorn,jw-letters,True
jw-letter-1786b-22-to-the-rev-mr-l----,jw/letters/1786b/22-to-the-rev-mr-l----,B 22 To The Rev Mr L    ,jw-letters,True
jw-letter-1786b-23-to-john-valton,jw/letters/1786b/23-to-john-valton,B 23 To John Valton,jw-letters,True
jw-letter-1786b-24-to-thomas-wride,jw/letters/1786b/24-to-thomas-wride,B 24 To Thomas Wride,jw-letters,True
jw-letter-1786b-25-to-henry-moore,jw/letters/1786b/25-to-henry-moore,B 25 To Henry Moore,jw-letters,True
jw-letter-1786b-26-to-the-society-at-epworth,jw/letters/1786b/26-to-the-society-at-epworth,B 26 To The Society At Epworth,jw-letters,True
jw-letter-1786b-27-to-mr-simon-kilham-in-epworth,jw/letters/1786b/27-to-mr-simon-kilham-in-epworth,B 27 To Mr Simon Kilham In Epworth,jw-letters,True
jw-letter-1786b-28-to-william-simpson,jw/letters/1786b/28-to-william-simpson,B 28 To William Simpson,jw-letters,True
jw-letter-1786b-29-to-joseph-taylor,jw/letters/1786b/29-to-joseph-taylor,B 29 To Joseph Taylor,jw-letters,True
jw-letter-1786b-30-to-jasper-winscom,jw/letters/1786b/30-to-jasper-winscom,B 30 To Jasper Winscom,jw-letters,True
jw-letter-1786b-31-to-thomas-warwick,jw/letters/1786b/31-to-thomas-warwick,B 31 To Thomas Warwick,jw-letters,True
jw-letter-1786b-32-to-william-simpson,jw/letters/1786b/32-to-william-simpson,B 32 To William Simpson,jw-letters,True
jw-letter-1786b-33-to-william-black,jw/letters/1786b/33-to-william-black,B 33 To William Black,jw-letters,True
jw-letter-1786b-34-to-francis-wrigley,jw/letters/1786b/34-to-francis-wrigley,B 34 To Francis Wrigley,jw-letters,True
jw-letter-1786b-35-to-freeborn-garrettson,jw/letters/1786b/35-to-freeborn-garrettson,B 35 To Freeborn Garrettson,jw-letters,True
jw-letter-1786b-36-to-samuel-bradburn,jw/letters/1786b/36-to-samuel-bradburn,B 36 To Samuel Bradburn,jw-letters,True
jw-letter-1786b-37-to-mrs-fletcher,jw/letters/1786b/37-to-mrs-fletcher,B 37 To Mrs Fletcher,jw-letters,True
jw-letter-1786b-38-to-william-robarts,jw/letters/1786b/38-to-william-robarts,B 38 To William Robarts,jw-letters,True
jw-letter-1786b-39-to-mary-cooke,jw/letters/1786b/39-to-mary-cooke,B 39 To Mary Cooke,jw-letters,True
jw-letter-1786b-40-to-ann-bolton,jw/letters/1786b/40-to-ann-bolton,B 40 To Ann Bolton,jw-letters,True
jw-letter-1786b-41-to-samuel-mitchell,jw/letters/1786b/41-to-samuel-mitchell,B 41 To Samuel Mitchell,jw-letters,True
jw-letter-1786b-42-to-william-shepherd,jw/letters/1786b/42-to-william-shepherd,B 42 To William Shepherd,jw-letters,True
jw-letter-1786b-43-to-zachariah-yewdall,jw/letters/1786b/43-to-zachariah-yewdall,B 43 To Zachariah Yewdall,jw-letters,True
jw-letter-1786b-44-to-thomas-hall,jw/letters/1786b/44-to-thomas-hall,B 44 To Thomas Hall,jw-letters,True
jw-letter-1786b-45-to-john-valton,jw/letters/1786b/45-to-john-valton,B 45 To John Valton,jw-letters,True
jw-letter-1787-01-to-arthur-keene,jw/letters/1787/01-to-arthur-keene,01 To Arthur Keene,jw-letters,True
jw-letter-1787-02-to-john-ogilvie,jw/letters/1787/02-to-john-ogilvie,02 To John Ogilvie,jw-letters,True
jw-letter-1787-03-to-adam-clarke,jw/letters/1787/03-to-adam-clarke,03 To Adam Clarke,jw-letters,True
jw-letter-1787-04-to-jane-bisson,jw/letters/1787/04-to-jane-bisson,04 To Jane Bisson,jw-letters,True
jw-letter-1787-05-to-mrs-howton,jw/letters/1787/05-to-mrs-howton,05 To Mrs Howton,jw-letters,True
jw-letter-1787-06-to-arthur-keene,jw/letters/1787/06-to-arthur-keene,06 To Arthur Keene,jw-letters,True
jw-letter-1787-07-to-mr-arthur-keene,jw/letters/1787/07-to-mr-arthur-keene,07 To Mr Arthur Keene,jw-letters,False
jw-letter-1787-08-to-the-rev-mr-heath,jw/letters/1787/08-to-the-rev-mr-heath,08 To The Rev Mr Heath,jw-letters,True
jw-letter-1787-09-to-thomas-clarkson,jw/letters/1787/09-to-thomas-clarkson,09 To Thomas Clarkson,jw-letters,True
jw-letter-1787-10-to-jane-bisson,jw/letters/1787/10-to-jane-bisson,10 To Jane Bisson,jw-letters,True
jw-letter-1787-11-to-mary-cooke,jw/letters/1787/11-to-mary-cooke,11 To Mary Cooke,jw-letters,True
jw-letter-1787-12-to-james-currie,jw/letters/1787/12-to-james-currie,12 To James Currie,jw-letters,True
jw-letter-1787-13-to-george-holder,jw/letters/1787/13-to-george-holder,13 To George Holder,jw-letters,True
jw-letter-1787-14-to-ann-bolton,jw/letters/1787/14-to-ann-bolton,14 To Ann Bolton,jw-letters,True
jw-letter-1787-15-to-henry-moore,jw/letters/1787/15-to-henry-moore,15 To Henry Moore,jw-letters,True
jw-letter-1787-16-to-elizabeth-padbury,jw/letters/1787/16-to-elizabeth-padbury,16 To Elizabeth Padbury,jw-letters,True
jw-letter-1787-17-to-miss-padbury-at-witflebury,jw/letters/1787/17-to-miss-padbury-at-witflebury,17 To Miss Padbury At Witflebury,jw-letters,False
jw-letter-1787-18-to-jonathan-crowther,jw/letters/1787/18-to-jonathan-crowther,18 To Jonathan Crowther,jw-letters,True
jw-letter-1787-19-to-james-barry,jw/letters/1787/19-to-james-barry,19 To James Barry,jw-letters,True
jw-letter-1787-20-to-william-black,jw/letters/1787/20-to-william-black,20 To William Black,jw-letters,True
jw-letter-1787-21-to-henry-moore,jw/letters/1787/21-to-henry-moore,21 To Henry Moore,jw-letters,True
jw-letter-1787-22-to-mrs-tighe,jw/letters/1787/22-to-mrs-tighe,22 To Mrs Tighe,jw-letters,True
jw-letter-1787-23-to-hannah-ball,jw/letters/1787/23-to-hannah-ball,23 To Hannah Ball,jw-letters,True
jw-letter-1787-24-to-sarah-mallet,jw/letters/1787/24-to-sarah-mallet,24 To Sarah Mallet,jw-letters,True
jw-letter-1787-25-to-isaac-brown,jw/letters/1787/25-to-isaac-brown,25 To Isaac Brown,jw-letters,True
jw-letter-1787-26-to-granville-sharp,jw/letters/1787/26-to-granville-sharp,26 To Granville Sharp,jw-letters,True
jw-letter-1787-27-to-mrs-rogers,jw/letters/1787/27-to-mrs-rogers,27 To Mrs Rogers,jw-letters,True
jw-letter-1787-28-to-alexander-mather,jw/letters/1787/28-to-alexander-mather,28 To Alexander Mather,jw-letters,True
jw-letter-1787-29-to-robert-carr-brackenbury,jw/letters/1787/29-to-robert-carr-brackenbury,29 To Robert Carr Brackenbury,jw-letters,True
jw-letter-1787-30-to-david-gordon,jw/letters/1787/30-to-david-gordon,30 To David Gordon,jw-letters,True
jw-letter-1787-31-to-john-king,jw/letters/1787/31-to-john-king,31 To John King,jw-letters,True
jw-letter-1787-32-to-zachariah-yewdall,jw/letters/1787/32-to-zachariah-yewdall,32 To Zachariah Yewdall,jw-letters,True
jw-letter-1787-33-to-adam-clarke,jw/letters/1787/33-to-adam-clarke,33 To Adam Clarke,jw-letters,True
jw-letter-1787-34-to-adam-clarke,jw/letters/1787/34-to-adam-clarke,34 To Adam Clarke,jw-letters,True
jw-letter-1787-35-to-thomas-funnell,jw/letters/1787/35-to-thomas-funnell,35 To Thomas Funnell,jw-letters,True
jw-letter-1787-36-to-alexander-suter,jw/letters/1787/36-to-alexander-suter,36 To Alexander Suter,jw-letters,True
jw-letter-1787-37-to-francis-asbury,jw/letters/1787/37-to-francis-asbury,37 To Francis Asbury,jw-letters,True
jw-letter-1787-38-to-the-rev-mr-asbury-at-mr-wellss-merchant,jw/letters/1787/38-to-the-rev-mr-asbury-at-mr-wellss-merchant,38 To The Rev Mr Asbury At Mr Wellss Merchant,jw-letters,True
jw-letter-1787-39-to-robert-dall,jw/letters/1787/39-to-robert-dall,39 To Robert Dall,jw-letters,True
jw-letter-1787-40-to-adam-clarke,jw/letters/1787/40-to-adam-clarke,40 To Adam Clarke,jw-letters,True
jw-letter-1787-41-to-thomas-wride,jw/letters/1787/41-to-thomas-wride,41 To Thomas Wride,jw-letters,True
jw-letter-1787-42-to-jane-bisson,jw/letters/1787/42-to-jane-bisson,42 To Jane Bisson,jw-letters,True
jw-letter-1787-43-to-robert-carr-brackenbury,jw/letters/1787/43-to-robert-carr-brackenbury,43 To Robert Carr Brackenbury,jw-letters,True
jw-letter-1787-44-to-james-ridall,jw/letters/1787/44-to-james-ridall,44 To James Ridall,jw-letters,True
jw-letter-1787-45-to-adam-clarke,jw/letters/1787/45-to-adam-clarke,45 To Adam Clarke,jw-letters,True
jw-letter-1787-46-to-mary-cooke,jw/letters/1787/46-to-mary-cooke,46 To Mary Cooke,jw-letters,True
jw-letter-1787-47-to-thomas-roberts,jw/letters/1787/47-to-thomas-roberts,47 To Thomas Roberts,jw-letters,True
jw-letter-1787-48-to-arthur-keene,jw/letters/1787/48-to-arthur-keene,48 To Arthur Keene,jw-letters,True
jw-letter-1787-49-to-joseph-benson,jw/letters/1787/49-to-joseph-benson,49 To Joseph Benson,jw-letters,True
jw-letter-1787-50-to-zachariah-yewdull,jw/letters/1787/50-to-zachariah-yewdull,50 To Zachariah Yewdull,jw-letters,True
jw-letter-1788a-01-to-adam-clarke,jw/letters/1788a/01-to-adam-clarke,A 01 To Adam Clarke,jw-letters,True
jw-letter-1788a-02-to-duncan-wright,jw/letters/1788a/02-to-duncan-wright,A 02 To Duncan Wright,jw-letters,True
jw-letter-1788a-03-to-mrs-barton,jw/letters/1788a/03-to-mrs-barton,A 03 To Mrs Barton,jw-letters,True
jw-letter-1788a-04-to-joseph-pescod,jw/letters/1788a/04-to-joseph-pescod,A 04 To Joseph Pescod,jw-letters,True
jw-letter-1788a-05-to-henry-moore,jw/letters/1788a/05-to-henry-moore,A 05 To Henry Moore,jw-letters,True
jw-letter-1788a-06-to-thomas-roberts,jw/letters/1788a/06-to-thomas-roberts,A 06 To Thomas Roberts,jw-letters,True
jw-letter-1788a-07-to-william-simpson,jw/letters/1788a/07-to-william-simpson,A 07 To William Simpson,jw-letters,True
jw-letter-1788a-08-to-robert-dull,jw/letters/1788a/08-to-robert-dull,A 08 To Robert Dull,jw-letters,True
jw-letter-1788a-09-to-his-brother-charles,jw/letters/1788a/09-to-his-brother-charles,A 09 To His Brother Charles,jw-letters,True
jw-letter-1788a-10-to-william-holmes,jw/letters/1788a/10-to-william-holmes,A 10 To William Holmes,jw-letters,True
jw-letter-1788a-11-to-mr-w-holmes-at-miss-williams,jw/letters/1788a/11-to-mr-w-holmes-at-miss-williams,A 11 To Mr W Holmes At Miss Williams,jw-letters,True
jw-letter-1788a-12-to-james-curtie,jw/letters/1788a/12-to-james-curtie,A 12 To James Curtie,jw-letters,True
jw-letter-1788a-13-to-henry-moore,jw/letters/1788a/13-to-henry-moore,A 13 To Henry Moore,jw-letters,True
jw-letter-1788a-14-to-jane-bisson,jw/letters/1788a/14-to-jane-bisson,A 14 To Jane Bisson,jw-letters,True
jw-letter-1788a-15-to-charles-wesley,jw/letters/1788a/15-to-charles-wesley,A 15 To Charles Wesley,jw-letters,True
jw-letter-1788a-16-to-ann-bolton,jw/letters/1788a/16-to-ann-bolton,A 16 To Ann Bolton,jw-letters,True
jw-letter-1788a-17-to-robert-carr-brackenbury,jw/letters/1788a/17-to-robert-carr-brackenbury,A 17 To Robert Carr Brackenbury,jw-letters,True
jw-letter-1788a-18-to-david-gordon,jw/letters/1788a/18-to-david-gordon,A 18 To David Gordon,jw-letters,True
jw-letter-1788a-19-to-his-brother-charles,jw/letters/1788a/19-to-his-brother-charles,A 19 To His Brother Charles,jw-letters,True
jw-letter-1788a-20-to-susanna-knapp,jw/letters/1788a/20-to-susanna-knapp,A 20 To Susanna Knapp,jw-letters,True
jw-letter-1788a-21-to-his-brother-charles,jw/letters/1788a/21-to-his-brother-charles,A 21 To His Brother Charles,jw-letters,True
jw-letter-1788a-22-to-jasper-winscom,jw/letters/1788a/22-to-jasper-winscom,A 22 To Jasper Winscom,jw-letters,True
jw-letter-1788a-23-to-his-niece-sarah-wesley,jw/letters/1788a/23-to-his-niece-sarah-wesley,A 23 To His Niece Sarah Wesley,jw-letters,True
jw-letter-1788a-24-to-sarah-mallet,jw/letters/1788a/24-to-sarah-mallet,A 24 To Sarah Mallet,jw-letters,True
jw-letter-1788a-25-to-charles-atmore,jw/letters/1788a/25-to-charles-atmore,A 25 To Charles Atmore,jw-letters,True
jw-letter-1788a-26-to-samuel-bradburn,jw/letters/1788a/26-to-samuel-bradburn,A 26 To Samuel Bradburn,jw-letters,True
jw-letter-1788a-27-to-his-nephew-charles-wesley,jw/letters/1788a/27-to-his-nephew-charles-wesley,A 27 To His Nephew Charles Wesley,jw-letters,True
jw-letter-1788a-28-to-his-brother-charles,jw/letters/1788a/28-to-his-brother-charles,A 28 To His Brother Charles,jw-letters,True
jw-letter-1788a-29-to-adam-clarke,jw/letters/1788a/29-to-adam-clarke,A 29 To Adam Clarke,jw-letters,True
jw-letter-1788a-30-to-his-nephew-samuel-wesley,jw/letters/1788a/30-to-his-nephew-samuel-wesley,A 30 To His Nephew Samuel Wesley,jw-letters,True
jw-letter-1788a-31-to-william-black,jw/letters/1788a/31-to-william-black,A 31 To William Black,jw-letters,True
jw-letter-1788a-32-to-john-stretton,jw/letters/1788a/32-to-john-stretton,A 32 To John Stretton,jw-letters,True
jw-letter-1788a-33-to-his-niece-sarah-wesley,jw/letters/1788a/33-to-his-niece-sarah-wesley,A 33 To His Niece Sarah Wesley,jw-letters,True
jw-letter-1788a-34-to-agnes-collinson,jw/letters/1788a/34-to-agnes-collinson,A 34 To Agnes Collinson,jw-letters,True
jw-letter-1788a-35-to-harriet-lewis,jw/letters/1788a/35-to-harriet-lewis,A 35 To Harriet Lewis,jw-letters,True
jw-letter-1788a-36-to-mrs-charles-wesley,jw/letters/1788a/36-to-mrs-charles-wesley,A 36 To Mrs Charles Wesley,jw-letters,True
jw-letter-1788a-37-to-henry-moore,jw/letters/1788a/37-to-henry-moore,A 37 To Henry Moore,jw-letters,True
jw-letter-1788a-38-to-peard-dickinson,jw/letters/1788a/38-to-peard-dickinson,A 38 To Peard Dickinson,jw-letters,True
jw-letter-1788a-39-to-mrs-charles-wesley,jw/letters/1788a/39-to-mrs-charles-wesley,A 39 To Mrs Charles Wesley,jw-letters,True
jw-letter-1788a-40-to-his-niece-sarah-wesley,jw/letters/1788a/40-to-his-niece-sarah-wesley,A 40 To His Niece Sarah Wesley,jw-letters,True
jw-letter-1788a-41-to-peard-dickinson,jw/letters/1788a/41-to-peard-dickinson,A 41 To Peard Dickinson,jw-letters,True
jw-letter-1788a-42-to-adam-clarke,jw/letters/1788a/42-to-adam-clarke,A 42 To Adam Clarke,jw-letters,True
jw-letter-1788a-43-to-mrs-charles-wesley,jw/letters/1788a/43-to-mrs-charles-wesley,A 43 To Mrs Charles Wesley,jw-letters,True
jw-letter-1788a-44-to-his-niece-sarah-wesley,jw/letters/1788a/44-to-his-niece-sarah-wesley,A 44 To His Niece Sarah Wesley,jw-letters,True
jw-letter-1788a-45-to-william-simpson,jw/letters/1788a/45-to-william-simpson,A 45 To William Simpson,jw-letters,True
jw-letter-1788a-46-to-peard-dickinson,jw/letters/1788a/46-to-peard-dickinson,A 46 To Peard Dickinson,jw-letters,True
jw-letter-1788a-47-to-henry-moore,jw/letters/1788a/47-to-henry-moore,A 47 To Henry Moore,jw-letters,True
jw-letter-1788a-48-to-henry-moore,jw/letters/1788a/48-to-henry-moore,A 48 To Henry Moore,jw-letters,True
jw-letter-1788a-49-to-dr-coke,jw/letters/1788a/49-to-dr-coke,A 49 To Dr Coke,jw-letters,True
jw-letter-1788a-50-to-henry-moore,jw/letters/1788a/50-to-henry-moore,A 50 To Henry Moore,jw-letters,True
jw-letter-1788a-51-to-mrs-cock-jane-bisson,jw/letters/1788a/51-to-mrs-cock-jane-bisson,A 51 To Mrs Cock Jane Bisson,jw-letters,True
jw-letter-1788a-52-to-william-whitestone,jw/letters/1788a/52-to-william-whitestone,A 52 To William Whitestone,jw-letters,True
jw-letter-1788a-53-to-mrs-rogers,jw/letters/1788a/53-to-mrs-rogers,A 53 To Mrs Rogers,jw-letters,True
jw-letter-1788a-54-to-jasper-winscorn,jw/letters/1788a/54-to-jasper-winscorn,A 54 To Jasper Winscorn,jw-letters,True
jw-letter-1788a-55-to-his-niece-sarah-wesley,jw/letters/1788a/55-to-his-niece-sarah-wesley,A 55 To His Niece Sarah Wesley,jw-letters,True
jw-letter-1788a-56-to-the-millbourn-society,jw/letters/1788a/56-to-the-millbourn-society,A 56 To The Millbourn Society,jw-letters,True
jw-letter-1788a-57-to-mrs-blachford,jw/letters/1788a/57-to-mrs-blachford,A 57 To Mrs Blachford,jw-letters,True
jw-letter-1788a-58-to-christopher-hopper,jw/letters/1788a/58-to-christopher-hopper,A 58 To Christopher Hopper,jw-letters,True
jw-letter-1788a-59-to-henry-moore,jw/letters/1788a/59-to-henry-moore,A 59 To Henry Moore,jw-letters,True
jw-letter-1788a-60-to-thomas-taylor,jw/letters/1788a/60-to-thomas-taylor,A 60 To Thomas Taylor,jw-letters,True
jw-letter-1788a-61-to-mrs-fletcher,jw/letters/1788a/61-to-mrs-fletcher,A 61 To Mrs Fletcher,jw-letters,True
jw-letter-1788a-62-to-mrs-freeman,jw/letters/1788a/62-to-mrs-freeman,A 62 To Mrs Freeman,jw-letters,True
jw-letter-1788a-63-to-walter-churchey,jw/letters/1788a/63-to-walter-churchey,A 63 To Walter Churchey,jw-letters,True
jw-letter-1788a-64-to-mr-------,jw/letters/1788a/64-to-mr-------,A 64 To Mr       ,jw-letters,True
jw-letter-1788a-65-to-henry-moore,jw/letters/1788a/65-to-henry-moore,A 65 To Henry Moore,jw-letters,True
jw-letter-1788a-66-to-henry-brooke,jw/letters/1788a/66-to-henry-brooke,A 66 To Henry Brooke,jw-letters,True
jw-letter-1788a-67-to-peard-dickinson,jw/letters/1788a/67-to-peard-dickinson,A 67 To Peard Dickinson,jw-letters,True
jw-letter-1788a-68-to-the-rev-mr-dickinson-in-the-city-road,jw/letters/1788a/68-to-the-rev-mr-dickinson-in-the-city-road,A 68 To The Rev Mr Dickinson In The City Road,jw-letters,True
jw-letter-1788a-69-to-walter-churchey,jw/letters/1788a/69-to-walter-churchey,A 69 To Walter Churchey,jw-letters,True
jw-letter-1788a-70-to-adam-clarke,jw/letters/1788a/70-to-adam-clarke,A 70 To Adam Clarke,jw-letters,True
jw-letter-1788a-71-to-john-mann,jw/letters/1788a/71-to-john-mann,A 71 To John Mann,jw-letters,True
jw-letter-1788a-72-to-his-niece-sarah-wesley,jw/letters/1788a/72-to-his-niece-sarah-wesley,A 72 To His Niece Sarah Wesley,jw-letters,True
jw-letter-1788a-73-to-miss-wesley-at-the-rev-mr-dickinsons,jw/letters/1788a/73-to-miss-wesley-at-the-rev-mr-dickinsons,A 73 To Miss Wesley At The Rev Mr Dickinsons,jw-letters,False
jw-letter-1788a-74-to-samuel-bradburn,jw/letters/1788a/74-to-samuel-bradburn,A 74 To Samuel Bradburn,jw-letters,True
jw-letter-1788a-75-to-mr-bradburn-at-the-new-chapel,jw/letters/1788a/75-to-mr-bradburn-at-the-new-chapel,A 75 To Mr Bradburn At The New Chapel,jw-letters,True
jw-letter-1788a-76-to-henry-moore,jw/letters/1788a/76-to-henry-moore,A 76 To Henry Moore,jw-letters,True
jw-letter-1788a-77-to-mrs-ward,jw/letters/1788a/77-to-mrs-ward,A 77 To Mrs Ward,jw-letters,True
jw-letter-1788b-01-to-jasper-winscorn,jw/letters/1788b/01-to-jasper-winscorn,B 01 To Jasper Winscorn,jw-letters,True
jw-letter-1788b-02-to-francis-wrigley,jw/letters/1788b/02-to-francis-wrigley,B 02 To Francis Wrigley,jw-letters,True
jw-letter-1788b-03-to-mr-wrigley-at-the-preaching-house,jw/letters/1788b/03-to-mr-wrigley-at-the-preaching-house,B 03 To Mr Wrigley At The Preaching House,jw-letters,True
jw-letter-1788b-04-to-richard-whatcoat,jw/letters/1788b/04-to-richard-whatcoat,B 04 To Richard Whatcoat,jw-letters,True
jw-letter-1788b-05-to-the-rev-mr-whatcoat-at-philip-rogers-esq,jw/letters/1788b/05-to-the-rev-mr-whatcoat-at-philip-rogers-esq,B 05 To The Rev Mr Whatcoat At Philip Rogers Esq,jw-letters,True
jw-letter-1788b-06-to-walter-churchey,jw/letters/1788b/06-to-walter-churchey,B 06 To Walter Churchey,jw-letters,True
jw-letter-1788b-07-to-kitty-warren,jw/letters/1788b/07-to-kitty-warren,B 07 To Kitty Warren,jw-letters,True
jw-letter-1788b-08-to-alexander-suter,jw/letters/1788b/08-to-alexander-suter,B 08 To Alexander Suter,jw-letters,True
jw-letter-1788b-09-to-mrs-charles-wesley,jw/letters/1788b/09-to-mrs-charles-wesley,B 09 To Mrs Charles Wesley,jw-letters,True
jw-letter-1788b-10-to-john-crook,jw/letters/1788b/10-to-john-crook,B 10 To John Crook,jw-letters,True
jw-letter-1788b-11-to-the-trustees-of-dewsbury,jw/letters/1788b/11-to-the-trustees-of-dewsbury,B 11 To The Trustees Of Dewsbury,jw-letters,True
jw-letter-1788b-12-to-sarah-mallet,jw/letters/1788b/12-to-sarah-mallet,B 12 To Sarah Mallet,jw-letters,True
jw-letter-1788b-13-to-ann-taylor,jw/letters/1788b/13-to-ann-taylor,B 13 To Ann Taylor,jw-letters,True
jw-letter-1788b-14-to-mrs-ward,jw/letters/1788b/14-to-mrs-ward,B 14 To Mrs Ward,jw-letters,True
jw-letter-1788b-15-to-frances-godfrey,jw/letters/1788b/15-to-frances-godfrey,B 15 To Frances Godfrey,jw-letters,True
jw-letter-1788b-16-to-mrs-charles-wesley,jw/letters/1788b/16-to-mrs-charles-wesley,B 16 To Mrs Charles Wesley,jw-letters,True
jw-letter-1788b-17-to-walter-churchey,jw/letters/1788b/17-to-walter-churchey,B 17 To Walter Churchey,jw-letters,True
jw-letter-1788b-18-to-arthur-keene,jw/letters/1788b/18-to-arthur-keene,B 18 To Arthur Keene,jw-letters,True
jw-letter-1788b-19-to-lady-maxwell,jw/letters/1788b/19-to-lady-maxwell,B 19 To Lady Maxwell,jw-letters,True
jw-letter-1788b-20-to-ann-bolton,jw/letters/1788b/20-to-ann-bolton,B 20 To Ann Bolton,jw-letters,True
jw-letter-1788b-21-to-john-atlay,jw/letters/1788b/21-to-john-atlay,B 21 To John Atlay,jw-letters,True
jw-letter-1788b-22-to-elizabeth-baker,jw/letters/1788b/22-to-elizabeth-baker,B 22 To Elizabeth Baker,jw-letters,True
jw-letter-1788b-23-to-john-atlay,jw/letters/1788b/23-to-john-atlay,B 23 To John Atlay,jw-letters,True
jw-letter-1788b-24-to-his-niece-sarah-wesley,jw/letters/1788b/24-to-his-niece-sarah-wesley,B 24 To His Niece Sarah Wesley,jw-letters,True
jw-letter-1788b-25-to-john-atlay,jw/letters/1788b/25-to-john-atlay,B 25 To John Atlay,jw-letters,True
jw-letter-1788b-26-to-thomas-cooper,jw/letters/1788b/26-to-thomas-cooper,B 26 To Thomas Cooper,jw-letters,True
jw-letter-1788b-27-to-his-niece-sarah-wesley,jw/letters/1788b/27-to-his-niece-sarah-wesley,B 27 To His Niece Sarah Wesley,jw-letters,True
jw-letter-1788b-28-to-elizabeth-baker,jw/letters/1788b/28-to-elizabeth-baker,B 28 To Elizabeth Baker,jw-letters,True
jw-letter-1788b-29-to-joseph-benson,jw/letters/1788b/29-to-joseph-benson,B 29 To Joseph Benson,jw-letters,True
jw-letter-1788b-30-to-francis-asbury,jw/letters/1788b/30-to-francis-asbury,B 30 To Francis Asbury,jw-letters,True
jw-letter-1788b-31-to-henry-moore,jw/letters/1788b/31-to-henry-moore,B 31 To Henry Moore,jw-letters,True
jw-letter-1788b-32-to-mr------,jw/letters/1788b/32-to-mr------,B 32 To Mr      ,jw-letters,True
jw-letter-1788b-33-to-mrs-charles-wesley,jw/letters/1788b/33-to-mrs-charles-wesley,B 33 To Mrs Charles Wesley,jw-letters,True
jw-letter-1788b-34-to-john-atlay,jw/letters/1788b/34-to-john-atlay,B 34 To John Atlay,jw-letters,True
jw-letter-1788b-35-to-his-niece-sarah-wesley,jw/letters/1788b/35-to-his-niece-sarah-wesley,B 35 To His Niece Sarah Wesley,jw-letters,True
jw-letter-1788b-36-to-walter-churchey,jw/letters/1788b/36-to-walter-churchey,B 36 To Walter Churchey,jw-letters,True
jw-letter-1788b-37-to-lady-maxwell,jw/letters/1788b/37-to-lady-maxwell,B 37 To Lady Maxwell,jw-letters,True
jw-letter-1788b-38-to-jasper-winscon,jw/letters/1788b/38-to-jasper-winscon,B 38 To Jasper Winscon,jw-letters,True
jw-letter-1788b-39-to-walter-griffith,jw/letters/1788b/39-to-walter-griffith,B 39 To Walter Griffith,jw-letters,True
jw-letter-1788b-40-to-james-bogie,jw/letters/1788b/40-to-james-bogie,B 40 To James Bogie,jw-letters,True
jw-letter-1788b-41-to-mrs-cock,jw/letters/1788b/41-to-mrs-cock,B 41 To Mrs Cock,jw-letters,True
jw-letter-1788b-42-to-joseph-cownley,jw/letters/1788b/42-to-joseph-cownley,B 42 To Joseph Cownley,jw-letters,True
jw-letter-1788b-43-to-the-rev-mr-heath,jw/letters/1788b/43-to-the-rev-mr-heath,B 43 To The Rev Mr Heath,jw-letters,True
jw-letter-1788b-44-to-the-rev-mr-heath-at-cokesbury-college,jw/letters/1788b/44-to-the-rev-mr-heath-at-cokesbury-college,B 44 To The Rev Mr Heath At Cokesbury College,jw-letters,True
jw-letter-1788b-45-to-edward-jackson,jw/letters/1788b/45-to-edward-jackson,B 45 To Edward Jackson,jw-letters,True
jw-letter-1788b-46-to-william-stephens,jw/letters/1788b/46-to-william-stephens,B 46 To William Stephens,jw-letters,True
jw-letter-1788b-47-to-john-valton,jw/letters/1788b/47-to-john-valton,B 47 To John Valton,jw-letters,True
jw-letter-1788b-48-to-peter-mill,jw/letters/1788b/48-to-peter-mill,B 48 To Peter Mill,jw-letters,True
jw-letter-1788b-49-to-thomas-carlill,jw/letters/1788b/49-to-thomas-carlill,B 49 To Thomas Carlill,jw-letters,True
jw-letter-1788b-50-to-peter-mill,jw/letters/1788b/50-to-peter-mill,B 50 To Peter Mill,jw-letters,True
jw-letter-1788b-51-to-adam-clarke,jw/letters/1788b/51-to-adam-clarke,B 51 To Adam Clarke,jw-letters,True
jw-letter-1788b-52-to-benjamin-rhodes,jw/letters/1788b/52-to-benjamin-rhodes,B 52 To Benjamin Rhodes,jw-letters,True
jw-letter-1788b-53-to-john-blunt,jw/letters/1788b/53-to-john-blunt,B 53 To John Blunt,jw-letters,True
jw-letter-1788b-54-to-robert-carr-brackenbury,jw/letters/1788b/54-to-robert-carr-brackenbury,B 54 To Robert Carr Brackenbury,jw-letters,True
jw-letter-1788b-55-to-charles-bland,jw/letters/1788b/55-to-charles-bland,B 55 To Charles Bland,jw-letters,True
jw-letter-1788b-56-to-mr-c-bland-at-the-preaching-,jw/letters/1788b/56-to-mr-c-bland-at-the-preaching-,B 56 To Mr C Bland At The Preaching ,jw-letters,True
jw-letter-1788b-57-to-jasper-winscom,jw/letters/1788b/57-to-jasper-winscom,B 57 To Jasper Winscom,jw-letters,True
jw-letter-1788b-58-to-mr-jasper-winscorn-at-the,jw/letters/1788b/58-to-mr-jasper-winscorn-at-the,B 58 To Mr Jasper Winscorn At The,jw-letters,True
jw-letter-1788b-59-to-william-smith,jw/letters/1788b/59-to-william-smith,B 59 To William Smith,jw-letters,True
jw-letter-1788b-60-to-mrs-crosby,jw/letters/1788b/60-to-mrs-crosby,B 60 To Mrs Crosby,jw-letters,True
jw-letter-1788b-61-to-joseph-taylor,jw/letters/1788b/61-to-joseph-taylor,B 61 To Joseph Taylor,jw-letters,True
jw-letter-1788b-62-to-edward-coates,jw/letters/1788b/62-to-edward-coates,B 62 To Edward Coates,jw-letters,True
jw-letter-1788b-63-to-henry-moore,jw/letters/1788b/63-to-henry-moore,B 63 To Henry Moore,jw-letters,True
jw-letter-1788b-64-to-walter-churchey,jw/letters/1788b/64-to-walter-churchey,B 64 To Walter Churchey,jw-letters,True
jw-letter-1788b-65-to-peter-mill,jw/letters/1788b/65-to-peter-mill,B 65 To Peter Mill,jw-letters,True
jw-letter-1788b-66-to-mr-mill-at-the-orphan-house,jw/letters/1788b/66-to-mr-mill-at-the-orphan-house,B 66 To Mr Mill At The Orphan House,jw-letters,True
jw-letter-1788b-67-to-mrs-charles-wesley,jw/letters/1788b/67-to-mrs-charles-wesley,B 67 To Mrs Charles Wesley,jw-letters,True
jw-letter-1788b-68-to-sarah-mallet,jw/letters/1788b/68-to-sarah-mallet,B 68 To Sarah Mallet,jw-letters,True
jw-letter-1788b-69-to-mrs-cock,jw/letters/1788b/69-to-mrs-cock,B 69 To Mrs Cock,jw-letters,True
jw-letter-1789a-01-to-benjamin-rhodes,jw/letters/1789a/01-to-benjamin-rhodes,A 01 To Benjamin Rhodes,jw-letters,True
jw-letter-1789a-02-to-ann-bolton,jw/letters/1789a/02-to-ann-bolton,A 02 To Ann Bolton,jw-letters,True
jw-letter-1789a-03-to-duncan-mcallum,jw/letters/1789a/03-to-duncan-mcallum,A 03 To Duncan Mcallum,jw-letters,True
jw-letter-1789a-04-to-james-currie,jw/letters/1789a/04-to-james-currie,A 04 To James Currie,jw-letters,True
jw-letter-1789a-05-to-mrs-tighe,jw/letters/1789a/05-to-mrs-tighe,A 05 To Mrs Tighe,jw-letters,True
jw-letter-1789a-06-to-mrs-tighe-at-woodstock,jw/letters/1789a/06-to-mrs-tighe-at-woodstock,A 06 To Mrs Tighe At Woodstock,jw-letters,False
jw-letter-1789a-07-to-freeborn-garrettson,jw/letters/1789a/07-to-freeborn-garrettson,A 07 To Freeborn Garrettson,jw-letters,True
jw-letter-1789a-08-to-walter-churchey,jw/letters/1789a/08-to-walter-churchey,A 08 To Walter Churchey,jw-letters,True
jw-letter-1789a-09-to-robert-dull,jw/letters/1789a/09-to-robert-dull,A 09 To Robert Dull,jw-letters,True
jw-letter-1789a-10-to-thomas-rutherford,jw/letters/1789a/10-to-thomas-rutherford,A 10 To Thomas Rutherford,jw-letters,True
jw-letter-1789a-11-to-mrs-whereat,jw/letters/1789a/11-to-mrs-whereat,A 11 To Mrs Whereat,jw-letters,True
jw-letter-1789a-12-to-mrs-pat-whereat-at-the-new-room,jw/letters/1789a/12-to-mrs-pat-whereat-at-the-new-room,A 12 To Mrs Pat Whereat At The New Room,jw-letters,True
jw-letter-1789a-13-to-abraham-case,jw/letters/1789a/13-to-abraham-case,A 13 To Abraham Case,jw-letters,True
jw-letter-1789a-14-to-mrs-tighe,jw/letters/1789a/14-to-mrs-tighe,A 14 To Mrs Tighe,jw-letters,True
jw-letter-1789a-15-to-mrs-rogers,jw/letters/1789a/15-to-mrs-rogers,A 15 To Mrs Rogers,jw-letters,True
jw-letter-1789a-16-to-joseph-taylor,jw/letters/1789a/16-to-joseph-taylor,A 16 To Joseph Taylor,jw-letters,True
jw-letter-1789a-17-to-thomas-roberts,jw/letters/1789a/17-to-thomas-roberts,A 17 To Thomas Roberts,jw-letters,True
jw-letter-1789a-18-to-joseph-taylor,jw/letters/1789a/18-to-joseph-taylor,A 18 To Joseph Taylor,jw-letters,True
jw-letter-1789a-19-to-walter-churchey,jw/letters/1789a/19-to-walter-churchey,A 19 To Walter Churchey,jw-letters,True
jw-letter-1789a-20-to-ann-bolton,jw/letters/1789a/20-to-ann-bolton,A 20 To Ann Bolton,jw-letters,True
jw-letter-1789a-21-to-sarah-mallet,jw/letters/1789a/21-to-sarah-mallet,A 21 To Sarah Mallet,jw-letters,True
jw-letter-1789a-22-to-john-stretton,jw/letters/1789a/22-to-john-stretton,A 22 To John Stretton,jw-letters,True
jw-letter-1789a-23-to-george-holder,jw/letters/1789a/23-to-george-holder,A 23 To George Holder,jw-letters,True
jw-letter-1789a-24-to-mr-tegart,jw/letters/1789a/24-to-mr-tegart,A 24 To Mr Tegart,jw-letters,True
jw-letter-1789a-25-to-james-creighton,jw/letters/1789a/25-to-james-creighton,A 25 To James Creighton,jw-letters,True
jw-letter-1789a-26-to-walter-churchey,jw/letters/1789a/26-to-walter-churchey,A 26 To Walter Churchey,jw-letters,True
jw-letter-1789a-27-to-susanna-knapp,jw/letters/1789a/27-to-susanna-knapp,A 27 To Susanna Knapp,jw-letters,True
jw-letter-1789a-28-to-john-taylor,jw/letters/1789a/28-to-john-taylor,A 28 To John Taylor,jw-letters,True
jw-letter-1789a-29-to-mr-john-taylor,jw/letters/1789a/29-to-mr-john-taylor,A 29 To Mr John Taylor,jw-letters,True
jw-letter-1789a-30-to-rachel-jones,jw/letters/1789a/30-to-rachel-jones,A 30 To Rachel Jones,jw-letters,True
jw-letter-1789a-31-to-adam-clarke,jw/letters/1789a/31-to-adam-clarke,A 31 To Adam Clarke,jw-letters,True
jw-letter-1789a-32-to-richard-rodda,jw/letters/1789a/32-to-richard-rodda,A 32 To Richard Rodda,jw-letters,True
jw-letter-1789a-33-to-mrs-bowman,jw/letters/1789a/33-to-mrs-bowman,A 33 To Mrs Bowman,jw-letters,True
jw-letter-1789a-34-to-certain-persons-in-dublin,jw/letters/1789a/34-to-certain-persons-in-dublin,A 34 To Certain Persons In Dublin,jw-letters,True
jw-letter-1789a-35-to-harriet-lewis,jw/letters/1789a/35-to-harriet-lewis,A 35 To Harriet Lewis,jw-letters,True
jw-letter-1789a-36-to-thomas-wride,jw/letters/1789a/36-to-thomas-wride,A 36 To Thomas Wride,jw-letters,True
jw-letter-1789a-37-to-mrs-cock,jw/letters/1789a/37-to-mrs-cock,A 37 To Mrs Cock,jw-letters,True
jw-letter-1789a-38-to-peard-dickinson,jw/letters/1789a/38-to-peard-dickinson,A 38 To Peard Dickinson,jw-letters,True
jw-letter-1789a-39-to-lancelot-harrison,jw/letters/1789a/39-to-lancelot-harrison,A 39 To Lancelot Harrison,jw-letters,True
jw-letter-1789a-40-to-alexander-knox,jw/letters/1789a/40-to-alexander-knox,A 40 To Alexander Knox,jw-letters,True
jw-letter-1789a-41-to-peter-mill-joseph-thompson-and-john-stamp,jw/letters/1789a/41-to-peter-mill-joseph-thompson-and-john-stamp,A 41 To Peter Mill Joseph Thompson And John Stamp,jw-letters,True
jw-letter-1789a-42-to-henry-moore,jw/letters/1789a/42-to-henry-moore,A 42 To Henry Moore,jw-letters,True
jw-letter-1789a-43-to-zachariah-yewdall,jw/letters/1789a/43-to-zachariah-yewdall,A 43 To Zachariah Yewdall,jw-letters,True
jw-letter-1789a-44-to-mrs-armstrong,jw/letters/1789a/44-to-mrs-armstrong,A 44 To Mrs Armstrong,jw-letters,True
jw-letter-1789a-45-to-arthur-keene,jw/letters/1789a/45-to-arthur-keene,A 45 To Arthur Keene,jw-letters,True
jw-letter-1789a-46-to-samuel-bardsley,jw/letters/1789a/46-to-samuel-bardsley,A 46 To Samuel Bardsley,jw-letters,True
jw-letter-1789a-47-to-edward-coates,jw/letters/1789a/47-to-edward-coates,A 47 To Edward Coates,jw-letters,True
jw-letter-1789a-48-to-rebecca-ingram,jw/letters/1789a/48-to-rebecca-ingram,A 48 To Rebecca Ingram,jw-letters,True
jw-letter-1789a-49-to-walter-churchey,jw/letters/1789a/49-to-walter-churchey,A 49 To Walter Churchey,jw-letters,True
jw-letter-1789a-50-to-samual-bradburn,jw/letters/1789a/50-to-samual-bradburn,A 50 To Samual Bradburn,jw-letters,True
jw-letter-1789a-51-to-jonathan-crowther,jw/letters/1789a/51-to-jonathan-crowther,A 51 To Jonathan Crowther,jw-letters,True
jw-letter-1789a-52-to-mrs-armstrong,jw/letters/1789a/52-to-mrs-armstrong,A 52 To Mrs Armstrong,jw-letters,True
jw-letter-1789a-53-to-mrs-freeman,jw/letters/1789a/53-to-mrs-freeman,A 53 To Mrs Freeman,jw-letters,True
jw-letter-1789a-54-to-mrs-jane-freeman-at,jw/letters/1789a/54-to-mrs-jane-freeman-at,A 54 To Mrs Jane Freeman At,jw-letters,True
jw-letter-1789a-55-to-alexander-surer,jw/letters/1789a/55-to-alexander-surer,A 55 To Alexander Surer,jw-letters,True
jw-letter-1789a-56-to-walter-churchey,jw/letters/1789a/56-to-walter-churchey,A 56 To Walter Churchey,jw-letters,True
jw-letter-1789a-57-to-thomas-wride,jw/letters/1789a/57-to-thomas-wride,A 57 To Thomas Wride,jw-letters,True
jw-letter-1789a-58-to-mrs-mullis,jw/letters/1789a/58-to-mrs-mullis,A 58 To Mrs Mullis,jw-letters,True
jw-letter-1789a-59-to-john-bredin-londonderry-june-1-1789,jw/letters/1789a/59-to-john-bredin-londonderry-june-1-1789,A 59 To John Bredin Londonderry June 1 1789,jw-letters,True
jw-letter-1789a-60-to-the-printer-of-the-dublin-chronicle,jw/letters/1789a/60-to-the-printer-of-the-dublin-chronicle,A 60 To The Printer Of The Dublin Chronicle,jw-letters,True
jw-letter-1789a-61-to-mrs-crosby,jw/letters/1789a/61-to-mrs-crosby,A 61 To Mrs Crosby,jw-letters,True
jw-letter-1789a-62-to-george-flamank,jw/letters/1789a/62-to-george-flamank,A 62 To George Flamank,jw-letters,True
jw-letter-1789a-63-to-anne-moore,jw/letters/1789a/63-to-anne-moore,A 63 To Anne Moore,jw-letters,True
jw-letter-1789a-64-to-walter-churchey,jw/letters/1789a/64-to-walter-churchey,A 64 To Walter Churchey,jw-letters,True
jw-letter-1789a-65-to-the-publisher-of-the-dublin-chronicle,jw/letters/1789a/65-to-the-publisher-of-the-dublin-chronicle,A 65 To The Publisher Of The Dublin Chronicle,jw-letters,True
jw-letter-1789a-66-to-zachariah-yewdull,jw/letters/1789a/66-to-zachariah-yewdull,A 66 To Zachariah Yewdull,jw-letters,True
jw-letter-1789a-67-to-mr-yewdall-in-south-wynd,jw/letters/1789a/67-to-mr-yewdall-in-south-wynd,A 67 To Mr Yewdall In South Wynd,jw-letters,True
jw-letter-1789a-68-to-george-holder,jw/letters/1789a/68-to-george-holder,A 68 To George Holder,jw-letters,True
jw-letter-1789a-69-to-adam-clarke,jw/letters/1789a/69-to-adam-clarke,A 69 To Adam Clarke,jw-letters,True
jw-letter-1789a-70-to-arthur-keene,jw/letters/1789a/70-to-arthur-keene,A 70 To Arthur Keene,jw-letters,True
jw-letter-1789a-71-to-president-heath,jw/letters/1789a/71-to-president-heath,A 71 To President Heath,jw-letters,True
jw-letter-1789a-72-to-anna-and-maria-heath,jw/letters/1789a/72-to-anna-and-maria-heath,A 72 To Anna And Maria Heath,jw-letters,True
jw-letter-1789a-73-to-mrs-ingram,jw/letters/1789a/73-to-mrs-ingram,A 73 To Mrs Ingram,jw-letters,True
jw-letter-1789a-74-to-rebecca-ingram,jw/letters/1789a/74-to-rebecca-ingram,A 74 To Rebecca Ingram,jw-letters,True
jw-letter-1789a-75-to-robert-dall,jw/letters/1789a/75-to-robert-dall,A 75 To Robert Dall,jw-letters,True
jw-letter-1789a-76-to-arthur-keene,jw/letters/1789a/76-to-arthur-keene,A 76 To Arthur Keene,jw-letters,True
jw-letter-1789a-77-to-henry-moore,jw/letters/1789a/77-to-henry-moore,A 77 To Henry Moore,jw-letters,True
jw-letter-1789a-78-to-mrs-ingram,jw/letters/1789a/78-to-mrs-ingram,A 78 To Mrs Ingram,jw-letters,True
jw-letter-1789a-79-to-rebecca-ingram,jw/letters/1789a/79-to-rebecca-ingram,A 79 To Rebecca Ingram,jw-letters,True
jw-letter-1789a-80-to-arthur-keene,jw/letters/1789a/80-to-arthur-keene,A 80 To Arthur Keene,jw-letters,True
jw-letter-1789a-81-to-henry-moore,jw/letters/1789a/81-to-henry-moore,A 81 To Henry Moore,jw-letters,True
jw-letter-1789a-82-to-john-dickins,jw/letters/1789a/82-to-john-dickins,A 82 To John Dickins,jw-letters,True
jw-letter-1789a-83-to-henry-eames,jw/letters/1789a/83-to-henry-eames,A 83 To Henry Eames,jw-letters,True
jw-letter-1789a-84-to-freeborn-garrettson,jw/letters/1789a/84-to-freeborn-garrettson,A 84 To Freeborn Garrettson,jw-letters,True
jw-letter-1789a-85-to-henry-moore,jw/letters/1789a/85-to-henry-moore,A 85 To Henry Moore,jw-letters,True
jw-letter-1789a-86-to-samuel-bardsley,jw/letters/1789a/86-to-samuel-bardsley,A 86 To Samuel Bardsley,jw-letters,True
jw-letter-1789a-87-to-richard-bunt,jw/letters/1789a/87-to-richard-bunt,A 87 To Richard Bunt,jw-letters,True
jw-letter-1789b-01-to-ann-bolton,jw/letters/1789b/01-to-ann-bolton,B 01 To Ann Bolton,jw-letters,True
jw-letter-1789b-02-to-mrs-rose,jw/letters/1789b/02-to-mrs-rose,B 02 To Mrs Rose,jw-letters,True
jw-letter-1789b-03-to-sarah-rutter,jw/letters/1789b/03-to-sarah-rutter,B 03 To Sarah Rutter,jw-letters,True
jw-letter-1789b-04-to-mr------,jw/letters/1789b/04-to-mr------,B 04 To Mr      ,jw-letters,True
jw-letter-1789b-05-to-james-bogie,jw/letters/1789b/05-to-james-bogie,B 05 To James Bogie,jw-letters,True
jw-letter-1789b-06-to-mr-james-bogie-at-the,jw/letters/1789b/06-to-mr-james-bogie-at-the,B 06 To Mr James Bogie At The,jw-letters,True
jw-letter-1789b-07-to-ann-bolton,jw/letters/1789b/07-to-ann-bolton,B 07 To Ann Bolton,jw-letters,True
jw-letter-1789b-08-to-frances-godfrey,jw/letters/1789b/08-to-frances-godfrey,B 08 To Frances Godfrey,jw-letters,True
jw-letter-1789b-09-to-mrs-cock,jw/letters/1789b/09-to-mrs-cock,B 09 To Mrs Cock,jw-letters,True
jw-letter-1789b-10-to-dr-ford,jw/letters/1789b/10-to-dr-ford,B 10 To Dr Ford,jw-letters,True
jw-letter-1789b-11-to-harriet-lewis,jw/letters/1789b/11-to-harriet-lewis,B 11 To Harriet Lewis,jw-letters,True
jw-letter-1789b-12-to-sarah-mallet,jw/letters/1789b/12-to-sarah-mallet,B 12 To Sarah Mallet,jw-letters,True
jw-letter-1789b-13-to-dr-bradshaw,jw/letters/1789b/13-to-dr-bradshaw,B 13 To Dr Bradshaw,jw-letters,True
jw-letter-1789b-14-to-the-rev-dr-bradshaw,jw/letters/1789b/14-to-the-rev-dr-bradshaw,B 14 To The Rev Dr Bradshaw,jw-letters,True
jw-letter-1789b-15-to-the-methodist-preachers,jw/letters/1789b/15-to-the-methodist-preachers,B 15 To The Methodist Preachers,jw-letters,True
jw-letter-1789b-16-to-walter-churchey,jw/letters/1789b/16-to-walter-churchey,B 16 To Walter Churchey,jw-letters,True
jw-letter-1789b-17-to-edward-thomas,jw/letters/1789b/17-to-edward-thomas,B 17 To Edward Thomas,jw-letters,True
jw-letter-1789b-18-to-william-thom,jw/letters/1789b/18-to-william-thom,B 18 To William Thom,jw-letters,True
jw-letter-1789b-19-to-dr-coke,jw/letters/1789b/19-to-dr-coke,B 19 To Dr Coke,jw-letters,True
jw-letter-1789b-20-to-the-printer-of-the-bristol-gazette,jw/letters/1789b/20-to-the-printer-of-the-bristol-gazette,B 20 To The Printer Of The Bristol Gazette,jw-letters,True
jw-letter-1789b-21-to-mrs-warwick,jw/letters/1789b/21-to-mrs-warwick,B 21 To Mrs Warwick,jw-letters,True
jw-letter-1789b-22-to-the-methodist-people,jw/letters/1789b/22-to-the-methodist-people,B 22 To The Methodist People,jw-letters,True
jw-letter-1789b-23-to-mrs-armstrong,jw/letters/1789b/23-to-mrs-armstrong,B 23 To Mrs Armstrong,jw-letters,True
jw-letter-1789b-24-to-henry-moore,jw/letters/1789b/24-to-henry-moore,B 24 To Henry Moore,jw-letters,True
jw-letter-1789b-25-to-his-nephew-samuel-wesley,jw/letters/1789b/25-to-his-nephew-samuel-wesley,B 25 To His Nephew Samuel Wesley,jw-letters,True
jw-letter-1789b-26-to-henry-moore,jw/letters/1789b/26-to-henry-moore,B 26 To Henry Moore,jw-letters,True
jw-letter-1789b-27-to-henry-moore,jw/letters/1789b/27-to-henry-moore,B 27 To Henry Moore,jw-letters,True
jw-letter-1789b-28-to-the-printer-of-the-bristol-gazette,jw/letters/1789b/28-to-the-printer-of-the-bristol-gazette,B 28 To The Printer Of The Bristol Gazette,jw-letters,True
jw-letter-1789b-29-to-jonathan-brown-isle-of-man,jw/letters/1789b/29-to-jonathan-brown-isle-of-man,B 29 To Jonathan Brown Isle Of Man,jw-letters,True
jw-letter-1789b-30-to-john-mason,jw/letters/1789b/30-to-john-mason,B 30 To John Mason,jw-letters,True
jw-letter-1789b-31-to-the-printer-of-the-bristol-gazette-see-letters-,jw/letters/1789b/31-to-the-printer-of-the-bristol-gazette-see-letters-,B 31 To The Printer Of The Bristol Gazette See Letters ,jw-letters,True
jw-letter-1789b-32-to-elizabeth-baker,jw/letters/1789b/32-to-elizabeth-baker,B 32 To Elizabeth Baker,jw-letters,True
jw-letter-1789b-33-to-charles-atmore,jw/letters/1789b/33-to-charles-atmore,B 33 To Charles Atmore,jw-letters,True
jw-letter-1789b-34-to-adam-clarke,jw/letters/1789b/34-to-adam-clarke,B 34 To Adam Clarke,jw-letters,True
jw-letter-1789b-35-to-mrs-planche,jw/letters/1789b/35-to-mrs-planche,B 35 To Mrs Planche,jw-letters,True
jw-letter-1789b-36-to-laurence-frost,jw/letters/1789b/36-to-laurence-frost,B 36 To Laurence Frost,jw-letters,True
jw-letter-1789b-37-to-john-grace,jw/letters/1789b/37-to-john-grace,B 37 To John Grace,jw-letters,True
jw-letter-1789b-38-to-william-green,jw/letters/1789b/38-to-william-green,B 38 To William Green,jw-letters,True
jw-letter-1789b-39-to-richard-rodda,jw/letters/1789b/39-to-richard-rodda,B 39 To Richard Rodda,jw-letters,True
jw-letter-1789b-40-to-john-mason,jw/letters/1789b/40-to-john-mason,B 40 To John Mason,jw-letters,True
jw-letter-1789b-41-to-thomas-taylor,jw/letters/1789b/41-to-thomas-taylor,B 41 To Thomas Taylor,jw-letters,True
jw-letter-1789b-42-to-elizabeth-baker,jw/letters/1789b/42-to-elizabeth-baker,B 42 To Elizabeth Baker,jw-letters,True
jw-letter-1789b-43-to-adam-clarke,jw/letters/1789b/43-to-adam-clarke,B 43 To Adam Clarke,jw-letters,True
jw-letter-1789b-44-to-mr-----,jw/letters/1789b/44-to-mr-----,B 44 To Mr     ,jw-letters,True
jw-letter-1789b-45-to-mrs-cock,jw/letters/1789b/45-to-mrs-cock,B 45 To Mrs Cock,jw-letters,True
jw-letter-1789b-46-to-george-baldwin,jw/letters/1789b/46-to-george-baldwin,B 46 To George Baldwin,jw-letters,True
jw-letter-1789b-47-to-mrs-pawson,jw/letters/1789b/47-to-mrs-pawson,B 47 To Mrs Pawson,jw-letters,True
jw-letter-1789b-48-to-richard-rodda,jw/letters/1789b/48-to-richard-rodda,B 48 To Richard Rodda,jw-letters,True
jw-letter-1789b-49-to-mary-smith,jw/letters/1789b/49-to-mary-smith,B 49 To Mary Smith,jw-letters,True
jw-letter-1789b-50-to-his-tender-care-i-commend-you-with-all-the-fami,jw/letters/1789b/50-to-his-tender-care-i-commend-you-with-all-the-fami,B 50 To His Tender Care I Commend You With All The Fami,jw-letters,True
jw-letter-1789b-51-to-william-black,jw/letters/1789b/51-to-william-black,B 51 To William Black,jw-letters,True
jw-letter-1789b-52-to-samuel-bardsley,jw/letters/1789b/52-to-samuel-bardsley,B 52 To Samuel Bardsley,jw-letters,True
jw-letter-1789b-53-to-hannah-ball,jw/letters/1789b/53-to-hannah-ball,B 53 To Hannah Ball,jw-letters,True
jw-letter-1789b-54-to-adam-clarke,jw/letters/1789b/54-to-adam-clarke,B 54 To Adam Clarke,jw-letters,True
jw-letter-1789b-55-to-jeremiah-brettell,jw/letters/1789b/55-to-jeremiah-brettell,B 55 To Jeremiah Brettell,jw-letters,True
jw-letter-1789b-56-to-george-holder,jw/letters/1789b/56-to-george-holder,B 56 To George Holder,jw-letters,True
jw-letter-1789b-57-to-thomas-stedman,jw/letters/1789b/57-to-thomas-stedman,B 57 To Thomas Stedman,jw-letters,True
jw-letter-1789b-58-to-sarah-rutter,jw/letters/1789b/58-to-sarah-rutter,B 58 To Sarah Rutter,jw-letters,True
jw-letter-1789b-59-to-sarah-mallet,jw/letters/1789b/59-to-sarah-mallet,B 59 To Sarah Mallet,jw-letters,True
jw-letter-1789b-60-to-ann-bolton,jw/letters/1789b/60-to-ann-bolton,B 60 To Ann Bolton,jw-letters,True
jw-letter-1789b-61-to-thomas-rutherford,jw/letters/1789b/61-to-thomas-rutherford,B 61 To Thomas Rutherford,jw-letters,True
jw-letter-1789b-62-to-john-dickins,jw/letters/1789b/62-to-john-dickins,B 62 To John Dickins,jw-letters,True
jw-letter-1790a-01-to-edward-jackson,jw/letters/1790a/01-to-edward-jackson,A 01 To Edward Jackson,jw-letters,True
jw-letter-1790a-02-to-thomas-tattershall,jw/letters/1790a/02-to-thomas-tattershall,A 02 To Thomas Tattershall,jw-letters,True
jw-letter-1790a-03-to-thomas-mcgeary,jw/letters/1790a/03-to-thomas-mcgeary,A 03 To Thomas Mcgeary,jw-letters,True
jw-letter-1790a-04-to-john-mason,jw/letters/1790a/04-to-john-mason,A 04 To John Mason,jw-letters,True
jw-letter-1790a-05-to-daniel-jackson,jw/letters/1790a/05-to-daniel-jackson,A 05 To Daniel Jackson,jw-letters,True
jw-letter-1790a-06-to-thomas-rutherford,jw/letters/1790a/06-to-thomas-rutherford,A 06 To Thomas Rutherford,jw-letters,True
jw-letter-1790a-07-to-adam-clarke,jw/letters/1790a/07-to-adam-clarke,A 07 To Adam Clarke,jw-letters,True
jw-letter-1790a-08-to-john-valton,jw/letters/1790a/08-to-john-valton,A 08 To John Valton,jw-letters,True
jw-letter-1790a-09-to-freeborn-garrettson,jw/letters/1790a/09-to-freeborn-garrettson,A 09 To Freeborn Garrettson,jw-letters,True
jw-letter-1790a-10-to-thomas-morrell,jw/letters/1790a/10-to-thomas-morrell,A 10 To Thomas Morrell,jw-letters,True
jw-letter-1790a-11-to-william-horner,jw/letters/1790a/11-to-william-horner,A 11 To William Horner,jw-letters,True
jw-letter-1790a-12-to-mr-william-horner-preaching-house,jw/letters/1790a/12-to-mr-william-horner-preaching-house,A 12 To Mr William Horner Preaching House,jw-letters,True
jw-letter-1790a-13-to-adam-clarke,jw/letters/1790a/13-to-adam-clarke,A 13 To Adam Clarke,jw-letters,True
jw-letter-1790a-14-to-mrs-cock,jw/letters/1790a/14-to-mrs-cock,A 14 To Mrs Cock,jw-letters,True
jw-letter-1790a-15-to-joseph-benson,jw/letters/1790a/15-to-joseph-benson,A 15 To Joseph Benson,jw-letters,True
jw-letter-1790a-16-to-robert-carr-brackenbury,jw/letters/1790a/16-to-robert-carr-brackenbury,A 16 To Robert Carr Brackenbury,jw-letters,True
jw-letter-1790a-17-to-whom-it-may-concern,jw/letters/1790a/17-to-whom-it-may-concern,A 17 To Whom It May Concern,jw-letters,True
jw-letter-1790a-18-to-thomas-tattershall,jw/letters/1790a/18-to-thomas-tattershall,A 18 To Thomas Tattershall,jw-letters,True
jw-letter-1790a-19-to-william-black,jw/letters/1790a/19-to-william-black,A 19 To William Black,jw-letters,True
jw-letter-1790a-20-to-preachers-and-friends,jw/letters/1790a/20-to-preachers-and-friends,A 20 To Preachers And Friends,jw-letters,True
jw-letter-1790a-21-to-friends-in-trowbridge,jw/letters/1790a/21-to-friends-in-trowbridge,A 21 To Friends In Trowbridge,jw-letters,True
jw-letter-1790a-22-to-george-sykes,jw/letters/1790a/22-to-george-sykes,A 22 To George Sykes,jw-letters,True
jw-letter-1790a-23-to-jasper-winscom,jw/letters/1790a/23-to-jasper-winscom,A 23 To Jasper Winscom,jw-letters,True
jw-letter-1790a-24-to-henry-moore,jw/letters/1790a/24-to-henry-moore,A 24 To Henry Moore,jw-letters,True
jw-letter-1790a-25-to-william-smith,jw/letters/1790a/25-to-william-smith,A 25 To William Smith,jw-letters,True
jw-letter-1790a-26-to-charles-atmore,jw/letters/1790a/26-to-charles-atmore,A 26 To Charles Atmore,jw-letters,True
jw-letter-1790a-27-to-adam-clarke,jw/letters/1790a/27-to-adam-clarke,A 27 To Adam Clarke,jw-letters,True
jw-letter-1790a-28-to-samuel-bardsley,jw/letters/1790a/28-to-samuel-bardsley,A 28 To Samuel Bardsley,jw-letters,True
jw-letter-1790a-29-to-dr-pretyman-tomline-bishop-of-lincoln,jw/letters/1790a/29-to-dr-pretyman-tomline-bishop-of-lincoln,A 29 To Dr Pretyman Tomline Bishop Of Lincoln,jw-letters,True
jw-letter-1790a-30-to-peter-garforth,jw/letters/1790a/30-to-peter-garforth,A 30 To Peter Garforth,jw-letters,True
jw-letter-1790a-31-to-peard-dickinson,jw/letters/1790a/31-to-peard-dickinson,A 31 To Peard Dickinson,jw-letters,True
jw-letter-1790a-32-to-thomas-tattershall,jw/letters/1790a/32-to-thomas-tattershall,A 32 To Thomas Tattershall,jw-letters,True
jw-letter-1790a-33-to-mr-tattershall-at-the,jw/letters/1790a/33-to-mr-tattershall-at-the,A 33 To Mr Tattershall At The,jw-letters,True
jw-letter-1790a-34-to-thomas-taylor,jw/letters/1790a/34-to-thomas-taylor,A 34 To Thomas Taylor,jw-letters,True
jw-letter-1790a-35-to-the-printer,jw/letters/1790a/35-to-the-printer,A 35 To The Printer,jw-letters,True
jw-letter-1790a-36-to-george-sykes,jw/letters/1790a/36-to-george-sykes,A 36 To George Sykes,jw-letters,True
jw-letter-1790a-37-to-his-niece-sarah-wesley,jw/letters/1790a/37-to-his-niece-sarah-wesley,A 37 To His Niece Sarah Wesley,jw-letters,True
jw-letter-1790a-38-to-adam-clarke,jw/letters/1790a/38-to-adam-clarke,A 38 To Adam Clarke,jw-letters,True
jw-letter-1790a-39-to-anne-cutler,jw/letters/1790a/39-to-anne-cutler,A 39 To Anne Cutler,jw-letters,True
jw-letter-1790a-40-to-mr-andrews,jw/letters/1790a/40-to-mr-andrews,A 40 To Mr Andrews,jw-letters,True
jw-letter-1790a-41-to-mr-andrews-near-hertford,jw/letters/1790a/41-to-mr-andrews-near-hertford,A 41 To Mr Andrews Near Hertford,jw-letters,True
jw-letter-1790a-42-to-william-smith,jw/letters/1790a/42-to-william-smith,A 42 To William Smith,jw-letters,True
jw-letter-1790a-43-to-henry-moore,jw/letters/1790a/43-to-henry-moore,A 43 To Henry Moore,jw-letters,True
jw-letter-1790a-44-to-arthur-keene,jw/letters/1790a/44-to-arthur-keene,A 44 To Arthur Keene,jw-letters,True
jw-letter-1790a-45-to-his-niece-sarah-wesley,jw/letters/1790a/45-to-his-niece-sarah-wesley,A 45 To His Niece Sarah Wesley,jw-letters,True
jw-letter-1790a-46-to-his-nephew-samuel-wesley,jw/letters/1790a/46-to-his-nephew-samuel-wesley,A 46 To His Nephew Samuel Wesley,jw-letters,True
jw-letter-1790a-47-to-thomas-wride,jw/letters/1790a/47-to-thomas-wride,A 47 To Thomas Wride,jw-letters,True
jw-letter-1790a-48-to-henry-moore,jw/letters/1790a/48-to-henry-moore,A 48 To Henry Moore,jw-letters,True
jw-letter-1790a-49-to-george-holder,jw/letters/1790a/49-to-george-holder,A 49 To George Holder,jw-letters,True
jw-letter-1790a-50-to-mrs-adam-clarke,jw/letters/1790a/50-to-mrs-adam-clarke,A 50 To Mrs Adam Clarke,jw-letters,True
jw-letter-1790a-51-to-henry-moore,jw/letters/1790a/51-to-henry-moore,A 51 To Henry Moore,jw-letters,True
jw-letter-1790a-52-to-mrs-cock,jw/letters/1790a/52-to-mrs-cock,A 52 To Mrs Cock,jw-letters,True
jw-letter-1790a-53-to-peard-dickinson,jw/letters/1790a/53-to-peard-dickinson,A 53 To Peard Dickinson,jw-letters,True
jw-letter-1790a-54-to-william-black,jw/letters/1790a/54-to-william-black,A 54 To William Black,jw-letters,True
jw-letter-1790a-55-to-john-dickins,jw/letters/1790a/55-to-john-dickins,A 55 To John Dickins,jw-letters,True
jw-letter-1790a-56-to-william-thom,jw/letters/1790a/56-to-william-thom,A 56 To William Thom,jw-letters,True
jw-letter-1790a-57-to-dr-pretyman-tomline-bishop-of-lincoln,jw/letters/1790a/57-to-dr-pretyman-tomline-bishop-of-lincoln,A 57 To Dr Pretyman Tomline Bishop Of Lincoln,jw-letters,True
jw-letter-1790b-01-to-the-rev-mr-heath,jw/letters/1790b/01-to-the-rev-mr-heath,B 01 To The Rev Mr Heath,jw-letters,True
jw-letter-1790b-02-to-john-king,jw/letters/1790b/02-to-john-king,B 02 To John King,jw-letters,True
jw-letter-1790b-03-to-mr-king-at-the-preaching-house,jw/letters/1790b/03-to-mr-king-at-the-preaching-house,B 03 To Mr King At The Preaching House,jw-letters,True
jw-letter-1790b-04-to-his-niece-sarah-wesley,jw/letters/1790b/04-to-his-niece-sarah-wesley,B 04 To His Niece Sarah Wesley,jw-letters,True
jw-letter-1790b-05-to-mrs-cock,jw/letters/1790b/05-to-mrs-cock,B 05 To Mrs Cock,jw-letters,True
jw-letter-1790b-06-to-sarah-rutter,jw/letters/1790b/06-to-sarah-rutter,B 06 To Sarah Rutter,jw-letters,True
jw-letter-1790b-07-to-william-robarts,jw/letters/1790b/07-to-william-robarts,B 07 To William Robarts,jw-letters,True
jw-letter-1790b-08-to-john-king,jw/letters/1790b/08-to-john-king,B 08 To John King,jw-letters,True
jw-letter-1790b-09-to-sarah-mallet,jw/letters/1790b/09-to-sarah-mallet,B 09 To Sarah Mallet,jw-letters,True
jw-letter-1790b-10-to-his-niece-sarah-wesley,jw/letters/1790b/10-to-his-niece-sarah-wesley,B 10 To His Niece Sarah Wesley,jw-letters,True
jw-letter-1790b-11-to-william-wilberforce,jw/letters/1790b/11-to-william-wilberforce,B 11 To William Wilberforce,jw-letters,True
jw-letter-1790b-12-to-mrs-armstrong,jw/letters/1790b/12-to-mrs-armstrong,B 12 To Mrs Armstrong,jw-letters,True
jw-letter-1790b-13-to-thomas-roberts,jw/letters/1790b/13-to-thomas-roberts,B 13 To Thomas Roberts,jw-letters,True
jw-letter-1790b-14-to-sarah-baker,jw/letters/1790b/14-to-sarah-baker,B 14 To Sarah Baker,jw-letters,True
jw-letter-1790b-15-to-william-mears,jw/letters/1790b/15-to-william-mears,B 15 To William Mears,jw-letters,True
jw-letter-1790b-16-to-his-niece-sarah-wesley,jw/letters/1790b/16-to-his-niece-sarah-wesley,B 16 To His Niece Sarah Wesley,jw-letters,True
jw-letter-1790b-17-to-james-creighton,jw/letters/1790b/17-to-james-creighton,B 17 To James Creighton,jw-letters,True
jw-letter-1790b-18-to-joseph-burgess,jw/letters/1790b/18-to-joseph-burgess,B 18 To Joseph Burgess,jw-letters,True
jw-letter-1790b-19-to-jasper-winscom,jw/letters/1790b/19-to-jasper-winscom,B 19 To Jasper Winscom,jw-letters,True
jw-letter-1790b-20-to-mr------,jw/letters/1790b/20-to-mr------,B 20 To Mr      ,jw-letters,True
jw-letter-1790b-21-to-adam-clarke,jw/letters/1790b/21-to-adam-clarke,B 21 To Adam Clarke,jw-letters,True
jw-letter-1790b-22-to-robert-carr-brackenbury,jw/letters/1790b/22-to-robert-carr-brackenbury,B 22 To Robert Carr Brackenbury,jw-letters,True
jw-letter-1790b-23-to-his-niece-sarah-wesley,jw/letters/1790b/23-to-his-niece-sarah-wesley,B 23 To His Niece Sarah Wesley,jw-letters,True
jw-letter-1790b-24-to-his-niece-sarah-wesley,jw/letters/1790b/24-to-his-niece-sarah-wesley,B 24 To His Niece Sarah Wesley,jw-letters,True
jw-letter-1790b-25-to-joseph-sutcliffe,jw/letters/1790b/25-to-joseph-sutcliffe,B 25 To Joseph Sutcliffe,jw-letters,True
jw-letter-1790b-26-to-thomas-taylor,jw/letters/1790b/26-to-thomas-taylor,B 26 To Thomas Taylor,jw-letters,True
jw-letter-1790b-27-to-jasper-robinson,jw/letters/1790b/27-to-jasper-robinson,B 27 To Jasper Robinson,jw-letters,True
jw-letter-1790b-28-to-george-snowden,jw/letters/1790b/28-to-george-snowden,B 28 To George Snowden,jw-letters,True
jw-letter-1790b-29-to-mr-george-snowden-at-the,jw/letters/1790b/29-to-mr-george-snowden-at-the,B 29 To Mr George Snowden At The,jw-letters,True
jw-letter-1790b-30-to-sarah-rutter,jw/letters/1790b/30-to-sarah-rutter,B 30 To Sarah Rutter,jw-letters,True
jw-letter-1790b-31-to-mr-york,jw/letters/1790b/31-to-mr-york,B 31 To Mr York,jw-letters,True
jw-letter-1790b-32-to-james-macdonald,jw/letters/1790b/32-to-james-macdonald,B 32 To James Macdonald,jw-letters,True
jw-letter-1790b-33-to-thomas-roberts,jw/letters/1790b/33-to-thomas-roberts,B 33 To Thomas Roberts,jw-letters,True
jw-letter-1790b-34-to-his-niece-sarah-wesley,jw/letters/1790b/34-to-his-niece-sarah-wesley,B 34 To His Niece Sarah Wesley,jw-letters,True
jw-letter-1790b-35-to-adam-clarke,jw/letters/1790b/35-to-adam-clarke,B 35 To Adam Clarke,jw-letters,True
jw-letter-1790b-36-to-samuel-bardsley,jw/letters/1790b/36-to-samuel-bardsley,B 36 To Samuel Bardsley,jw-letters,True
jw-letter-1790b-37-to-george-holder,jw/letters/1790b/37-to-george-holder,B 37 To George Holder,jw-letters,True
jw-letter-1790b-38-to-samuel-wood,jw/letters/1790b/38-to-samuel-wood,B 38 To Samuel Wood,jw-letters,True
jw-letter-1790b-39-to-ann-bolton,jw/letters/1790b/39-to-ann-bolton,B 39 To Ann Bolton,jw-letters,True
jw-letter-1790b-40-to-john-valton,jw/letters/1790b/40-to-john-valton,B 40 To John Valton,jw-letters,True
jw-letter-1790b-41-to-george-holder,jw/letters/1790b/41-to-george-holder,B 41 To George Holder,jw-letters,True
jw-letter-1790b-42-to-mrs-cock,jw/letters/1790b/42-to-mrs-cock,B 42 To Mrs Cock,jw-letters,True
jw-letter-1790b-43-to-the-custom-house,jw/letters/1790b/43-to-the-custom-house,B 43 To The Custom House,jw-letters,True
jw-letter-1790b-44-to-richard-whatcoat,jw/letters/1790b/44-to-richard-whatcoat,B 44 To Richard Whatcoat,jw-letters,True
jw-letter-1790b-45-to-adam-clarke,jw/letters/1790b/45-to-adam-clarke,B 45 To Adam Clarke,jw-letters,True
jw-letter-1790b-46-to-robert-carr-brackenbury,jw/letters/1790b/46-to-robert-carr-brackenbury,B 46 To Robert Carr Brackenbury,jw-letters,True
jw-letter-1790b-47-to-sarah-mallet,jw/letters/1790b/47-to-sarah-mallet,B 47 To Sarah Mallet,jw-letters,True
jw-letter-1790b-48-to-ann-bolton,jw/letters/1790b/48-to-ann-bolton,B 48 To Ann Bolton,jw-letters,True
jw-letter-1790b-49-to-mrs-charles-wesley,jw/letters/1790b/49-to-mrs-charles-wesley,B 49 To Mrs Charles Wesley,jw-letters,True
jw-letter-1791-01-to-richard-rodda,jw/letters/1791/01-to-richard-rodda,01 To Richard Rodda,jw-letters,True
jw-letter-1791-02-to-john-fry,jw/letters/1791/02-to-john-fry,02 To John Fry,jw-letters,True
jw-letter-1791-03-to-adam-clarke,jw/letters/1791/03-to-adam-clarke,03 To Adam Clarke,jw-letters,True
jw-letter-1791-04-to-mr-clarke-at-the-new-room,jw/letters/1791/04-to-mr-clarke-at-the-new-room,04 To Mr Clarke At The New Room,jw-letters,True
jw-letter-1791-05-to-thomas-taylor,jw/letters/1791/05-to-thomas-taylor,05 To Thomas Taylor,jw-letters,True
jw-letter-1791-06-to-ann-bolton,jw/letters/1791/06-to-ann-bolton,06 To Ann Bolton,jw-letters,True
jw-letter-1791-07-to-edward-lewly,jw/letters/1791/07-to-edward-lewly,07 To Edward Lewly,jw-letters,True
jw-letter-1791-08-to-henry-anderson,jw/letters/1791/08-to-henry-anderson,08 To Henry Anderson,jw-letters,True
jw-letter-1791-09-to-mr-henry-anderson-at-kilham,jw/letters/1791/09-to-mr-henry-anderson-at-kilham,09 To Mr Henry Anderson At Kilham,jw-letters,True
jw-letter-1791-10-to-mrs-adam-clarke,jw/letters/1791/10-to-mrs-adam-clarke,10 To Mrs Adam Clarke,jw-letters,True
jw-letter-1791-11-to-james-macdonald,jw/letters/1791/11-to-james-macdonald,11 To James Macdonald,jw-letters,True
jw-letter-1791-12-to-robert-dull,jw/letters/1791/12-to-robert-dull,12 To Robert Dull,jw-letters,True
jw-letter-1791-13-to-william-torrie,jw/letters/1791/13-to-william-torrie,13 To William Torrie,jw-letters,True
jw-letter-1791-14-to-thomas-greathead,jw/letters/1791/14-to-thomas-greathead,14 To Thomas Greathead,jw-letters,True
jw-letter-1791-15-to-john-booth,jw/letters/1791/15-to-john-booth,15 To John Booth,jw-letters,True
jw-letter-1791-16-to-mr-john-booth-at-the-preaching-house,jw/letters/1791/16-to-mr-john-booth-at-the-preaching-house,16 To Mr John Booth At The Preaching House,jw-letters,False
jw-letter-1791-17-to-thomas-broadbent,jw/letters/1791/17-to-thomas-broadbent,17 To Thomas Broadbent,jw-letters,True
jw-letter-1791-18-to-alice-cambridge,jw/letters/1791/18-to-alice-cambridge,18 To Alice Cambridge,jw-letters,True
jw-letter-1791-19-to-ezekiel-cooper-of-philadelphia,jw/letters/1791/19-to-ezekiel-cooper-of-philadelphia,19 To Ezekiel Cooper Of Philadelphia,jw-letters,True
jw-letter-1791-20-to-henry-moore,jw/letters/1791/20-to-henry-moore,20 To Henry Moore,jw-letters,True
jw-letter-1791-21-to-mr-york,jw/letters/1791/21-to-mr-york,21 To Mr York,jw-letters,True
jw-letter-1791-22-to-thomas-roberts,jw/letters/1791/22-to-thomas-roberts,22 To Thomas Roberts,jw-letters,True
jw-letter-1791-23-to-adam-clarke,jw/letters/1791/23-to-adam-clarke,23 To Adam Clarke,jw-letters,True
jw-letter-1791-24-to-thomas-taylor,jw/letters/1791/24-to-thomas-taylor,24 To Thomas Taylor,jw-letters,True
jw-letter-1791-25-to-sarah-rutter,jw/letters/1791/25-to-sarah-rutter,25 To Sarah Rutter,jw-letters,True
jw-letter-1791-26-to-francis-wrigley,jw/letters/1791/26-to-francis-wrigley,26 To Francis Wrigley,jw-letters,True
jw-letter-1791-27-to-susanna-knapp,jw/letters/1791/27-to-susanna-knapp,27 To Susanna Knapp,jw-letters,True
jw-letter-1791-28-to-john-ogilvie,jw/letters/1791/28-to-john-ogilvie,28 To John Ogilvie,jw-letters,True
jw-letter-1791-29-to-walter-churchey,jw/letters/1791/29-to-walter-churchey,29 To Walter Churchey,jw-letters,True
jw-letter-1791-30-to-william-wilberforce,jw/letters/1791/30-to-william-wilberforce,30 To William Wilberforce,jw-letters,True
jw-notes-on-old-testament,jw/notes-ot,Notes On Old Testament,jw-notes-ot-placeholder,True
jw-treatise-earnest-appeal-to-men-of-reason-and-religion,jw/works/earnest-appeal-to-men-of-reason-and-religion,Treatise Earnest Appeal To Men Of Reason And Religion,jw-works,True
jw-treatise-farther-appeal-part-1,jw/works/farther-appeal-part-1,Treatise Farther Appeal Part 1,jw-works,True
jw-treatise-farther-appeal-part-2,jw/works/farther-appeal-part-2,Treatise Farther Appeal Part 2,jw-works,True
jw-treatise-farther-appeal-part-3,jw/works/farther-appeal-part-3,Treatise Farther Appeal Part 3,jw-works,True
jw-treatise-plain-account-of-the-people-called-methodists,jw/works/plain-account-of-the-people-called-methodists,Treatise Plain Account Of The People Called Methodists,jw-works,True
jw-treatise-rules-of-the-band-societies,jw/works/rules-of-the-band-societies,Treatise Rules Of The Band Societies,jw-works,True
jw-treatise-rules-of-the-united-societies,jw/works/rules-of-the-united-societies,Treatise Rules Of The United Societies,jw-works,True
jw-treatise-minutes-of-several-conversations,jw/works/minutes-of-several-conversations,Treatise Minutes Of Several Conversations,jw-works,True
jw-treatise-character-of-a-methodist,jw/works/character-of-a-methodist,Treatise Character Of A Methodist,jw-works,True
jw-treatise-short-address-to-inhabitants-of-ireland,jw/works/short-address-to-inhabitants-of-ireland,Treatise Short Address To Inhabitants Of Ireland,jw-works,True
jw-treatise-short-history-of-methodism,jw/works/short-history-of-methodism,Treatise Short History Of Methodism,jw-works,True
jw-treatise-advice-to-the-people-called-methodists,jw/works/advice-to-the-people-called-methodists,Treatise Advice To The People Called Methodists,jw-works,True
jw-treatise-principles-of-a-methodist-farther-explained,jw/works/principles-of-a-methodist-farther-explained,Treatise Principles Of A Methodist Farther Explained,jw-works,True
jw-treatise-principles-of-a-methodist,jw/works/principles-of-a-methodist,Treatise Principles Of A Methodist,jw-works,True
jw-treatise-answer-to-bath-journal-letter,jw/works/answer-to-bath-journal-letter,Treatise Answer To Bath Journal Letter,jw-works,True
jw-treatise-answer-to-churchs-remarks,jw/works/answer-to-churchs-remarks,Treatise Answer To Churchs Remarks,jw-works,True
jw-treatise-letter-on-enthusiasm-of-methodists-and-papists,jw/works/letter-on-enthusiasm-of-methodists-and-papists,Treatise Letter On Enthusiasm Of Methodists And Papists,jw-works,True
jw-treatise-letter-to-a-clergyman,jw/works/letter-to-a-clergyman,Treatise Letter To A Clergyman,jw-works,True
jw-treatise-letter-to-bishop-of-gloucester,jw/works/letter-to-bishop-of-gloucester,Treatise Letter To Bishop Of Gloucester,jw-works,True
jw-treatise-letter-to-dr-free,jw/works/letter-to-dr-free,Treatise Letter To Dr Free,jw-works,True
jw-treatise-letter-to-dr-horne,jw/works/letter-to-dr-horne,Treatise Letter To Dr Horne,jw-works,True
jw-treatise-letter-to-john-taylor,jw/works/letter-to-john-taylor,Treatise Letter To John Taylor,jw-works,True
jw-treatise-letter-to-mr-baily,jw/works/letter-to-mr-baily,Treatise Letter To Mr Baily,jw-works,True
jw-treatise-letter-to-mr-downes,jw/works/letter-to-mr-downes,Treatise Letter To Mr Downes,jw-works,True
jw-treatise-letter-to-mr-fleury,jw/works/letter-to-mr-fleury,Treatise Letter To Mr Fleury,jw-works,True
jw-treatise-letter-to-mr-law,jw/works/letter-to-mr-law,Treatise Letter To Mr Law,jw-works,True
jw-treatise-letter-to-mr-potter,jw/works/letter-to-mr-potter,Treatise Letter To Mr Potter,jw-works,True
jw-treatise-letter-to-the-author-of-the-craftsman,jw/works/letter-to-the-author-of-the-craftsman,Treatise Letter To The Author Of The Craftsman,jw-works,True
jw-treatise-letter-to-the-bishop-of-london,jw/works/letter-to-the-bishop-of-london,Treatise Letter To The Bishop Of London,jw-works,True
jw-treatise-second-letter-on-enthusiasm-of-methodists-and-papists,jw/works/second-letter-on-enthusiasm-of-methodists-and-papists,Treatise Second Letter On Enthusiasm Of Methodists And Papists,jw-works,True
jw-treatise-second-letter-to-bishop-of-exeter,jw/works/second-letter-to-bishop-of-exeter,Treatise Second Letter To Bishop Of Exeter,jw-works,True
jw-treatise-second-letter-to-dr-free,jw/works/second-letter-to-dr-free,Treatise Second Letter To Dr Free,jw-works,True
jw-treatise-doctrine-of-original-sin,jw/works/doctrine-of-original-sin,Treatise Doctrine Of Original Sin,jw-works,True
jw-treatise-thoughts-upon-jacob-behmen,jw/works/thoughts-upon-jacob-behmen,Treatise Thoughts Upon Jacob Behmen,jw-works,True
jw-treatise-specimen-of-jacob-behmen,jw/works/specimen-of-jacob-behmen,Treatise Specimen Of Jacob Behmen,jw-works,True
jw-treatise-letter-to-dr-conyers-middleton,jw/works/letter-to-dr-conyers-middleton,Treatise Letter To Dr Conyers Middleton,jw-works,True
jw-treatise-letter-to-a-roman-catholic,jw/works/letter-to-a-roman-catholic,Treatise Letter To A Roman Catholic,jw-works,True
jw-treatise-roman-catechism-with-reply,jw/works/roman-catechism-with-reply,Treatise Roman Catechism With Reply,jw-works,True
jw-treatise-predestination-calmly-considered,jw/works/predestination-calmly-considered,Treatise Predestination Calmly Considered,jw-works,True
jw-treatise-popery-calmly-considered,jw/works/popery-calmly-considered,Treatise Popery Calmly Considered,jw-works,True
jw-treatise-short-method-of-converting-roman-catholics,jw/works/short-method-of-converting-roman-catholics,Treatise Short Method Of Converting Roman Catholics,jw-works,True
jw-treatise-advantage-of-church-of-england,jw/works/advantage-of-church-of-england,Treatise Advantage Of Church Of England,jw-works,True
jw-treatise-letter-to-printer-of-public-advertiser,jw/works/letter-to-printer-of-public-advertiser,Treatise Letter To Printer Of Public Advertiser,jw-works,True
jw-treatise-disavowal-of-persecuting-papists,jw/works/disavowal-of-persecuting-papists,Treatise Disavowal Of Persecuting Papists,jw-works,True
jw-treatise-origin-of-image-worship,jw/works/origin-of-image-worship,Treatise Origin Of Image Worship,jw-works,True
jw-treatise-letter-to-person-joined-with-quakers,jw/works/letter-to-person-joined-with-quakers,Treatise Letter To Person Joined With Quakers,jw-works,True
jw-treatise-treatise-on-baptism,jw/works/treatise-on-baptism,Treatise Treatise On Baptism,jw-works,True
jw-treatise-extract-on-moravian-brethren,jw/works/extract-on-moravian-brethren,Treatise Extract On Moravian Brethren,jw-works,True
jw-treatise-dialogue-antinomian-and-friend,jw/works/dialogue-antinomian-and-friend,Treatise Dialogue Antinomian And Friend,jw-works,True
jw-treatise-dialogue-predestinarian-and-friend,jw/works/dialogue-predestinarian-and-friend,Treatise Dialogue Predestinarian And Friend,jw-works,True
jw-treatise-second-dialogue-antinomian-and-friend,jw/works/second-dialogue-antinomian-and-friend,Treatise Second Dialogue Antinomian And Friend,jw-works,True
jw-treatise-serious-thoughts-perseverance-of-saints,jw/works/serious-thoughts-perseverance-of-saints,Treatise Serious Thoughts Perseverance Of Saints,jw-works,True
jw-treatise-sufficient-answer-to-theron-and-aspasio,jw/works/sufficient-answer-to-theron-and-aspasio,Treatise Sufficient Answer To Theron And Aspasio,jw-works,True
jw-treatise-letter-to-gentleman-at-bristol,jw/works/letter-to-gentleman-at-bristol,Treatise Letter To Gentleman At Bristol,jw-works,True
jw-treatise-thoughts-on-imputed-righteousness,jw/works/thoughts-on-imputed-righteousness,Treatise Thoughts On Imputed Righteousness,jw-works,True
jw-treatise-preface-to-treatise-on-justification,jw/works/preface-to-treatise-on-justification,Treatise Preface To Treatise On Justification,jw-works,True
jw-treatise-remarks-on-aspasio-vindicated,jw/works/remarks-on-aspasio-vindicated,Treatise Remarks On Aspasio Vindicated,jw-works,True
jw-treatise-what-is-an-arminian,jw/works/what-is-an-arminian,Treatise What Is An Arminian,jw-works,True
jw-treatise-thoughts-upon-gods-sovereignty,jw/works/thoughts-upon-gods-sovereignty,Treatise Thoughts Upon Gods Sovereignty,jw-works,True
jw-treatise-blow-at-the-root,jw/works/blow-at-the-root,Treatise Blow At The Root,jw-works,True
jw-treatise-the-consequence-proved,jw/works/the-consequence-proved,Treatise The Consequence Proved,jw-works,True
jw-treatise-remarks-on-hills-farrago,jw/works/remarks-on-hills-farrago,Treatise Remarks On Hills Farrago,jw-works,True
jw-treatise-remarks-on-hills-review,jw/works/remarks-on-hills-review,Treatise Remarks On Hills Review,jw-works,True
jw-treatise-answer-to-hills-imposture-detected,jw/works/answer-to-hills-imposture-detected,Treatise Answer To Hills Imposture Detected,jw-works,True
jw-treatise-thoughts-concerning-gospel-ministers,jw/works/thoughts-concerning-gospel-ministers,Treatise Thoughts Concerning Gospel Ministers,jw-works,True
jw-treatise-thoughts-upon-necessity,jw/works/thoughts-upon-necessity,Treatise Thoughts Upon Necessity,jw-works,True
jw-treatise-a-thought-on-necessity,jw/works/a-thought-on-necessity,Treatise A Thought On Necessity,jw-works,True
jw-treatise-address-to-the-clergy,jw/works/address-to-the-clergy,Treatise Address To The Clergy,jw-works,True
jw-treatise-letter-to-mr-toogood,jw/works/letter-to-mr-toogood,Treatise Letter To Mr Toogood,jw-works,True
jw-treatise-serious-thoughts-godfathers-and-godmothers,jw/works/serious-thoughts-godfathers-and-godmothers,Treatise Serious Thoughts Godfathers And Godmothers,jw-works,True
jw-treatise-thoughts-on-consecration-of-churches,jw/works/thoughts-on-consecration-of-churches,Treatise Thoughts On Consecration Of Churches,jw-works,True
jw-treatise-serious-thoughts-earthquake-at-lisbon,jw/works/serious-thoughts-earthquake-at-lisbon,Treatise Serious Thoughts Earthquake At Lisbon,jw-works,True
jw-treatise-free-thoughts-on-public-affairs,jw/works/free-thoughts-on-public-affairs,Treatise Free Thoughts On Public Affairs,jw-works,True
jw-treatise-thoughts-upon-liberty,jw/works/thoughts-upon-liberty,Treatise Thoughts Upon Liberty,jw-works,True
jw-treatise-thoughts-concerning-origin-of-power,jw/works/thoughts-concerning-origin-of-power,Treatise Thoughts Concerning Origin Of Power,jw-works,True
jw-treatise-thoughts-on-scarcity-of-provisions,jw/works/thoughts-on-scarcity-of-provisions,Treatise Thoughts On Scarcity Of Provisions,jw-works,True
jw-treatise-thoughts-upon-slavery,jw/works/thoughts-upon-slavery,Treatise Thoughts Upon Slavery,jw-works,True
jw-treatise-calm-address-to-american-colonies,jw/works/calm-address-to-american-colonies,Treatise Calm Address To American Colonies,jw-works,True
jw-treatise-calm-address-to-inhabitants-of-england,jw/works/calm-address-to-inhabitants-of-england,Treatise Calm Address To Inhabitants Of England,jw-works,True
jw-treatise-some-observations-on-liberty,jw/works/some-observations-on-liberty,Treatise Some Observations On Liberty,jw-works,True
jw-treatise-seasonable-address-to-great-britain,jw/works/seasonable-address-to-great-britain,Treatise Seasonable Address To Great Britain,jw-works,True
jw-treatise-serious-address-to-people-of-england,jw/works/serious-address-to-people-of-england,Treatise Serious Address To People Of England,jw-works,True
jw-treatise-compassionate-address-to-ireland,jw/works/compassionate-address-to-ireland,Treatise Compassionate Address To Ireland,jw-works,True
jw-treatise-duty-of-minister-to-preach-politics,jw/works/duty-of-minister-to-preach-politics,Treatise Duty Of Minister To Preach Politics,jw-works,True
jw-treatise-estimate-of-manners-of-present-times,jw/works/estimate-of-manners-of-present-times,Treatise Estimate Of Manners Of Present Times,jw-works,True
jw-treatise-word-in-season-advice-to-englishman,jw/works/word-in-season-advice-to-englishman,Treatise Word In Season Advice To Englishman,jw-works,True
jw-treatise-word-to-a-condemned-malefactor,jw/works/word-to-a-condemned-malefactor,Treatise Word To A Condemned Malefactor,jw-works,True
jw-treatise-word-to-a-drunkard,jw/works/word-to-a-drunkard,Treatise Word To A Drunkard,jw-works,True
jw-treatise-word-to-a-freeholder,jw/works/word-to-a-freeholder,Treatise Word To A Freeholder,jw-works,True
jw-treatise-word-to-a-protestant,jw/works/word-to-a-protestant,Treatise Word To A Protestant,jw-works,True
jw-treatise-word-to-a-sabbath-breaker,jw/works/word-to-a-sabbath-breaker,Treatise Word To A Sabbath Breaker,jw-works,True
jw-treatise-word-to-a-smuggler,jw/works/word-to-a-smuggler,Treatise Word To A Smuggler,jw-works,True
jw-treatise-word-to-a-swearer,jw/works/word-to-a-swearer,Treatise Word To A Swearer,jw-works,True
jw-treatise-word-to-an-unhappy-woman,jw/works/word-to-an-unhappy-woman,Treatise Word To An Unhappy Woman,jw-works,True
jw-treatise-advice-to-a-soldier,jw/works/advice-to-a-soldier,Treatise Advice To A Soldier,jw-works,True
jw-treatise-collection-of-forms-of-prayer,jw/works/collection-of-forms-of-prayer,Treatise Collection Of Forms Of Prayer,jw-works,True
jw-treatise-collection-of-prayers-for-families,jw/works/collection-of-prayers-for-families,Treatise Collection Of Prayers For Families,jw-works,True
jw-treatise-prayers-for-children,jw/works/prayers-for-children,Treatise Prayers For Children,jw-works,True
jw-treatise-life-and-death-of-john-fletcher,jw/works/life-and-death-of-john-fletcher,Treatise Life And Death Of John Fletcher,jw-works,True
jw-treatise-plain-account-of-christian-perfection,jw/works/plain-account-of-christian-perfection,Treatise Plain Account Of Christian Perfection,jw-works,True
jw-treatise-brief-thoughts-on-christian-perfection,jw/works/brief-thoughts-on-christian-perfection,Treatise Brief Thoughts On Christian Perfection,jw-works,True
jw-treatise-thoughts-on-1-thessalonians-v-23,jw/works/thoughts-on-1-thessalonians-v-23,Treatise Thoughts On 1 Thessalonians V 23,jw-works,True
jw-treatise-on-christian-perfection-to-mr-dodd,jw/works/on-christian-perfection-to-mr-dodd,Treatise On Christian Perfection To Mr Dodd,jw-works,True
jw-treatise-answer-to-mr-dodd,jw/works/answer-to-mr-dodd,Treatise Answer To Mr Dodd,jw-works,True
jw-treatise-some-account-of-dr-dodd,jw/works/some-account-of-dr-dodd,Treatise Some Account Of Dr Dodd,jw-works,True
jw-treatise-thoughts-on-a-single-life,jw/works/thoughts-on-a-single-life,Treatise Thoughts On A Single Life,jw-works,True
jw-treatise-thought-upon-marriage,jw/works/thought-upon-marriage,Treatise Thought Upon Marriage,jw-works,True
jw-treatise-advice-to-methodists-on-dress,jw/works/advice-to-methodists-on-dress,Treatise Advice To Methodists On Dress,jw-works,True
jw-treatise-thoughts-upon-dress,jw/works/thoughts-upon-dress,Treatise Thoughts Upon Dress,jw-works,True
jw-treatise-letter-to-thomas-maxfield,jw/works/letter-to-thomas-maxfield,Treatise Letter To Thomas Maxfield,jw-works,True
jw-treatise-demonstration-of-divine-inspiration,jw/works/demonstration-of-divine-inspiration,Treatise Demonstration Of Divine Inspiration,jw-works,True
jw-treatise-real-character-of-montanus,jw/works/real-character-of-montanus,Treatise Real Character Of Montanus,jw-works,True
jw-treatise-letter-on-preaching-christ,jw/works/letter-on-preaching-christ,Treatise Letter On Preaching Christ,jw-works,True
jw-treatise-thoughts-on-salvation-by-faith,jw/works/thoughts-on-salvation-by-faith,Treatise Thoughts On Salvation By Faith,jw-works,True
jw-treatise-gods-eyes-are-over-all-the-earth,jw/works/gods-eyes-are-over-all-the-earth,Treatise Gods Eyes Are Over All The Earth,jw-works,True
jw-treatise-a-remarkable-providence,jw/works/a-remarkable-providence,Treatise A Remarkable Providence,jw-works,True
jw-treatise-account-of-brothers-steps,jw/works/account-of-brothers-steps,Treatise Account Of Brothers Steps,jw-works,True
jw-treatise-a-providential-event,jw/works/a-providential-event,Treatise A Providential Event,jw-works,True
jw-treatise-an-extraordinary-cure,jw/works/an-extraordinary-cure,Treatise An Extraordinary Cure,jw-works,True
jw-treatise-murder-prevented-by-threefold-dream,jw/works/murder-prevented-by-threefold-dream,Treatise Murder Prevented By Threefold Dream,jw-works,True
jw-treatise-answer-to-a-report,jw/works/answer-to-a-report,Treatise Answer To A Report,jw-works,True
jw-treatise-letter-to-friend-concerning-tea,jw/works/letter-to-friend-concerning-tea,Treatise Letter To Friend Concerning Tea,jw-works,True
jw-treatise-thoughts-on-nervous-disorders,jw/works/thoughts-on-nervous-disorders,Treatise Thoughts On Nervous Disorders,jw-works,True
jw-treatise-scheme-of-self-examination,jw/works/scheme-of-self-examination,Treatise Scheme Of Self Examination,jw-works,True
jw-treatise-thoughts-upon-dissipation,jw/works/thoughts-upon-dissipation,Treatise Thoughts Upon Dissipation,jw-works,True
jw-treatise-question-concerning-dew-on-coach-glasses,jw/works/question-concerning-dew-on-coach-glasses,Treatise Question Concerning Dew On Coach Glasses,jw-works,True
jw-treatise-some-account-of-an-eminent-man,jw/works/some-account-of-an-eminent-man,Treatise Some Account Of An Eminent Man,jw-works,False
cw-001-the-promise-of-sanctification,cw/hymns/misc/001-the-promise-of-sanctification,001 The Promise Of Sanctification,cw-hymns-misc,True
cw-001-hymn-i,cw/hymns/misc/001-hymn-i,001 Hymn I,cw-hymns-misc,True
cw-002-hymn-ii,cw/hymns/misc/002-hymn-ii,002 Hymn Ii,cw-hymns-misc,True
cw-003-hymn-iii,cw/hymns/misc/003-hymn-iii,003 Hymn Iii,cw-hymns-misc,True
cw-004-hymn-iv,cw/hymns/misc/004-hymn-iv,004 Hymn Iv,cw-hymns-misc,True
cw-005-hymn-v,cw/hymns/misc/005-hymn-v,005 Hymn V,cw-hymns-misc,True
cw-006-hymn-vi,cw/hymns/misc/006-hymn-vi,006 Hymn Vi,cw-hymns-misc,True
cw-007-hymn-vii,cw/hymns/misc/007-hymn-vii,007 Hymn Vii,cw-hymns-misc,True
cw-008-hymn-viii,cw/hymns/misc/008-hymn-viii,008 Hymn Viii,cw-hymns-misc,True
cw-009-hymn-ix,cw/hymns/misc/009-hymn-ix,009 Hymn Ix,cw-hymns-misc,True
cw-010-hymn-x,cw/hymns/misc/010-hymn-x,010 Hymn X,cw-hymns-misc,True
cw-011-hymn-xi,cw/hymns/misc/011-hymn-xi,011 Hymn Xi,cw-hymns-misc,True
cw-012-hymn-xii,cw/hymns/misc/012-hymn-xii,012 Hymn Xii,cw-hymns-misc,True
cw-013-hymn-xiii-the-lord's-controversy,cw/hymns/misc/013-hymn-xiii-the-lord's-controversy,013 Hymn Xiii The Lord'S Controversy,cw-hymns-misc,True
cw-014-hymn-xiv-another,cw/hymns/misc/014-hymn-xiv-another,014 Hymn Xiv Another,cw-hymns-misc,True
cw-015-hymn-xv-why-will-ye-die,cw/hymns/misc/015-hymn-xv-why-will-ye-die,015 Hymn Xv Why Will Ye Die,cw-hymns-misc,True
cw-016-hymn-xvi-god-will-have-all-men-to-be-saved,cw/hymns/misc/016-hymn-xvi-god-will-have-all-men-to-be-saved,016 Hymn Xvi God Will Have All Men To Be Saved,cw-hymns-misc,True
cw-017-hymn-xvii-free-grace,cw/hymns/misc/017-hymn-xvii-free-grace,017 Hymn Xvii Free Grace,cw-hymns-misc,True
cw-gp-01-gloria-patri-i,cw/works/gp-01-gloria-patri-i,Gp 01 Gloria Patri I,cw-works,True
cw-gp-02-gloria-patri-ii,cw/works/gp-02-gloria-patri-ii,Gp 02 Gloria Patri Ii,cw-works,True
cw-gp-03-gloria-patri-iii,cw/works/gp-03-gloria-patri-iii,Gp 03 Gloria Patri Iii,cw-works,True
cw-gp-04-gloria-patri-iv,cw/works/gp-04-gloria-patri-iv,Gp 04 Gloria Patri Iv,cw-works,True
cw-gp-05-gloria-patri-v,cw/works/gp-05-gloria-patri-v,Gp 05 Gloria Patri V,cw-works,True
cw-gp-06-gloria-patri-vi,cw/works/gp-06-gloria-patri-vi,Gp 06 Gloria Patri Vi,cw-works,True
cw-gp-07-gloria-patri-vii,cw/works/gp-07-gloria-patri-vii,Gp 07 Gloria Patri Vii,cw-works,True
cw-gp-08-gloria-patri-viii,cw/works/gp-08-gloria-patri-viii,Gp 08 Gloria Patri Viii,cw-works,True
cw-gp-09-gloria-patri-ix,cw/works/gp-09-gloria-patri-ix,Gp 09 Gloria Patri Ix,cw-works,True
cw-gp-10-gloria-patri-x,cw/works/gp-10-gloria-patri-x,Gp 10 Gloria Patri X,cw-works,True
cw-gp-11-gloria-patri-xi,cw/works/gp-11-gloria-patri-xi,Gp 11 Gloria Patri Xi,cw-works,True
jw-letters-1721,jw/letters-digest/1721,Letters 1721,jw-letters-digest,False
jw-letters-1723,jw/letters-digest/1723,Letters 1723,jw-letters-digest,False
jw-letters-1724,jw/letters-digest/1724,Letters 1724,jw-letters-digest,False
jw-letters-1725,jw/letters-digest/1725,Letters 1725,jw-letters-digest,False
jw-letters-1726,jw/letters-digest/1726,Letters 1726,jw-letters-digest,False
jw-letters-1727,jw/letters-digest/1727,Letters 1727,jw-letters-digest,False
jw-letters-1729,jw/letters-digest/1729,Letters 1729,jw-letters-digest,False
jw-letters-1730,jw/letters-digest/1730,Letters 1730,jw-letters-digest,False
jw-letters-1731,jw/letters-digest/1731,Letters 1731,jw-letters-digest,False
jw-letters-1732,jw/letters-digest/1732,Letters 1732,jw-letters-digest,False
jw-letters-1733,jw/letters-digest/1733,Letters 1733,jw-letters-digest,False
jw-letters-1734,jw/letters-digest/1734,Letters 1734,jw-letters-digest,False
jw-letters-1735,jw/letters-digest/1735,Letters 1735,jw-letters-digest,False
jw-letters-1736,jw/letters-digest/1736,Letters 1736,jw-letters-digest,False
jw-letters-1737,jw/letters-digest/1737,Letters 1737,jw-letters-digest,False
jw-letters-1738,jw/letters-digest/1738,Letters 1738,jw-letters-digest,False
jw-letters-1739,jw/letters-digest/1739,Letters 1739,jw-letters-digest,False
jw-letters-1740,jw/letters-digest/1740,Letters 1740,jw-letters-digest,False
jw-letters-1741,jw/letters-digest/1741,Letters 1741,jw-letters-digest,False
jw-letters-1742,jw/letters-digest/1742,Letters 1742,jw-letters-digest,False
jw-letters-1743,jw/letters-digest/1743,Letters 1743,jw-letters-digest,False
jw-letters-1744,jw/letters-digest/1744,Letters 1744,jw-letters-digest,False
jw-letters-1745,jw/letters-digest/1745,Letters 1745,jw-letters-digest,False
jw-letters-1746,jw/letters-digest/1746,Letters 1746,jw-letters-digest,False
jw-letters-1747,jw/letters-digest/1747,Letters 1747,jw-letters-digest,False
jw-letters-1748,jw/letters-digest/1748,Letters 1748,jw-letters-digest,False
jw-letters-1749,jw/letters-digest/1749,Letters 1749,jw-letters-digest,False
jw-letters-1750,jw/letters-digest/1750,Letters 1750,jw-letters-digest,False
jw-letters-1751,jw/letters-digest/1751,Letters 1751,jw-letters-digest,False
jw-letters-1752,jw/letters-digest/1752,Letters 1752,jw-letters-digest,False
jw-letters-1753,jw/letters-digest/1753,Letters 1753,jw-letters-digest,False
jw-letters-1754,jw/letters-digest/1754,Letters 1754,jw-letters-digest,False
jw-letters-1755,jw/letters-digest/1755,Letters 1755,jw-letters-digest,False
jw-letters-1756a,jw/letters-digest/1756a,Letters 1756A,jw-letters-digest,False
jw-letters-1756b,jw/letters-digest/1756b,Letters 1756B,jw-letters-digest,False
jw-letters-1757,jw/letters-digest/1757,Letters 1757,jw-letters-digest,False
jw-letters-1758,jw/letters-digest/1758,Letters 1758,jw-letters-digest,False
jw-letters-1759,jw/letters-digest/1759,Letters 1759,jw-letters-digest,False
jw-letters-1760,jw/letters-digest/1760,Letters 1760,jw-letters-digest,False
jw-letters-1761,jw/letters-digest/1761,Letters 1761,jw-letters-digest,False
jw-letters-1762,jw/letters-digest/1762,Letters 1762,jw-letters-digest,False
jw-letters-1763,jw/letters-digest/1763,Letters 1763,jw-letters-digest,False
jw-letters-1764,jw/letters-digest/1764,Letters 1764,jw-letters-digest,False
jw-letters-1765,jw/letters-digest/1765,Letters 1765,jw-letters-digest,False
jw-letters-1766,jw/letters-digest/1766,Letters 1766,jw-letters-digest,False
jw-letters-1767,jw/letters-digest/1767,Letters 1767,jw-letters-digest,False
jw-letters-1768,jw/letters-digest/1768,Letters 1768,jw-letters-digest,False
jw-letters-1769,jw/letters-digest/1769,Letters 1769,jw-letters-digest,False
jw-letters-1770,jw/letters-digest/1770,Letters 1770,jw-letters-digest,False
jw-letters-1771,jw/letters-digest/1771,Letters 1771,jw-letters-digest,False
jw-letters-1772,jw/letters-digest/1772,Letters 1772,jw-letters-digest,False
jw-letters-1773,jw/letters-digest/1773,Letters 1773,jw-letters-digest,False
jw-letters-1774,jw/letters-digest/1774,Letters 1774,jw-letters-digest,False
jw-letters-1775,jw/letters-digest/1775,Letters 1775,jw-letters-digest,False
jw-letters-1776,jw/letters-digest/1776,Letters 1776,jw-letters-digest,False
jw-letters-1777,jw/letters-digest/1777,Letters 1777,jw-letters-digest,False
jw-letters-1778,jw/letters-digest/1778,Letters 1778,jw-letters-digest,False
jw-letters-1779,jw/letters-digest/1779,Letters 1779,jw-letters-digest,False
jw-letters-1780a,jw/letters-digest/1780a,Letters 1780A,jw-letters-digest,False
jw-letters-1780b,jw/letters-digest/1780b,Letters 1780B,jw-letters-digest,False
jw-letters-1781a,jw/letters-digest/1781a,Letters 1781A,jw-letters-digest,False
jw-letters-1781b,jw/letters-digest/1781b,Letters 1781B,jw-letters-digest,False
jw-letters-1782a,jw/letters-digest/1782a,Letters 1782A,jw-letters-digest,False
jw-letters-1782b,jw/letters-digest/1782b,Letters 1782B,jw-letters-digest,False
jw-letters-1783a,jw/letters-digest/1783a,Letters 1783A,jw-letters-digest,False
jw-letters-1783b,jw/letters-digest/1783b,Letters 1783B,jw-letters-digest,False
jw-letters-1784a,jw/letters-digest/1784a,Letters 1784A,jw-letters-digest,False
jw-letters-1784b,jw/letters-digest/1784b,Letters 1784B,jw-letters-digest,False
jw-letters-1785a,jw/letters-digest/1785a,Letters 1785A,jw-letters-digest,False
jw-letters-1785b,jw/letters-digest/1785b,Letters 1785B,jw-letters-digest,False
jw-letters-1786a,jw/letters-digest/1786a,Letters 1786A,jw-letters-digest,False
jw-letters-1786b,jw/letters-digest/1786b,Letters 1786B,jw-letters-digest,False
jw-letters-1787,jw/letters-digest/1787,Letters 1787,jw-letters-digest,False
jw-letters-1788a,jw/letters-digest/1788a,Letters 1788A,jw-letters-digest,False
jw-letters-1788b,jw/letters-digest/1788b,Letters 1788B,jw-letters-digest,False
jw-letters-1789a,jw/letters-digest/1789a,Letters 1789A,jw-letters-digest,False
jw-letters-1789b,jw/letters-digest/1789b,Letters 1789B,jw-letters-digest,False
jw-letters-1790a,jw/letters-digest/1790a,Letters 1790A,jw-letters-digest,False
jw-letters-1790b,jw/letters-digest/1790b,Letters 1790B,jw-letters-digest,False
jw-letters-1791,jw/letters-digest/1791,Letters 1791,jw-letters-digest,False
cw-a-hymn-for-christmas-day,cw/works/a-hymn-for-christmas-day,A Hymn For Christmas Day,cw-works,True
cw-and-are-we-yet-alive,cw/works/and-are-we-yet-alive,And Are We Yet Alive,cw-works,True
cw-and-can-it-be,cw/works/and-can-it-be,And Can It Be,cw-works,True
cw-captain-of-israels-host,cw/works/captain-of-israels-host,Captain Of Israels Host,cw-works,True
cw-come-let-us-use-the-grace-divine,cw/works/come-let-us-use-the-grace-divine,Come Let Us Use The Grace Divine,cw-works,True
cw-o-thou-who-camest-from-above,cw/works/o-thou-who-camest-from-above,O Thou Who Camest From Above,cw-works,True
cw-sermon-129,cw/sermons/129,Sermon 129,cw-sermons,True
cw-thou-hidden-source-of-calm-repose,cw/works/thou-hidden-source-of-calm-repose,Thou Hidden Source Of Calm Repose,cw-works,True
cw-where-shall-my-wondering-soul-begin,cw/works/where-shall-my-wondering-soul-begin,Where Shall My Wondering Soul Begin,cw-works,True
cw-sermon-i,cw/sermons/i,CW Sermon I: Proverbs 11:30,cw-sermons,True
cw-sermon-ii,cw/sermons/ii,CW Sermon II: Psalm 91:11,cw-sermons,True
cw-sermon-iii,cw/sermons/iii,CW Sermon III: Luke 16:10,cw-sermons,True
cw-sermon-iv,cw/sermons/iv,CW Sermon IV: Matthew 5:20,cw-sermons,True
cw-sermon-v,cw/sermons/v,CW Sermon V: Luke 10:42,cw-sermons,True
cw-sermon-vi,cw/sermons/vi,CW Sermon VI: John 13:7,cw-sermons,True
cw-sermon-vii,cw/sermons/vii,CW Sermon VII: Psalm 126:6,cw-sermons,True
cw-sermon-viii,cw/sermons/viii,CW Sermon VIII: Matthew 6:22-23,cw-sermons,True
cw-sermon-ix,cw/sermons/ix,CW Sermon IX: Mark 12:30,cw-sermons,True
cw-sermon-x,cw/sermons/x,CW Sermon X: Exodus 20:8,cw-sermons,True
cw-sermon-xi,cw/sermons/xi,CW Sermon XI: Philippians 3:13-14,cw-sermons,True
cw-sermon-xii,cw/sermons/xii,CW Sermon XII: 1 Kings 18:21,cw-sermons,True
jw-sermon-cw1816-xiii,jw/duplicates/sermon-cw1816-xiii,JW Sermon (in CW 1816): Job 3:17,jw-sermons-duplicate,False
cw-on-sight-of-corpse,cw/works/on-sight-of-corpse,On the Sight of a Corpse,cw-works,True
cw-1816-memoir,cw/works/1816-memoir,Memoir of Charles Wesley (1816),cw-works,True
jw-primitive-physick,jw/works/primitive-physick,"Primitive Physick (14th ed., 1770)",jw-works,False
cw-duke-hymns-and-sacred-poems-1739-cw-verse,cw/hymns/hymns-and-sacred-poems-1739-cw-verse,Hymns and Sacred Poems (1739) CW Verse,cw-hymns-collection-placeholder,True
cw-duke-universal-redemption-1739,cw/works/duke-universal-redemption-1739,Universal Redemption (1739),cw-works,True
cw-duke-means-of-grace-1740,cw/works/duke-means-of-grace-1740,Means of Grace (1740),cw-works,True
cw-duke-life-of-faith-1740,cw/hymns/life-of-faith-1740,Life of Faith (1740),cw-hymns-collection-placeholder,True
cw-duke-hymns-and-sacred-poems-1740,cw/hymns/hymns-and-sacred-poems-1740,Hymns and Sacred Poems (1740),cw-hymns-collection-placeholder,True
cw-duke-collection-of-psalms-and-hymns-1741-cw-verse,cw/hymns/collection-of-psalms-and-hymns-1741-cw-verse,Collection of Psalms and Hymns (1741) CW verse,cw-hymns-collection-placeholder,True
cw-duke-hymns-on-gods-everlasting-love-1741,cw/hymns/hymns-on-gods-everlasting-love-1741,Hymns on God's Everlasting Love (1741),cw-hymns-collection-placeholder,True
cw-duke-promise-of-sanctification-1741,cw/works/duke-promise-of-sanctification-1741,Promise of Sanctification (1741),cw-works,True
cw-duke-hymns-on-gods-everlasting-love-1742,cw/hymns/hymns-on-gods-everlasting-love-1742,Hymns on God's Everlasting Love (1742),cw-hymns-collection-placeholder,True
cw-duke-hymns-and-sacred-poems-1742,cw/hymns/hymns-and-sacred-poems-1742,Hymns and Sacred Poems (1742),cw-hymns-collection-placeholder,True
cw-duke-whole-armour-of-god-1742,cw/works/duke-whole-armour-of-god-1742,Whole Armour of God (1742),cw-works,True
cw-duke-taking-of-jericho-1742,cw/works/duke-taking-of-jericho-1742,Taking of Jericho  (1742),cw-works,True
cw-duke-elegy-on-robert-jones-1742,cw/hymns/elegy-on-robert-jones-1742,Elegy on Robert Jones (1742),cw-hymns-collection-placeholder,True
cw-duke-fourteenth-chapter-of-isaiah-1742,cw/works/duke-fourteenth-chapter-of-isaiah-1742,Fourteenth Chapter of Isaiah  (1742),cw-works,True
cw-duke-thanksgiving-for-colliers-1742,cw/works/duke-thanksgiving-for-colliers-1742,Thanksgiving for Colliers  (1742),cw-works,True
cw-duke-hymn-for-condemned-prisoners-1742,cw/works/duke-hymn-for-condemned-prisoners-1742,Hymn for Condemned Prisoners  (1742),cw-works,True
cw-duke-psalms-1743,cw/hymns/psalms-1743,Psalms (1743),cw-hymns-collection-placeholder,True
cw-duke-prayer-for-those-convinced-of-sin-1743,cw/works/duke-prayer-for-those-convinced-of-sin-1743,Prayer for Those Convinced of Sin (1743),cw-works,True
cw-duke-primitive-christianity-1743,cw/works/duke-primitive-christianity-1743,Primitive Christianity (1743),cw-works,True
cw-duke-hymn-for-christmas-day-1743,cw/works/duke-hymn-for-christmas-day-1743,Hymn for Christmas Day (1743),cw-works,True
cw-duke-moral-and-sacred-poems-3-206ff-1744,cw/hymns/moral-and-sacred-poems-3-206ff-1744,Moral and Sacred Poems 3-206ff (1744),cw-hymns-collection-placeholder,True
cw-duke-hymns-for-times-of-trouble-1744,cw/hymns/hymns-for-times-of-trouble-1744,Hymns for Times of Trouble (1744),cw-hymns-collection-placeholder,True
cw-duke-hymns-for-times-of-trouble-and-persecution-1744,cw/hymns/hymns-for-times-of-trouble-and-persecution-1744,Hymns for Times of Trouble and Persecution (1744),cw-hymns-collection-placeholder,True
cw-duke-bloody-issue-1744,cw/works/duke-bloody-issue-1744,Bloody Issue (1744),cw-works,True
cw-duke-hymns-for-christmas-day-1744,cw/works/duke-hymns-for-christmas-day-1744,Hymns for Christmas Day (1744),cw-works,True
cw-duke-act-of-devotion-1745,cw/works/duke-act-of-devotion-1745,Act of Devotion (1745),cw-works,True
cw-duke-hymns-on-the-lords-supper-1745,cw/hymns/hymns-on-the-lords-supper-1745,Hymns on the Lord's Supper (1745),cw-hymns-collection-placeholder,True
cw-duke-hymns-in-difference-with-moravians-1745,cw/hymns/hymns-in-difference-with-moravians-1745,Hymns in Difference with Moravians (1745),cw-hymns-collection-placeholder,True
cw-duke-hymns-from-jeremiah-1745,cw/works/duke-hymns-from-jeremiah-1745,Hymns from Jeremiah (1745),cw-works,True
cw-duke-hymns-in-word-in-season-1745,cw/works/duke-hymns-in-word-in-season-1745,Hymns in Word in Season (1745),cw-works,True
cw-duke-nativity-hymns-1745,cw/hymns/nativity-hymns-1745,Nativity Hymns (1745),cw-hymns-collection-placeholder,True
cw-duke-hymns-in-word-for-a-protestant-1745,cw/works/duke-hymns-in-word-for-a-protestant-1745,Hymns in Word for a Protestant (1745),cw-works,True
cw-duke-hymns-for-1745,cw/hymns/hymns-for-1745,Hymns for 1745,cw-hymns-collection-placeholder,True
cw-duke-funeral-hymns-1746,cw/hymns/funeral-hymns-1746,Funeral Hymns (1746),cw-hymns-collection-placeholder,True
cw-duke-resurrection-hymns-1746,cw/hymns/resurrection-hymns-1746,Resurrection Hymns (1746),cw-hymns-collection-placeholder,True
cw-duke-ascension-hymns-1746,cw/hymns/ascension-hymns-1746,Ascension Hymns (1746),cw-hymns-collection-placeholder,True
cw-duke-whitsunday-hymns-1746,cw/hymns/whitsunday-hymns-1746,Whitsunday Hymns (1746),cw-hymns-collection-placeholder,True
cw-duke-festival-hymns-1746,cw/hymns/festival-hymns-1746,Festival Hymns (1746),cw-hymns-collection-placeholder,True
cw-duke-thanksgiving-hymns-1746,cw/hymns/thanksgiving-hymns-1746,Thanksgiving Hymns (1746),cw-hymns-collection-placeholder,True
cw-duke-gloria-patri-1746,cw/hymns/gloria-patri-1746,Gloria Patri (1746),cw-hymns-collection-placeholder,True
cw-duke-graces-1746,cw/hymns/graces-1746,Graces (1746),cw-hymns-collection-placeholder,True
cw-duke-hymn-at-the-sacrament-1747,cw/works/duke-hymn-at-the-sacrament-1747,Hymn at the Sacrament (1747),cw-works,True
cw-duke-person-bearing-testimony-1747,cw/works/duke-person-bearing-testimony-1747,Person Bearing Testimony (1747),cw-works,True
cw-duke-redemption-hymns-1747,cw/hymns/redemption-hymns-1747,Redemption Hymns (1747),cw-hymns-collection-placeholder,True
cw-duke-hymns-and-sacred-poems-1749-vol-1,cw/hymns/hymns-and-sacred-poems-1749-vol-1,Hymns and Sacred Poems (1749) Vol 1,cw-hymns-collection-placeholder,True
cw-duke-hymns-and-sacred-poems-1749-vol-2,cw/hymns/hymns-and-sacred-poems-1749-vol-2,Hymns and Sacred Poems (1749) Vol 2,cw-hymns-collection-placeholder,True
cw-duke-new-years-hymns-1749,cw/hymns/new-years-hymns-1749,New Years Hymns (1749),cw-hymns-collection-placeholder,True
cw-duke-earthquake-hymns-1750-pt-i,cw/hymns/earthquake-hymns-1750-pt-i,Earthquake Hymns (1750) Pt I,cw-hymns-collection-placeholder,True
cw-duke-earthquake-hymns-1750-pt-ii,cw/hymns/earthquake-hymns-1750-pt-ii,Earthquake Hymns (1750) Pt II,cw-hymns-collection-placeholder,True
cw-duke-death-of-thomas-hogg-1750,cw/works/duke-death-of-thomas-hogg-1750,Death of Thomas Hogg (1750),cw-works,True
cw-duke-epistle-to-john-wesley-1755,cw/hymns/epistle-to-john-wesley-1755,Epistle to John Wesley (1755),cw-hymns-collection-placeholder,True
cw-duke-catholic-love-1755,cw/works/duke-catholic-love-1755,Catholic Love (1755),cw-works,True
cw-duke-hymn-on-the-lisbon-earthquake-1756,cw/works/duke-hymn-on-the-lisbon-earthquake-1756,Hymn on the Lisbon Earthquake (1756),cw-works,True
cw-duke-hymns-for-the-year-1756,cw/hymns/hymns-for-the-year-1756,Hymns for the Year 1756,cw-hymns-collection-placeholder,True
cw-duke-additional-hymns-for-1756,cw/works/duke-additional-hymns-for-1756,Additional Hymns for 1756,cw-works,True
cw-duke-intercession-hymns-1758,cw/hymns/intercession-hymns-1758,Intercession Hymns (1758),cw-hymns-collection-placeholder,True
cw-duke-intercession-hymns-1759,cw/hymns/intercession-hymns-1759,Intercession Hymns (1759),cw-hymns-collection-placeholder,True
cw-duke-funeral-hymns-1759,cw/hymns/funeral-hymns-1759,Funeral Hymns (1759),cw-hymns-collection-placeholder,True
cw-duke-invasion-hymns-1759,cw/hymns/invasion-hymns-1759,Invasion Hymns (1759),cw-hymns-collection-placeholder,True
cw-duke-hymn-for-the-people-of-custrin-1759,cw/works/duke-hymn-for-the-people-of-custrin-1759,Hymn for the People of Custrin (1759),cw-works,True
cw-duke-thanksgiving-hymns-1759,cw/hymns/thanksgiving-hymns-1759,Thanksgiving Hymns (1759),cw-hymns-collection-placeholder,True
cw-duke-hymns-for-the-methodist-preachers-1760,cw/hymns/hymns-for-the-methodist-preachers-1760,Hymns for the Methodist Preachers (1760),cw-hymns-collection-placeholder,True
cw-duke-scripture-hymns-1762-vol-1,cw/hymns/scripture-hymns-1762-vol-1,Scripture Hymns (1762) Vol 1,cw-hymns-collection-placeholder,True
cw-duke-scripture-hymns-1762-vol-2,cw/hymns/scripture-hymns-1762-vol-2,Scripture Hymns (1762) Vol 2,cw-hymns-collection-placeholder,True
cw-duke-hymns-for-children-1763,cw/hymns/hymns-for-children-1763,Hymns for Children (1763),cw-hymns-collection-placeholder,True
cw-duke-family-hymns-1767,cw/hymns/family-hymns-1767,Family Hymns (1767),cw-hymns-collection-placeholder,True
cw-duke-trinity-hymns-1767,cw/hymns/trinity-hymns-1767,Trinity Hymns (1767),cw-hymns-collection-placeholder,True
cw-duke-hymn-for-mary-langson-1770,cw/works/duke-hymn-for-mary-langson-1770,Hymn for Mary Langson (1770),cw-works,True
cw-duke-hymn-for-whitefield-1770,cw/works/duke-hymn-for-whitefield-1770,Hymn for Whitefield (1770),cw-works,True
cw-duke-elegy-on-whitefield-1771,cw/hymns/elegy-on-whitefield-1771,Elegy on Whitefield (1771),cw-hymns-collection-placeholder,True
cw-duke-epistle-to-whitefield-1771,cw/works/duke-epistle-to-whitefield-1771,Epistle to Whitefield (1771),cw-works,True
cw-duke-preparation-for-death-1772,cw/hymns/preparation-for-death-1772,Preparation for Death (1772),cw-hymns-collection-placeholder,True
cw-duke-arminian-magazine-1778-87,cw/hymns/arminian-magazine-1778-87,Arminian Magazine (1778-87),cw-hymns-collection-placeholder,True
cw-duke-ode-on-dr-boyce-1779,cw/works/duke-ode-on-dr-boyce-1779,Ode on Dr Boyce (1779),cw-works,True
cw-duke-hymn-for-john-wesley-1779,cw/works/duke-hymn-for-john-wesley-1779,Hymn for John Wesley (1779),cw-works,True
cw-duke-tumult-hymns-1780,cw/hymns/tumult-hymns-1780,Tumult Hymns (1780),cw-hymns-collection-placeholder,True
cw-duke-protestant-association-1781,cw/hymns/protestant-association-1781,Protestant Association (1781),cw-hymns-collection-placeholder,True
cw-duke-hymns-for-the-nation-1781,cw/hymns/hymns-for-the-nation-1781,Hymns for the Nation (1781),cw-hymns-collection-placeholder,True
cw-duke-hymns-for-the-national-fast-1782,cw/hymns/hymns-for-the-national-fast-1782,Hymns for the National Fast (1782),cw-hymns-collection-placeholder,True
cw-duke-prayers-for-condemned-malefactors-1785,cw/hymns/prayers-for-condemned-malefactors-1785,Prayers for Condemned Malefactors (1785),cw-hymns-collection-placeholder,True
cw-duke-hymns-and-sacred-poems-1747,cw/hymns/hymns-and-sacred-poems-1747,Hymns and Sacred Poems (1747),cw-hymns-collection-placeholder,True
cw-duke-watchnight-hymns-1750,cw/hymns/watchnight-hymns-1750,Watchnight Hymns (1750),cw-hymns-collection-placeholder,True
cw-duke-answer-to-gill-1754,cw/hymns/answer-to-gill-1754,Answer to Gill (1754),cw-hymns-collection-placeholder,True
cw-duke-all-in-all-1761,cw/hymns/all-in-all-1761,All in All (1761),cw-hymns-collection-placeholder,True
jw-minutes-conferences-1744-1798,jw/works/minutes-conferences-1744-1798,Minutes of the Methodist Conferences (1744-1798),jw-works,True
jw-notes-nt,jw/notes-nt,Explanatory Notes Upon the New Testament,jw-notes-nt-placeholder,True
jw-journal-vol1-3,jw/journal/vol/vol1-3,Journal Vol1 3,jw-journal-placeholder,True
jw-journal-vol4-7,jw/journal/vol/vol4-7,Journal Vol4 7,jw-journal-placeholder,True
jw-journal-1760-to-1773,jw/journal/vol/1760-to-1773,To 1773,jw-journal-placeholder,True
jw-journal-1773-to-1776,jw/journal/vol/1773-to-1776,To 1776,jw-journal-placeholder,True
jw-sermon-001,jw/sermons/001,Salvation by Faith,jw-sermons,True
jw-sermon-002,jw/sermons/002,The Almost Christian,jw-sermons,True
jw-sermon-003,jw/sermons/003,Awake Thou That Sleepest,jw-sermons,True
jw-sermon-004,jw/sermons/004,Scriptural Christianity,jw-sermons,True
jw-sermon-005,jw/sermons/005,Justification by Faith,jw-sermons,True
jw-sermon-006,jw/sermons/006,The Righteousness of Faith,jw-sermons,True
jw-sermon-007,jw/sermons/007,The Way to the Kingdom,jw-sermons,True
jw-sermon-008,jw/sermons/008,The First Fruits of the Spirit,jw-sermons,True
jw-sermon-009,jw/sermons/009,The Spirit of Bondage and of Adoption,jw-sermons,True
jw-sermon-010,jw/sermons/010,"The Witness of the Spirit, Discourse I",jw-sermons,True
jw-sermon-011,jw/sermons/011,"The Witness of the Spirit, Discourse II",jw-sermons,True
jw-sermon-012,jw/sermons/012,The Witness of Our Own Spirit,jw-sermons,True
jw-sermon-013,jw/sermons/013,On Sin in Believers,jw-sermons,True
jw-sermon-014,jw/sermons/014,The Repentance of Believers,jw-sermons,True
jw-sermon-015,jw/sermons/015,The Great Assize,jw-sermons,True
jw-sermon-017,jw/sermons/017,The Circumcision of the Heart,jw-sermons,True
jw-sermon-018,jw/sermons/018,The Marks of the New Birth,jw-sermons,True
jw-sermon-019,jw/sermons/019,The Great Privilege of Those Born of God,jw-sermons,True
jw-sermon-020,jw/sermons/020,The Lord Our Righteousness,jw-sermons,True
jw-sermon-021,jw/sermons/021,Upon Our Lords Sermon on the Mount I,jw-sermons,True
jw-sermon-022,jw/sermons/022,Upon Our Lords Sermon on the Mount II,jw-sermons,True
jw-sermon-023,jw/sermons/023,Upon Our Lord's Sermon on the Mount III,jw-sermons,True
jw-sermon-024,jw/sermons/024,Upon Our Lord's Sermon on the Mount IV,jw-sermons,True
jw-sermon-025,jw/sermons/025,Upon Our Lord's Sermon on the Mount V,jw-sermons,True
jw-sermon-026,jw/sermons/026,Upon Our Lord's Sermon on the Mount VI,jw-sermons,True
jw-sermon-027,jw/sermons/027,Upon Our Lord's Sermon on the Mount VII,jw-sermons,True
jw-sermon-028,jw/sermons/028,Upon Our Lord's Sermon on the Mount VIII,jw-sermons,True
jw-sermon-029,jw/sermons/029,Upon Our Lord's Sermon on the Mount IX,jw-sermons,True
jw-sermon-030,jw/sermons/030,Upon Our Lord's Sermon on the Mount X,jw-sermons,True
jw-sermon-031,jw/sermons/031,Upon Our Lord's Sermon on the Mount XI,jw-sermons,True
jw-sermon-032,jw/sermons/032,Upon Our Lord's Sermon on the Mount XII,jw-sermons,True
jw-sermon-033,jw/sermons/033,Upon Our Lord's Sermon on the Mount XIII,jw-sermons,True
jw-sermon-034,jw/sermons/034,"The Original, Nature, Properties, and Use of the Law",jw-sermons,True
jw-sermon-035,jw/sermons/035,The Law Established Through Faith I,jw-sermons,True
jw-sermon-036,jw/sermons/036,The Law Established Through Faith II,jw-sermons,True
jw-sermon-037,jw/sermons/037,The Nature of Enthusiasm,jw-sermons,True
jw-sermon-038,jw/sermons/038,A Caution Against Bigotry,jw-sermons,True
jw-sermon-040,jw/sermons/040,Christian Perfection,jw-sermons,True
jw-sermon-041,jw/sermons/041,Wandering Thoughts,jw-sermons,True
jw-sermon-042,jw/sermons/042,Satan's Devices,jw-sermons,True
jw-sermon-043,jw/sermons/043,The Scripture Way of Salvation,jw-sermons,True
jw-sermon-044,jw/sermons/044,Original Sin,jw-sermons,True
jw-sermon-045,jw/sermons/045,The New Birth,jw-sermons,True
jw-sermon-046,jw/sermons/046,The Wilderness State,jw-sermons,True
jw-sermon-047,jw/sermons/047,Heaviness Through Manifold Temptations,jw-sermons,True
jw-sermon-048,jw/sermons/048,Self-Denial,jw-sermons,True
jw-sermon-049,jw/sermons/049,The Cure of Evil-Speaking,jw-sermons,True
jw-sermon-050,jw/sermons/050,The Use of Money,jw-sermons,True
jw-sermon-051,jw/sermons/051,The Good Steward,jw-sermons,True
jw-sermon-052,jw/sermons/052,The Reformation of Manners,jw-sermons,True
jw-sermon-054,jw/sermons/054,On Eternity,jw-sermons,True
jw-sermon-055,jw/sermons/055,On the Trinity,jw-sermons,True
jw-sermon-056,jw/sermons/056,God's Approbation of His Works,jw-sermons,True
jw-sermon-057,jw/sermons/057,On the Fall of Man,jw-sermons,True
jw-sermon-058,jw/sermons/058,On Predestination,jw-sermons,True
jw-sermon-059,jw/sermons/059,God's Love to Fallen Man,jw-sermons,True
jw-sermon-060,jw/sermons/060,The General Deliverance,jw-sermons,True
jw-sermon-061,jw/sermons/061,The Mystery of Iniquity,jw-sermons,True
jw-sermon-062,jw/sermons/062,The End of Christ's Coming,jw-sermons,True
jw-sermon-063,jw/sermons/063,The General Spread of the Gospel,jw-sermons,True
jw-sermon-064,jw/sermons/064,The New Creation,jw-sermons,True
jw-sermon-065,jw/sermons/065,The Duty of Reproving Our Neighbour,jw-sermons,True
jw-sermon-066,jw/sermons/066,The Signs of the Times,jw-sermons,True
jw-sermon-067,jw/sermons/067,On Divine Providence,jw-sermons,True
jw-sermon-068,jw/sermons/068,The Wisdom of God's Counsels,jw-sermons,True
jw-sermon-069,jw/sermons/069,The Imperfection of Human Knowledge,jw-sermons,True
jw-sermon-070,jw/sermons/070,The Case of Reason Impartially Considered,jw-sermons,True
jw-sermon-071,jw/sermons/071,Of Good Angels,jw-sermons,True
jw-sermon-072,jw/sermons/072,Of Evil Angels,jw-sermons,True
jw-sermon-073,jw/sermons/073,Of Hell,jw-sermons,True
jw-sermon-074,jw/sermons/074,Of the Church,jw-sermons,True
jw-sermon-075,jw/sermons/075,On Schism,jw-sermons,True
jw-sermon-076,jw/sermons/076,On Perfection,jw-sermons,True
jw-sermon-077,jw/sermons/077,Spiritual Worship,jw-sermons,True
jw-sermon-078,jw/sermons/078,Spiritual Idolatry,jw-sermons,True
jw-sermon-079,jw/sermons/079,On Dissipation,jw-sermons,True
jw-sermon-080,jw/sermons/080,On Friendship with the World,jw-sermons,True
jw-sermon-081,jw/sermons/081,In What Sense Are We to Leave the World,jw-sermons,True
jw-sermon-082,jw/sermons/082,On Temptation,jw-sermons,True
jw-sermon-083,jw/sermons/083,On Patience,jw-sermons,True
jw-sermon-084,jw/sermons/084,The Important Question,jw-sermons,True
jw-sermon-085,jw/sermons/085,On Working Out Our Own Salvation,jw-sermons,True
jw-sermon-087,jw/sermons/087,The Danger of Riches,jw-sermons,True
jw-sermon-088,jw/sermons/088,On Dress,jw-sermons,True
jw-sermon-089,jw/sermons/089,The More Excellent Way,jw-sermons,True
jw-sermon-090,jw/sermons/090,An Israelite Indeed,jw-sermons,True
jw-sermon-091,jw/sermons/091,On Charity,jw-sermons,True
jw-sermon-092,jw/sermons/092,On Zeal,jw-sermons,True
jw-sermon-093,jw/sermons/093,On Redeeming the Time,jw-sermons,True
jw-sermon-094,jw/sermons/094,Sermon 094,jw-sermons,True
jw-sermon-095,jw/sermons/095,Sermon 095,jw-sermons,True
jw-sermon-096,jw/sermons/096,Sermon 096,jw-sermons,True
jw-sermon-097,jw/sermons/097,Sermon 097,jw-sermons,True
jw-sermon-098,jw/sermons/098,On Visiting the Sick,jw-sermons,True
jw-sermon-099,jw/sermons/099,Sermon 099,jw-sermons,True
jw-sermon-100,jw/sermons/100,Sermon 100,jw-sermons,True
jw-sermon-101,jw/sermons/101,Sermon 101,jw-sermons,True
jw-sermon-102,jw/sermons/102,Sermon 102,jw-sermons,True
jw-sermon-103,jw/sermons/103,Sermon 103,jw-sermons,True
jw-sermon-104,jw/sermons/104,Sermon 104,jw-sermons,True
jw-sermon-105,jw/sermons/105,Sermon 105,jw-sermons,True
jw-sermon-106,jw/sermons/106,Sermon 106,jw-sermons,True
jw-sermon-107,jw/sermons/107,Sermon 107,jw-sermons,True
jw-sermon-108,jw/sermons/108,Sermon 108,jw-sermons,True
jw-sermon-109,jw/sermons/116,Sermon 109,jw-sermons,True
jw-sermon-110,jw/sermons/117,Sermon 110,jw-sermons,True
jw-sermon-111,jw/sermons/118,Sermon 111,jw-sermons,True
jw-sermon-112,jw/sermons/115,The Rich Man and Lazarus,jw-sermons,True
jw-sermon-113,jw/sermons/119,Sermon 113,jw-sermons,True
jw-sermon-114,jw/sermons/120,Sermon 114,jw-sermons,True
jw-sermon-115,jw/sermons/121,Sermon 115,jw-sermons,True
jw-sermon-116,jw/sermons/122,Sermon 116,jw-sermons,True
jw-sermon-117,jw/sermons/123,Sermon 117,jw-sermons,True
jw-sermon-118,jw/sermons/125,Sermon 118,jw-sermons,True
jw-sermon-119,jw/sermons/126,Sermon 119,jw-sermons,True
jw-sermon-120,jw/sermons/127,On the Wedding Garment,jw-sermons,True
jw-sermon-121,jw/sermons/124,Sermon 121,jw-sermons,True
jw-sermon-122,jw/sermons/132,Sermon 122,jw-sermons,True
jw-sermon-123,jw/sermons/128,Sermon 123,jw-sermons,True
jw-sermon-124,jw/sermons/129,Sermon 124,jw-sermons,True
jw-sermon-125,jw/sermons/130,Sermon 125,jw-sermons,True
jw-sermon-126,jw/sermons/131,Sermon 126,jw-sermons,True
jw-sermon-127,jw/sermons/109,Sermon 127,jw-sermons,True
jw-sermon-130,jw/sermons/111,Sermon 130,jw-sermons,True
jw-sermon-131,jw/sermons/113,Sermon 131,jw-sermons,True
jw-sermon-132,jw/sermons/112,Sermon 132,jw-sermons,True
jw-sermon-133,jw/sermons/114,Sermon 133,jw-sermons,True
jw-sermon-134,jw/sermons/150,Sermon 134,jw-sermons,True
jw-sermon-135,jw/sermons/136,Sermon 135,jw-sermons,True
jw-sermon-136,jw/sermons/137,Sermon 136,jw-sermons,True
jw-sermon-138,jw/misattributed/sermon-138,Sermon 138,jw-sermons-misattributed,False
jw-sermon-139,jw/sermons/149,Sermon 139,jw-sermons,True
jw-sermon-140,jw/sermons/143,Sermon 140,jw-sermons,True
jw-sermon-141,jw/misattributed/sermon-141,Sermon 141,jw-sermons-misattributed,False
